timestamp,service_name,severity,error_code,message,trace_id
2026-07-19 00:00:00,gateway-service,INFO,,Gateway routing configurations successfully reloaded. Active routes: /api/v1/*,
2026-07-19 00:00:00,auth-service,INFO,,Session cleaner worker run completed. Cleaned 0 expired tokens.,
2026-07-19 00:00:00,order-service,INFO,,Heartbeat check: Database is reachable. Active connections: 3.,
2026-07-19 00:00:00,inventory-service,INFO,,Stock sync worker ran successfully. 0 items update required.,
2026-07-19 00:00:00,payment-service,INFO,,Gateway healthcheck: stripe connectivity OK.,
2026-07-19 01:00:00,gateway-service,INFO,,Gateway routing configurations successfully reloaded. Active routes: /api/v1/*,
2026-07-19 01:00:00,auth-service,INFO,,Session cleaner worker run completed. Cleaned 0 expired tokens.,
2026-07-19 01:00:00,order-service,INFO,,Heartbeat check: Database is reachable. Active connections: 3.,
2026-07-19 01:00:00,inventory-service,INFO,,Stock sync worker ran successfully. 0 items update required.,
2026-07-19 01:00:00,payment-service,INFO,,Gateway healthcheck: stripe connectivity OK.,
2026-07-19 02:00:00,gateway-service,INFO,,Gateway routing configurations successfully reloaded. Active routes: /api/v1/*,
2026-07-19 02:00:00,auth-service,INFO,,Session cleaner worker run completed. Cleaned 0 expired tokens.,
2026-07-19 02:00:00,order-service,INFO,,Heartbeat check: Database is reachable. Active connections: 3.,
2026-07-19 02:00:00,inventory-service,INFO,,Stock sync worker ran successfully. 0 items update required.,
2026-07-19 02:00:00,payment-service,INFO,,Gateway healthcheck: stripe connectivity OK.,
2026-07-19 02:35:00,gateway-service,INFO,,"Inbound Request: POST /api/v1/orders/checkout, User: 83147",475f4d1179a2cf13
2026-07-19 02:35:00,auth-service,INFO,,Token validation successful for user 83147,475f4d1179a2cf13
2026-07-19 02:35:00,order-service,INFO,,Creating order 56818 for user 83147. Checking inventory...,475f4d1179a2cf13
2026-07-19 02:35:00,inventory-service,INFO,,Stock check: Item available in warehouse. Reserving stock.,475f4d1179a2cf13
2026-07-19 02:35:00,order-service,INFO,,Inventory reservation confirmed. Initiating payment for order 56818...,475f4d1179a2cf13
2026-07-19 02:35:00,payment-service,INFO,,Authorizing payment via credit card for amount: $45.99. Order 56818,475f4d1179a2cf13
2026-07-19 02:35:00,payment-service,INFO,,Payment transaction successful. AuthCode: stripe_ch_9c3877df,475f4d1179a2cf13
2026-07-19 02:35:00,order-service,INFO,,Payment successful. Confirming order status to PLACED. Order 56818,475f4d1179a2cf13
2026-07-19 02:35:00,gateway-service,INFO,,Inbound Request POST /api/v1/orders/checkout completed with 201 Created. Trace ID: 475f4d1179a2cf13,475f4d1179a2cf13
2026-07-19 03:00:00,gateway-service,INFO,,Gateway routing configurations successfully reloaded. Active routes: /api/v1/*,
2026-07-19 03:00:00,auth-service,INFO,,Session cleaner worker run completed. Cleaned 0 expired tokens.,
2026-07-19 03:00:00,order-service,INFO,,Heartbeat check: Database is reachable. Active connections: 3.,
2026-07-19 03:00:00,inventory-service,INFO,,Stock sync worker ran successfully. 0 items update required.,
2026-07-19 03:00:00,payment-service,INFO,,Gateway healthcheck: stripe connectivity OK.,
2026-07-19 04:00:00,gateway-service,INFO,,Gateway routing configurations successfully reloaded. Active routes: /api/v1/*,
2026-07-19 04:00:00,auth-service,INFO,,Session cleaner worker run completed. Cleaned 0 expired tokens.,
2026-07-19 04:00:00,order-service,INFO,,Heartbeat check: Database is reachable. Active connections: 3.,
2026-07-19 04:00:00,inventory-service,INFO,,Stock sync worker ran successfully. 0 items update required.,
2026-07-19 04:00:00,payment-service,INFO,,Gateway healthcheck: stripe connectivity OK.,
2026-07-19 05:00:00,gateway-service,INFO,,Gateway routing configurations successfully reloaded. Active routes: /api/v1/*,
2026-07-19 05:00:00,auth-service,INFO,,Session cleaner worker run completed. Cleaned 0 expired tokens.,
2026-07-19 05:00:00,order-service,INFO,,Heartbeat check: Database is reachable. Active connections: 3.,
2026-07-19 05:00:00,inventory-service,INFO,,Stock sync worker ran successfully. 0 items update required.,
2026-07-19 05:00:00,payment-service,INFO,,Gateway healthcheck: stripe connectivity OK.,
2026-07-19 06:00:00,gateway-service,INFO,,Gateway routing configurations successfully reloaded. Active routes: /api/v1/*,
2026-07-19 06:00:00,auth-service,INFO,,Session cleaner worker run completed. Cleaned 0 expired tokens.,
2026-07-19 06:00:00,order-service,INFO,,Heartbeat check: Database is reachable. Active connections: 5.,
2026-07-19 06:00:00,inventory-service,INFO,,Stock sync worker ran successfully. 0 items update required.,
2026-07-19 06:00:00,payment-service,INFO,,Gateway healthcheck: stripe connectivity OK.,
2026-07-19 07:00:00,gateway-service,INFO,,Gateway routing configurations successfully reloaded. Active routes: /api/v1/*,
2026-07-19 07:00:00,auth-service,INFO,,Session cleaner worker run completed. Cleaned 0 expired tokens.,
2026-07-19 07:00:00,order-service,INFO,,Heartbeat check: Database is reachable. Active connections: 7.,
2026-07-19 07:00:00,inventory-service,INFO,,Stock sync worker ran successfully. 0 items update required.,
2026-07-19 07:00:00,payment-service,INFO,,Gateway healthcheck: stripe connectivity OK.,
2026-07-19 08:00:00,gateway-service,INFO,,Gateway routing configurations successfully reloaded. Active routes: /api/v1/*,
2026-07-19 08:00:00,auth-service,INFO,,Session cleaner worker run completed. Cleaned 0 expired tokens.,
2026-07-19 08:00:00,order-service,INFO,,Heartbeat check: Database is reachable. Active connections: 9.,
2026-07-19 08:00:00,inventory-service,INFO,,Stock sync worker ran successfully. 0 items update required.,
2026-07-19 08:00:00,payment-service,INFO,,Gateway healthcheck: stripe connectivity OK.,
2026-07-19 09:00:00,gateway-service,INFO,,Gateway routing configurations successfully reloaded. Active routes: /api/v1/*,
2026-07-19 09:00:00,auth-service,INFO,,Session cleaner worker run completed. Cleaned 0 expired tokens.,
2026-07-19 09:00:00,order-service,INFO,,Heartbeat check: Database is reachable. Active connections: 10.,
2026-07-19 09:00:00,inventory-service,INFO,,Stock sync worker ran successfully. 0 items update required.,
2026-07-19 09:00:00,payment-service,INFO,,Gateway healthcheck: stripe connectivity OK.,
2026-07-19 10:00:00,gateway-service,INFO,,Gateway routing configurations successfully reloaded. Active routes: /api/v1/*,
2026-07-19 10:00:00,auth-service,INFO,,Session cleaner worker run completed. Cleaned 0 expired tokens.,
2026-07-19 10:00:00,order-service,INFO,,Heartbeat check: Database is reachable. Active connections: 10.,
2026-07-19 10:00:00,inventory-service,INFO,,Stock sync worker ran successfully. 0 items update required.,
2026-07-19 10:00:00,payment-service,INFO,,Gateway healthcheck: stripe connectivity OK.,
2026-07-19 10:05:00,gateway-service,INFO,,"Inbound Request: POST /api/v1/orders/checkout, User: 45038",8084f0dace11238d
2026-07-19 10:05:00,auth-service,INFO,,Token validation successful for user 45038,8084f0dace11238d
2026-07-19 10:05:00,order-service,INFO,,Creating order 56502 for user 45038. Checking inventory...,8084f0dace11238d
2026-07-19 10:05:00,inventory-service,INFO,,Stock check: Item available in warehouse. Reserving stock.,8084f0dace11238d
2026-07-19 10:05:00,order-service,INFO,,Inventory reservation confirmed. Initiating payment for order 56502...,8084f0dace11238d
2026-07-19 10:05:00,payment-service,INFO,,Authorizing payment via credit card for amount: $45.99. Order 56502,8084f0dace11238d
2026-07-19 10:05:00,payment-service,INFO,,Payment transaction successful. AuthCode: stripe_ch_1f73b4d1,8084f0dace11238d
2026-07-19 10:05:00,order-service,INFO,,Payment successful. Confirming order status to PLACED. Order 56502,8084f0dace11238d
2026-07-19 10:05:00,gateway-service,INFO,,Inbound Request POST /api/v1/orders/checkout completed with 201 Created. Trace ID: 8084f0dace11238d,8084f0dace11238d
2026-07-19 11:00:00,gateway-service,INFO,,Gateway routing configurations successfully reloaded. Active routes: /api/v1/*,
2026-07-19 11:00:00,auth-service,INFO,,Session cleaner worker run completed. Cleaned 0 expired tokens.,
2026-07-19 11:00:00,order-service,INFO,,Heartbeat check: Database is reachable. Active connections: 11.,
2026-07-19 11:00:00,inventory-service,INFO,,Stock sync worker ran successfully. 0 items update required.,
2026-07-19 11:00:00,payment-service,INFO,,Gateway healthcheck: stripe connectivity OK.,
2026-07-19 12:00:00,gateway-service,INFO,,Gateway routing configurations successfully reloaded. Active routes: /api/v1/*,
2026-07-19 12:00:00,auth-service,INFO,,Session cleaner worker run completed. Cleaned 0 expired tokens.,
2026-07-19 12:00:00,order-service,INFO,,Heartbeat check: Database is reachable. Active connections: 10.,
2026-07-19 12:00:00,inventory-service,INFO,,Stock sync worker ran successfully. 0 items update required.,
2026-07-19 12:00:00,payment-service,INFO,,Gateway healthcheck: stripe connectivity OK.,
2026-07-19 13:00:00,gateway-service,INFO,,Gateway routing configurations successfully reloaded. Active routes: /api/v1/*,
2026-07-19 13:00:00,auth-service,INFO,,Session cleaner worker run completed. Cleaned 0 expired tokens.,
2026-07-19 13:00:00,order-service,INFO,,Heartbeat check: Database is reachable. Active connections: 10.,
2026-07-19 13:00:00,inventory-service,INFO,,Stock sync worker ran successfully. 0 items update required.,
2026-07-19 13:00:00,payment-service,INFO,,Gateway healthcheck: stripe connectivity OK.,
2026-07-19 14:00:00,gateway-service,INFO,,Gateway routing configurations successfully reloaded. Active routes: /api/v1/*,
2026-07-19 14:00:00,auth-service,INFO,,Session cleaner worker run completed. Cleaned 0 expired tokens.,
2026-07-19 14:00:00,order-service,INFO,,Heartbeat check: Database is reachable. Active connections: 9.,
2026-07-19 14:00:00,inventory-service,INFO,,Stock sync worker ran successfully. 0 items update required.,
2026-07-19 14:00:00,payment-service,INFO,,Gateway healthcheck: stripe connectivity OK.,
2026-07-19 15:00:00,gateway-service,INFO,,Gateway routing configurations successfully reloaded. Active routes: /api/v1/*,
2026-07-19 15:00:00,auth-service,INFO,,Session cleaner worker run completed. Cleaned 0 expired tokens.,
2026-07-19 15:00:00,order-service,INFO,,Heartbeat check: Database is reachable. Active connections: 10.,
2026-07-19 15:00:00,inventory-service,INFO,,Stock sync worker ran successfully. 0 items update required.,
2026-07-19 15:00:00,payment-service,INFO,,Gateway healthcheck: stripe connectivity OK.,
2026-07-19 15:40:00,gateway-service,INFO,,"Inbound Request: POST /api/v1/orders/checkout, User: 77802",ffd894a75454afa3
2026-07-19 15:40:00,auth-service,INFO,,Token validation successful for user 77802,ffd894a75454afa3
2026-07-19 15:40:00,order-service,INFO,,Creating order 53937 for user 77802. Checking inventory...,ffd894a75454afa3
2026-07-19 15:40:00,inventory-service,INFO,,Stock check: Item available in warehouse. Reserving stock.,ffd894a75454afa3
2026-07-19 15:40:00,order-service,INFO,,Inventory reservation confirmed. Initiating payment for order 53937...,ffd894a75454afa3
2026-07-19 15:40:00,payment-service,INFO,,Authorizing payment via credit card for amount: $45.99. Order 53937,ffd894a75454afa3
2026-07-19 15:40:00,payment-service,INFO,,Payment transaction successful. AuthCode: stripe_ch_ecc9aaba,ffd894a75454afa3
2026-07-19 15:40:00,order-service,INFO,,Payment successful. Confirming order status to PLACED. Order 53937,ffd894a75454afa3
2026-07-19 15:40:00,gateway-service,INFO,,Inbound Request POST /api/v1/orders/checkout completed with 201 Created. Trace ID: ffd894a75454afa3,ffd894a75454afa3
2026-07-19 16:00:00,gateway-service,INFO,,Gateway routing configurations successfully reloaded. Active routes: /api/v1/*,
2026-07-19 16:00:00,auth-service,INFO,,Session cleaner worker run completed. Cleaned 0 expired tokens.,
2026-07-19 16:00:00,order-service,INFO,,Heartbeat check: Database is reachable. Active connections: 10.,
2026-07-19 16:00:00,inventory-service,INFO,,Stock sync worker ran successfully. 0 items update required.,
2026-07-19 16:00:00,payment-service,INFO,,Gateway healthcheck: stripe connectivity OK.,
2026-07-19 17:00:00,gateway-service,INFO,,Gateway routing configurations successfully reloaded. Active routes: /api/v1/*,
2026-07-19 17:00:00,auth-service,INFO,,Session cleaner worker run completed. Cleaned 0 expired tokens.,
2026-07-19 17:00:00,order-service,INFO,,Heartbeat check: Database is reachable. Active connections: 10.,
2026-07-19 17:00:00,inventory-service,INFO,,Stock sync worker ran successfully. 0 items update required.,
2026-07-19 17:00:00,payment-service,INFO,,Gateway healthcheck: stripe connectivity OK.,
2026-07-19 18:00:00,gateway-service,INFO,,Gateway routing configurations successfully reloaded. Active routes: /api/v1/*,
2026-07-19 18:00:00,auth-service,INFO,,Session cleaner worker run completed. Cleaned 0 expired tokens.,
2026-07-19 18:00:00,order-service,INFO,,Heartbeat check: Database is reachable. Active connections: 9.,
2026-07-19 18:00:00,inventory-service,INFO,,Stock sync worker ran successfully. 0 items update required.,
2026-07-19 18:00:00,payment-service,INFO,,Gateway healthcheck: stripe connectivity OK.,
2026-07-19 18:10:00,gateway-service,INFO,,"Inbound Request: POST /api/v1/orders/checkout, User: 21471",1acd618bfcafb275
2026-07-19 18:10:00,auth-service,INFO,,Token validation successful for user 21471,1acd618bfcafb275
2026-07-19 18:10:00,order-service,INFO,,Creating order 51200 for user 21471. Checking inventory...,1acd618bfcafb275
2026-07-19 18:10:00,inventory-service,INFO,,Stock check: Item available in warehouse. Reserving stock.,1acd618bfcafb275
2026-07-19 18:10:00,order-service,INFO,,Inventory reservation confirmed. Initiating payment for order 51200...,1acd618bfcafb275
2026-07-19 18:10:00,payment-service,INFO,,Authorizing payment via credit card for amount: $45.99. Order 51200,1acd618bfcafb275
2026-07-19 18:10:00,payment-service,INFO,,Payment transaction successful. AuthCode: stripe_ch_0c89346a,1acd618bfcafb275
2026-07-19 18:10:00,order-service,INFO,,Payment successful. Confirming order status to PLACED. Order 51200,1acd618bfcafb275
2026-07-19 18:10:00,gateway-service,INFO,,Inbound Request POST /api/v1/orders/checkout completed with 201 Created. Trace ID: 1acd618bfcafb275,1acd618bfcafb275
2026-07-19 19:00:00,gateway-service,INFO,,Gateway routing configurations successfully reloaded. Active routes: /api/v1/*,
2026-07-19 19:00:00,auth-service,INFO,,Session cleaner worker run completed. Cleaned 0 expired tokens.,
2026-07-19 19:00:00,order-service,INFO,,Heartbeat check: Database is reachable. Active connections: 9.,
2026-07-19 19:00:00,inventory-service,INFO,,Stock sync worker ran successfully. 0 items update required.,
2026-07-19 19:00:00,payment-service,INFO,,Gateway healthcheck: stripe connectivity OK.,
2026-07-19 20:00:00,gateway-service,INFO,,Gateway routing configurations successfully reloaded. Active routes: /api/v1/*,
2026-07-19 20:00:00,auth-service,INFO,,Session cleaner worker run completed. Cleaned 0 expired tokens.,
2026-07-19 20:00:00,order-service,INFO,,Heartbeat check: Database is reachable. Active connections: 8.,
2026-07-19 20:00:00,inventory-service,INFO,,Stock sync worker ran successfully. 0 items update required.,
2026-07-19 20:00:00,payment-service,INFO,,Gateway healthcheck: stripe connectivity OK.,
2026-07-19 21:00:00,gateway-service,INFO,,Gateway routing configurations successfully reloaded. Active routes: /api/v1/*,
2026-07-19 21:00:00,auth-service,INFO,,Session cleaner worker run completed. Cleaned 0 expired tokens.,
2026-07-19 21:00:00,order-service,INFO,,Heartbeat check: Database is reachable. Active connections: 7.,
2026-07-19 21:00:00,inventory-service,INFO,,Stock sync worker ran successfully. 0 items update required.,
2026-07-19 21:00:00,payment-service,INFO,,Gateway healthcheck: stripe connectivity OK.,
2026-07-19 22:00:00,gateway-service,INFO,,Gateway routing configurations successfully reloaded. Active routes: /api/v1/*,
2026-07-19 22:00:00,auth-service,INFO,,Session cleaner worker run completed. Cleaned 0 expired tokens.,
2026-07-19 22:00:00,order-service,INFO,,Heartbeat check: Database is reachable. Active connections: 6.,
2026-07-19 22:00:00,inventory-service,INFO,,Stock sync worker ran successfully. 0 items update required.,
2026-07-19 22:00:00,payment-service,INFO,,Gateway healthcheck: stripe connectivity OK.,
2026-07-19 23:00:00,gateway-service,INFO,,Gateway routing configurations successfully reloaded. Active routes: /api/v1/*,
2026-07-19 23:00:00,auth-service,INFO,,Session cleaner worker run completed. Cleaned 0 expired tokens.,
2026-07-19 23:00:00,order-service,INFO,,Heartbeat check: Database is reachable. Active connections: 4.,
2026-07-19 23:00:00,inventory-service,INFO,,Stock sync worker ran successfully. 0 items update required.,
2026-07-19 23:00:00,payment-service,INFO,,Gateway healthcheck: stripe connectivity OK.,
2026-07-20 00:00:00,gateway-service,INFO,,Gateway routing configurations successfully reloaded. Active routes: /api/v1/*,
2026-07-20 00:00:00,auth-service,INFO,,Session cleaner worker run completed. Cleaned 0 expired tokens.,
2026-07-20 00:00:00,order-service,INFO,,Heartbeat check: Database is reachable. Active connections: 3.,
2026-07-20 00:00:00,inventory-service,INFO,,Stock sync worker ran successfully. 0 items update required.,
2026-07-20 00:00:00,payment-service,INFO,,Gateway healthcheck: stripe connectivity OK.,
2026-07-20 00:40:00,gateway-service,INFO,,"Inbound Request: POST /api/v1/orders/checkout, User: 72193",34c4850a5b90255a
2026-07-20 00:40:00,auth-service,INFO,,Token validation successful for user 72193,34c4850a5b90255a
2026-07-20 00:40:00,order-service,INFO,,Creating order 50582 for user 72193. Checking inventory...,34c4850a5b90255a
2026-07-20 00:40:00,inventory-service,INFO,,Stock check: Item available in warehouse. Reserving stock.,34c4850a5b90255a
2026-07-20 00:40:00,order-service,INFO,,Inventory reservation confirmed. Initiating payment for order 50582...,34c4850a5b90255a
2026-07-20 00:40:00,payment-service,INFO,,Authorizing payment via credit card for amount: $45.99. Order 50582,34c4850a5b90255a
2026-07-20 00:40:00,payment-service,INFO,,Payment transaction successful. AuthCode: stripe_ch_a7ae85c6,34c4850a5b90255a
2026-07-20 00:40:00,order-service,INFO,,Payment successful. Confirming order status to PLACED. Order 50582,34c4850a5b90255a
2026-07-20 00:40:00,gateway-service,INFO,,Inbound Request POST /api/v1/orders/checkout completed with 201 Created. Trace ID: 34c4850a5b90255a,34c4850a5b90255a
2026-07-20 00:55:00,gateway-service,INFO,,"Inbound Request: POST /api/v1/orders/checkout, User: 67817",ea91708a494e5345
2026-07-20 00:55:00,auth-service,INFO,,Token validation successful for user 67817,ea91708a494e5345
2026-07-20 00:55:00,order-service,INFO,,Creating order 51927 for user 67817. Checking inventory...,ea91708a494e5345
2026-07-20 00:55:00,inventory-service,INFO,,Stock check: Item available in warehouse. Reserving stock.,ea91708a494e5345
2026-07-20 00:55:00,order-service,INFO,,Inventory reservation confirmed. Initiating payment for order 51927...,ea91708a494e5345
2026-07-20 00:55:00,payment-service,INFO,,Authorizing payment via credit card for amount: $45.99. Order 51927,ea91708a494e5345
2026-07-20 00:55:00,payment-service,INFO,,Payment transaction successful. AuthCode: stripe_ch_421f8188,ea91708a494e5345
2026-07-20 00:55:00,order-service,INFO,,Payment successful. Confirming order status to PLACED. Order 51927,ea91708a494e5345
2026-07-20 00:55:00,gateway-service,INFO,,Inbound Request POST /api/v1/orders/checkout completed with 201 Created. Trace ID: ea91708a494e5345,ea91708a494e5345
2026-07-20 01:00:00,gateway-service,INFO,,Gateway routing configurations successfully reloaded. Active routes: /api/v1/*,
2026-07-20 01:00:00,auth-service,INFO,,Session cleaner worker run completed. Cleaned 0 expired tokens.,
2026-07-20 01:00:00,order-service,INFO,,Heartbeat check: Database is reachable. Active connections: 3.,
2026-07-20 01:00:00,inventory-service,INFO,,Stock sync worker ran successfully. 0 items update required.,
2026-07-20 01:00:00,payment-service,INFO,,Gateway healthcheck: stripe connectivity OK.,
2026-07-20 02:00:00,gateway-service,INFO,,Gateway routing configurations successfully reloaded. Active routes: /api/v1/*,
2026-07-20 02:00:00,auth-service,INFO,,Session cleaner worker run completed. Cleaned 0 expired tokens.,
2026-07-20 02:00:00,order-service,INFO,,Heartbeat check: Database is reachable. Active connections: 3.,
2026-07-20 02:00:00,inventory-service,INFO,,Stock sync worker ran successfully. 0 items update required.,
2026-07-20 02:00:00,payment-service,INFO,,Gateway healthcheck: stripe connectivity OK.,
2026-07-20 03:00:00,gateway-service,INFO,,Gateway routing configurations successfully reloaded. Active routes: /api/v1/*,
2026-07-20 03:00:00,auth-service,INFO,,Session cleaner worker run completed. Cleaned 0 expired tokens.,
2026-07-20 03:00:00,order-service,INFO,,Heartbeat check: Database is reachable. Active connections: 3.,
2026-07-20 03:00:00,inventory-service,INFO,,Stock sync worker ran successfully. 0 items update required.,
2026-07-20 03:00:00,payment-service,INFO,,Gateway healthcheck: stripe connectivity OK.,
2026-07-20 04:00:00,gateway-service,INFO,,Gateway routing configurations successfully reloaded. Active routes: /api/v1/*,
2026-07-20 04:00:00,auth-service,INFO,,Session cleaner worker run completed. Cleaned 0 expired tokens.,
2026-07-20 04:00:00,order-service,INFO,,Heartbeat check: Database is reachable. Active connections: 3.,
2026-07-20 04:00:00,inventory-service,INFO,,Stock sync worker ran successfully. 0 items update required.,
2026-07-20 04:00:00,payment-service,INFO,,Gateway healthcheck: stripe connectivity OK.,
2026-07-20 05:00:00,gateway-service,INFO,,Gateway routing configurations successfully reloaded. Active routes: /api/v1/*,
2026-07-20 05:00:00,auth-service,INFO,,Session cleaner worker run completed. Cleaned 0 expired tokens.,
2026-07-20 05:00:00,order-service,INFO,,Heartbeat check: Database is reachable. Active connections: 3.,
2026-07-20 05:00:00,inventory-service,INFO,,Stock sync worker ran successfully. 0 items update required.,
2026-07-20 05:00:00,payment-service,INFO,,Gateway healthcheck: stripe connectivity OK.,
2026-07-20 06:00:00,gateway-service,INFO,,Gateway routing configurations successfully reloaded. Active routes: /api/v1/*,
2026-07-20 06:00:00,auth-service,INFO,,Session cleaner worker run completed. Cleaned 0 expired tokens.,
2026-07-20 06:00:00,order-service,INFO,,Heartbeat check: Database is reachable. Active connections: 6.,
2026-07-20 06:00:00,inventory-service,INFO,,Stock sync worker ran successfully. 0 items update required.,
2026-07-20 06:00:00,payment-service,INFO,,Gateway healthcheck: stripe connectivity OK.,
2026-07-20 07:00:00,gateway-service,INFO,,Gateway routing configurations successfully reloaded. Active routes: /api/v1/*,
2026-07-20 07:00:00,auth-service,INFO,,Session cleaner worker run completed. Cleaned 0 expired tokens.,
2026-07-20 07:00:00,order-service,INFO,,Heartbeat check: Database is reachable. Active connections: 8.,
2026-07-20 07:00:00,inventory-service,INFO,,Stock sync worker ran successfully. 0 items update required.,
2026-07-20 07:00:00,payment-service,INFO,,Gateway healthcheck: stripe connectivity OK.,
2026-07-20 08:00:00,gateway-service,INFO,,Gateway routing configurations successfully reloaded. Active routes: /api/v1/*,
2026-07-20 08:00:00,auth-service,INFO,,Session cleaner worker run completed. Cleaned 0 expired tokens.,
2026-07-20 08:00:00,order-service,INFO,,Heartbeat check: Database is reachable. Active connections: 10.,
2026-07-20 08:00:00,inventory-service,INFO,,Stock sync worker ran successfully. 0 items update required.,
2026-07-20 08:00:00,payment-service,INFO,,Gateway healthcheck: stripe connectivity OK.,
2026-07-20 09:00:00,gateway-service,INFO,,Gateway routing configurations successfully reloaded. Active routes: /api/v1/*,
2026-07-20 09:00:00,auth-service,INFO,,Session cleaner worker run completed. Cleaned 0 expired tokens.,
2026-07-20 09:00:00,order-service,INFO,,Heartbeat check: Database is reachable. Active connections: 11.,
2026-07-20 09:00:00,inventory-service,INFO,,Stock sync worker ran successfully. 0 items update required.,
2026-07-20 09:00:00,payment-service,INFO,,Gateway healthcheck: stripe connectivity OK.,
2026-07-20 10:00:00,gateway-service,INFO,,Gateway routing configurations successfully reloaded. Active routes: /api/v1/*,
2026-07-20 10:00:00,auth-service,INFO,,Session cleaner worker run completed. Cleaned 0 expired tokens.,
2026-07-20 10:00:00,order-service,INFO,,Heartbeat check: Database is reachable. Active connections: 13.,
2026-07-20 10:00:00,inventory-service,INFO,,Stock sync worker ran successfully. 0 items update required.,
2026-07-20 10:00:00,payment-service,INFO,,Gateway healthcheck: stripe connectivity OK.,
2026-07-20 11:00:00,gateway-service,INFO,,Gateway routing configurations successfully reloaded. Active routes: /api/v1/*,
2026-07-20 11:00:00,auth-service,INFO,,Session cleaner worker run completed. Cleaned 0 expired tokens.,
2026-07-20 11:00:00,order-service,INFO,,Heartbeat check: Database is reachable. Active connections: 12.,
2026-07-20 11:00:00,inventory-service,INFO,,Stock sync worker ran successfully. 0 items update required.,
2026-07-20 11:00:00,payment-service,INFO,,Gateway healthcheck: stripe connectivity OK.,
2026-07-20 12:00:00,gateway-service,INFO,,Gateway routing configurations successfully reloaded. Active routes: /api/v1/*,
2026-07-20 12:00:00,auth-service,INFO,,Session cleaner worker run completed. Cleaned 0 expired tokens.,
2026-07-20 12:00:00,order-service,INFO,,Heartbeat check: Database is reachable. Active connections: 13.,
2026-07-20 12:00:00,inventory-service,INFO,,Stock sync worker ran successfully. 0 items update required.,
2026-07-20 12:00:00,payment-service,INFO,,Gateway healthcheck: stripe connectivity OK.,
2026-07-20 13:00:00,gateway-service,INFO,,Gateway routing configurations successfully reloaded. Active routes: /api/v1/*,
2026-07-20 13:00:00,auth-service,INFO,,Session cleaner worker run completed. Cleaned 0 expired tokens.,
2026-07-20 13:00:00,order-service,INFO,,Heartbeat check: Database is reachable. Active connections: 12.,
2026-07-20 13:00:00,inventory-service,INFO,,Stock sync worker ran successfully. 0 items update required.,
2026-07-20 13:00:00,payment-service,INFO,,Gateway healthcheck: stripe connectivity OK.,
2026-07-20 14:00:00,gateway-service,INFO,,Gateway routing configurations successfully reloaded. Active routes: /api/v1/*,
2026-07-20 14:00:00,auth-service,INFO,,Session cleaner worker run completed. Cleaned 0 expired tokens.,
2026-07-20 14:00:00,order-service,INFO,,Heartbeat check: Database is reachable. Active connections: 12.,
2026-07-20 14:00:00,inventory-service,INFO,,Stock sync worker ran successfully. 0 items update required.,
2026-07-20 14:00:00,payment-service,INFO,,Gateway healthcheck: stripe connectivity OK.,
2026-07-20 15:00:00,gateway-service,INFO,,Gateway routing configurations successfully reloaded. Active routes: /api/v1/*,
2026-07-20 15:00:00,auth-service,INFO,,Session cleaner worker run completed. Cleaned 0 expired tokens.,
2026-07-20 15:00:00,order-service,INFO,,Heartbeat check: Database is reachable. Active connections: 11.,
2026-07-20 15:00:00,inventory-service,INFO,,Stock sync worker ran successfully. 0 items update required.,
2026-07-20 15:00:00,payment-service,INFO,,Gateway healthcheck: stripe connectivity OK.,
2026-07-20 16:00:00,gateway-service,INFO,,Gateway routing configurations successfully reloaded. Active routes: /api/v1/*,
2026-07-20 16:00:00,auth-service,INFO,,Session cleaner worker run completed. Cleaned 0 expired tokens.,
2026-07-20 16:00:00,order-service,INFO,,Heartbeat check: Database is reachable. Active connections: 12.,
2026-07-20 16:00:00,inventory-service,INFO,,Stock sync worker ran successfully. 0 items update required.,
2026-07-20 16:00:00,payment-service,INFO,,Gateway healthcheck: stripe connectivity OK.,
2026-07-20 17:00:00,gateway-service,INFO,,Gateway routing configurations successfully reloaded. Active routes: /api/v1/*,
2026-07-20 17:00:00,auth-service,INFO,,Session cleaner worker run completed. Cleaned 0 expired tokens.,
2026-07-20 17:00:00,order-service,INFO,,Heartbeat check: Database is reachable. Active connections: 12.,
2026-07-20 17:00:00,inventory-service,INFO,,Stock sync worker ran successfully. 0 items update required.,
2026-07-20 17:00:00,payment-service,INFO,,Gateway healthcheck: stripe connectivity OK.,
2026-07-20 18:00:00,gateway-service,INFO,,Gateway routing configurations successfully reloaded. Active routes: /api/v1/*,
2026-07-20 18:00:00,auth-service,INFO,,Session cleaner worker run completed. Cleaned 0 expired tokens.,
2026-07-20 18:00:00,order-service,INFO,,Heartbeat check: Database is reachable. Active connections: 11.,
2026-07-20 18:00:00,inventory-service,INFO,,Stock sync worker ran successfully. 0 items update required.,
2026-07-20 18:00:00,payment-service,INFO,,Gateway healthcheck: stripe connectivity OK.,
2026-07-20 18:10:00,gateway-service,INFO,,"Inbound Request: POST /api/v1/orders/checkout, User: 58110",685faeffa072ece2
2026-07-20 18:10:00,auth-service,INFO,,Token validation successful for user 58110,685faeffa072ece2
2026-07-20 18:10:00,order-service,INFO,,Creating order 52184 for user 58110. Checking inventory...,685faeffa072ece2
2026-07-20 18:10:00,inventory-service,INFO,,Stock check: Item available in warehouse. Reserving stock.,685faeffa072ece2
2026-07-20 18:10:00,order-service,INFO,,Inventory reservation confirmed. Initiating payment for order 52184...,685faeffa072ece2
2026-07-20 18:10:00,payment-service,INFO,,Authorizing payment via credit card for amount: $45.99. Order 52184,685faeffa072ece2
2026-07-20 18:10:00,payment-service,INFO,,Payment transaction successful. AuthCode: stripe_ch_8f6651e3,685faeffa072ece2
2026-07-20 18:10:00,order-service,INFO,,Payment successful. Confirming order status to PLACED. Order 52184,685faeffa072ece2
2026-07-20 18:10:00,gateway-service,INFO,,Inbound Request POST /api/v1/orders/checkout completed with 201 Created. Trace ID: 685faeffa072ece2,685faeffa072ece2
2026-07-20 19:00:00,gateway-service,INFO,,Gateway routing configurations successfully reloaded. Active routes: /api/v1/*,
2026-07-20 19:00:00,auth-service,INFO,,Session cleaner worker run completed. Cleaned 0 expired tokens.,
2026-07-20 19:00:00,order-service,INFO,,Heartbeat check: Database is reachable. Active connections: 10.,
2026-07-20 19:00:00,inventory-service,INFO,,Stock sync worker ran successfully. 0 items update required.,
2026-07-20 19:00:00,payment-service,INFO,,Gateway healthcheck: stripe connectivity OK.,
2026-07-20 20:00:00,gateway-service,INFO,,Gateway routing configurations successfully reloaded. Active routes: /api/v1/*,
2026-07-20 20:00:00,auth-service,INFO,,Session cleaner worker run completed. Cleaned 0 expired tokens.,
2026-07-20 20:00:00,order-service,INFO,,Heartbeat check: Database is reachable. Active connections: 10.,
2026-07-20 20:00:00,inventory-service,INFO,,Stock sync worker ran successfully. 0 items update required.,
2026-07-20 20:00:00,payment-service,INFO,,Gateway healthcheck: stripe connectivity OK.,
2026-07-20 21:00:00,gateway-service,INFO,,Gateway routing configurations successfully reloaded. Active routes: /api/v1/*,
2026-07-20 21:00:00,auth-service,INFO,,Session cleaner worker run completed. Cleaned 0 expired tokens.,
2026-07-20 21:00:00,order-service,INFO,,Heartbeat check: Database is reachable. Active connections: 9.,
2026-07-20 21:00:00,inventory-service,INFO,,Stock sync worker ran successfully. 0 items update required.,
2026-07-20 21:00:00,payment-service,INFO,,Gateway healthcheck: stripe connectivity OK.,
2026-07-20 22:00:00,gateway-service,INFO,,Gateway routing configurations successfully reloaded. Active routes: /api/v1/*,
2026-07-20 22:00:00,auth-service,INFO,,Session cleaner worker run completed. Cleaned 0 expired tokens.,
2026-07-20 22:00:00,order-service,INFO,,Heartbeat check: Database is reachable. Active connections: 7.,
2026-07-20 22:00:00,inventory-service,INFO,,Stock sync worker ran successfully. 0 items update required.,
2026-07-20 22:00:00,payment-service,INFO,,Gateway healthcheck: stripe connectivity OK.,
2026-07-20 23:00:00,gateway-service,INFO,,Gateway routing configurations successfully reloaded. Active routes: /api/v1/*,
2026-07-20 23:00:00,auth-service,INFO,,Session cleaner worker run completed. Cleaned 0 expired tokens.,
2026-07-20 23:00:00,order-service,INFO,,Heartbeat check: Database is reachable. Active connections: 5.,
2026-07-20 23:00:00,inventory-service,INFO,,Stock sync worker ran successfully. 0 items update required.,
2026-07-20 23:00:00,payment-service,INFO,,Gateway healthcheck: stripe connectivity OK.,
2026-07-20 23:20:00,gateway-service,INFO,,"Inbound Request: POST /api/v1/orders/checkout, User: 19835",15b623e5efed4c1f
2026-07-20 23:20:00,auth-service,INFO,,Token validation successful for user 19835,15b623e5efed4c1f
2026-07-20 23:20:00,order-service,INFO,,Creating order 54320 for user 19835. Checking inventory...,15b623e5efed4c1f
2026-07-20 23:20:00,inventory-service,INFO,,Stock check: Item available in warehouse. Reserving stock.,15b623e5efed4c1f
2026-07-20 23:20:00,order-service,INFO,,Inventory reservation confirmed. Initiating payment for order 54320...,15b623e5efed4c1f
2026-07-20 23:20:00,payment-service,INFO,,Authorizing payment via credit card for amount: $45.99. Order 54320,15b623e5efed4c1f
2026-07-20 23:20:00,payment-service,INFO,,Payment transaction successful. AuthCode: stripe_ch_59c42272,15b623e5efed4c1f
2026-07-20 23:20:00,order-service,INFO,,Payment successful. Confirming order status to PLACED. Order 54320,15b623e5efed4c1f
2026-07-20 23:20:00,gateway-service,INFO,,Inbound Request POST /api/v1/orders/checkout completed with 201 Created. Trace ID: 15b623e5efed4c1f,15b623e5efed4c1f
2026-07-21 00:00:00,gateway-service,INFO,,Gateway routing configurations successfully reloaded. Active routes: /api/v1/*,
2026-07-21 00:00:00,auth-service,INFO,,Session cleaner worker run completed. Cleaned 0 expired tokens.,
2026-07-21 00:00:00,order-service,INFO,,Heartbeat check: Database is reachable. Active connections: 3.,
2026-07-21 00:00:00,inventory-service,INFO,,Stock sync worker ran successfully. 0 items update required.,
2026-07-21 00:00:00,payment-service,INFO,,Gateway healthcheck: stripe connectivity OK.,
2026-07-21 01:00:00,gateway-service,INFO,,Gateway routing configurations successfully reloaded. Active routes: /api/v1/*,
2026-07-21 01:00:00,auth-service,INFO,,Session cleaner worker run completed. Cleaned 0 expired tokens.,
2026-07-21 01:00:00,order-service,INFO,,Heartbeat check: Database is reachable. Active connections: 3.,
2026-07-21 01:00:00,inventory-service,INFO,,Stock sync worker ran successfully. 0 items update required.,
2026-07-21 01:00:00,payment-service,INFO,,Gateway healthcheck: stripe connectivity OK.,
2026-07-21 02:00:00,gateway-service,INFO,,Gateway routing configurations successfully reloaded. Active routes: /api/v1/*,
2026-07-21 02:00:00,auth-service,INFO,,Session cleaner worker run completed. Cleaned 0 expired tokens.,
2026-07-21 02:00:00,order-service,INFO,,Heartbeat check: Database is reachable. Active connections: 3.,
2026-07-21 02:00:00,inventory-service,INFO,,Stock sync worker ran successfully. 0 items update required.,
2026-07-21 02:00:00,payment-service,INFO,,Gateway healthcheck: stripe connectivity OK.,
2026-07-21 03:00:00,gateway-service,INFO,,Gateway routing configurations successfully reloaded. Active routes: /api/v1/*,
2026-07-21 03:00:00,auth-service,INFO,,Session cleaner worker run completed. Cleaned 0 expired tokens.,
2026-07-21 03:00:00,order-service,INFO,,Heartbeat check: Database is reachable. Active connections: 3.,
2026-07-21 03:00:00,inventory-service,INFO,,Stock sync worker ran successfully. 0 items update required.,
2026-07-21 03:00:00,payment-service,INFO,,Gateway healthcheck: stripe connectivity OK.,
2026-07-21 04:00:00,gateway-service,INFO,,Gateway routing configurations successfully reloaded. Active routes: /api/v1/*,
2026-07-21 04:00:00,auth-service,INFO,,Session cleaner worker run completed. Cleaned 0 expired tokens.,
2026-07-21 04:00:00,order-service,INFO,,Heartbeat check: Database is reachable. Active connections: 3.,
2026-07-21 04:00:00,inventory-service,INFO,,Stock sync worker ran successfully. 0 items update required.,
2026-07-21 04:00:00,payment-service,INFO,,Gateway healthcheck: stripe connectivity OK.,
2026-07-21 05:00:00,gateway-service,INFO,,Gateway routing configurations successfully reloaded. Active routes: /api/v1/*,
2026-07-21 05:00:00,auth-service,INFO,,Session cleaner worker run completed. Cleaned 0 expired tokens.,
2026-07-21 05:00:00,order-service,INFO,,Heartbeat check: Database is reachable. Active connections: 3.,
2026-07-21 05:00:00,inventory-service,INFO,,Stock sync worker ran successfully. 0 items update required.,
2026-07-21 05:00:00,payment-service,INFO,,Gateway healthcheck: stripe connectivity OK.,
2026-07-21 05:55:00,gateway-service,INFO,,"Inbound Request: POST /api/v1/orders/checkout, User: 71709",4154e90470b4afdd
2026-07-21 05:55:00,auth-service,INFO,,Token validation successful for user 71709,4154e90470b4afdd
2026-07-21 05:55:00,order-service,INFO,,Creating order 59954 for user 71709. Checking inventory...,4154e90470b4afdd
2026-07-21 05:55:00,inventory-service,INFO,,Stock check: Item available in warehouse. Reserving stock.,4154e90470b4afdd
2026-07-21 05:55:00,order-service,INFO,,Inventory reservation confirmed. Initiating payment for order 59954...,4154e90470b4afdd
2026-07-21 05:55:00,payment-service,INFO,,Authorizing payment via credit card for amount: $45.99. Order 59954,4154e90470b4afdd
2026-07-21 05:55:00,payment-service,INFO,,Payment transaction successful. AuthCode: stripe_ch_a77dcc00,4154e90470b4afdd
2026-07-21 05:55:00,order-service,INFO,,Payment successful. Confirming order status to PLACED. Order 59954,4154e90470b4afdd
2026-07-21 05:55:00,gateway-service,INFO,,Inbound Request POST /api/v1/orders/checkout completed with 201 Created. Trace ID: 4154e90470b4afdd,4154e90470b4afdd
2026-07-21 06:00:00,gateway-service,INFO,,Gateway routing configurations successfully reloaded. Active routes: /api/v1/*,
2026-07-21 06:00:00,auth-service,INFO,,Session cleaner worker run completed. Cleaned 0 expired tokens.,
2026-07-21 06:00:00,order-service,INFO,,Heartbeat check: Database is reachable. Active connections: 6.,
2026-07-21 06:00:00,inventory-service,INFO,,Stock sync worker ran successfully. 0 items update required.,
2026-07-21 06:00:00,payment-service,INFO,,Gateway healthcheck: stripe connectivity OK.,
2026-07-21 07:00:00,gateway-service,INFO,,Gateway routing configurations successfully reloaded. Active routes: /api/v1/*,
2026-07-21 07:00:00,auth-service,INFO,,Session cleaner worker run completed. Cleaned 0 expired tokens.,
2026-07-21 07:00:00,order-service,INFO,,Heartbeat check: Database is reachable. Active connections: 8.,
2026-07-21 07:00:00,inventory-service,INFO,,Stock sync worker ran successfully. 0 items update required.,
2026-07-21 07:00:00,payment-service,INFO,,Gateway healthcheck: stripe connectivity OK.,
2026-07-21 08:00:00,gateway-service,INFO,,Gateway routing configurations successfully reloaded. Active routes: /api/v1/*,
2026-07-21 08:00:00,auth-service,INFO,,Session cleaner worker run completed. Cleaned 0 expired tokens.,
2026-07-21 08:00:00,order-service,INFO,,Heartbeat check: Database is reachable. Active connections: 10.,
2026-07-21 08:00:00,inventory-service,INFO,,Stock sync worker ran successfully. 0 items update required.,
2026-07-21 08:00:00,payment-service,INFO,,Gateway healthcheck: stripe connectivity OK.,
2026-07-21 09:00:00,gateway-service,INFO,,Gateway routing configurations successfully reloaded. Active routes: /api/v1/*,
2026-07-21 09:00:00,auth-service,INFO,,Session cleaner worker run completed. Cleaned 0 expired tokens.,
2026-07-21 09:00:00,order-service,INFO,,Heartbeat check: Database is reachable. Active connections: 12.,
2026-07-21 09:00:00,inventory-service,INFO,,Stock sync worker ran successfully. 0 items update required.,
2026-07-21 09:00:00,payment-service,INFO,,Gateway healthcheck: stripe connectivity OK.,
2026-07-21 09:15:00,gateway-service,INFO,,"Inbound Request: POST /api/v1/orders/checkout, User: 73908",c97288f4d34847ff
2026-07-21 09:15:00,auth-service,INFO,,Token validation successful for user 73908,c97288f4d34847ff
2026-07-21 09:15:00,order-service,INFO,,Creating order 50106 for user 73908. Checking inventory...,c97288f4d34847ff
2026-07-21 09:15:00,inventory-service,INFO,,Stock check: Item available in warehouse. Reserving stock.,c97288f4d34847ff
2026-07-21 09:15:00,order-service,INFO,,Inventory reservation confirmed. Initiating payment for order 50106...,c97288f4d34847ff
2026-07-21 09:15:00,payment-service,INFO,,Authorizing payment via credit card for amount: $45.99. Order 50106,c97288f4d34847ff
2026-07-21 09:15:00,payment-service,INFO,,Payment transaction successful. AuthCode: stripe_ch_5f72164e,c97288f4d34847ff
2026-07-21 09:15:00,order-service,INFO,,Payment successful. Confirming order status to PLACED. Order 50106,c97288f4d34847ff
2026-07-21 09:15:00,gateway-service,INFO,,Inbound Request POST /api/v1/orders/checkout completed with 201 Created. Trace ID: c97288f4d34847ff,c97288f4d34847ff
2026-07-21 10:00:00,gateway-service,INFO,,Gateway routing configurations successfully reloaded. Active routes: /api/v1/*,
2026-07-21 10:00:00,auth-service,INFO,,Session cleaner worker run completed. Cleaned 0 expired tokens.,
2026-07-21 10:00:00,order-service,INFO,,Heartbeat check: Database is reachable. Active connections: 13.,
2026-07-21 10:00:00,inventory-service,INFO,,Stock sync worker ran successfully. 0 items update required.,
2026-07-21 10:00:00,payment-service,INFO,,Gateway healthcheck: stripe connectivity OK.,
2026-07-21 11:00:00,gateway-service,INFO,,Gateway routing configurations successfully reloaded. Active routes: /api/v1/*,
2026-07-21 11:00:00,auth-service,INFO,,Session cleaner worker run completed. Cleaned 0 expired tokens.,
2026-07-21 11:00:00,order-service,INFO,,Heartbeat check: Database is reachable. Active connections: 13.,
2026-07-21 11:00:00,inventory-service,INFO,,Stock sync worker ran successfully. 0 items update required.,
2026-07-21 11:00:00,payment-service,INFO,,Gateway healthcheck: stripe connectivity OK.,
2026-07-21 12:00:00,gateway-service,INFO,,Gateway routing configurations successfully reloaded. Active routes: /api/v1/*,
2026-07-21 12:00:00,auth-service,INFO,,Session cleaner worker run completed. Cleaned 0 expired tokens.,
2026-07-21 12:00:00,order-service,INFO,,Heartbeat check: Database is reachable. Active connections: 13.,
2026-07-21 12:00:00,inventory-service,INFO,,Stock sync worker ran successfully. 0 items update required.,
2026-07-21 12:00:00,payment-service,INFO,,Gateway healthcheck: stripe connectivity OK.,
2026-07-21 13:00:00,gateway-service,INFO,,Gateway routing configurations successfully reloaded. Active routes: /api/v1/*,
2026-07-21 13:00:00,auth-service,INFO,,Session cleaner worker run completed. Cleaned 0 expired tokens.,
2026-07-21 13:00:00,order-service,INFO,,Heartbeat check: Database is reachable. Active connections: 12.,
2026-07-21 13:00:00,inventory-service,INFO,,Stock sync worker ran successfully. 0 items update required.,
2026-07-21 13:00:00,payment-service,INFO,,Gateway healthcheck: stripe connectivity OK.,
2026-07-21 14:00:00,gateway-service,INFO,,Gateway routing configurations successfully reloaded. Active routes: /api/v1/*,
2026-07-21 14:00:00,auth-service,INFO,,Session cleaner worker run completed. Cleaned 0 expired tokens.,
2026-07-21 14:00:00,order-service,INFO,,Heartbeat check: Database is reachable. Active connections: 12.,
2026-07-21 14:00:00,inventory-service,INFO,,Stock sync worker ran successfully. 0 items update required.,
2026-07-21 14:00:00,payment-service,INFO,,Gateway healthcheck: stripe connectivity OK.,
2026-07-21 15:00:00,gateway-service,INFO,,Gateway routing configurations successfully reloaded. Active routes: /api/v1/*,
2026-07-21 15:00:00,auth-service,INFO,,Session cleaner worker run completed. Cleaned 0 expired tokens.,
2026-07-21 15:00:00,order-service,INFO,,Heartbeat check: Database is reachable. Active connections: 11.,
2026-07-21 15:00:00,inventory-service,INFO,,Stock sync worker ran successfully. 0 items update required.,
2026-07-21 15:00:00,payment-service,INFO,,Gateway healthcheck: stripe connectivity OK.,
2026-07-21 15:35:00,gateway-service,INFO,,"Inbound Request: POST /api/v1/orders/checkout, User: 22019",0cd92ad7dc11b3b1
2026-07-21 15:35:00,auth-service,INFO,,Token validation successful for user 22019,0cd92ad7dc11b3b1
2026-07-21 15:35:00,order-service,INFO,,Creating order 51500 for user 22019. Checking inventory...,0cd92ad7dc11b3b1
2026-07-21 15:35:00,inventory-service,INFO,,Stock check: Item available in warehouse. Reserving stock.,0cd92ad7dc11b3b1
2026-07-21 15:35:00,order-service,INFO,,Inventory reservation confirmed. Initiating payment for order 51500...,0cd92ad7dc11b3b1
2026-07-21 15:35:00,payment-service,INFO,,Authorizing payment via credit card for amount: $45.99. Order 51500,0cd92ad7dc11b3b1
2026-07-21 15:35:00,payment-service,INFO,,Payment transaction successful. AuthCode: stripe_ch_0c301587,0cd92ad7dc11b3b1
2026-07-21 15:35:00,order-service,INFO,,Payment successful. Confirming order status to PLACED. Order 51500,0cd92ad7dc11b3b1
2026-07-21 15:35:00,gateway-service,INFO,,Inbound Request POST /api/v1/orders/checkout completed with 201 Created. Trace ID: 0cd92ad7dc11b3b1,0cd92ad7dc11b3b1
2026-07-21 16:00:00,gateway-service,INFO,,Gateway routing configurations successfully reloaded. Active routes: /api/v1/*,
2026-07-21 16:00:00,auth-service,INFO,,Session cleaner worker run completed. Cleaned 0 expired tokens.,
2026-07-21 16:00:00,order-service,INFO,,Heartbeat check: Database is reachable. Active connections: 12.,
2026-07-21 16:00:00,inventory-service,INFO,,Stock sync worker ran successfully. 0 items update required.,
2026-07-21 16:00:00,payment-service,INFO,,Gateway healthcheck: stripe connectivity OK.,
2026-07-21 17:00:00,gateway-service,INFO,,Gateway routing configurations successfully reloaded. Active routes: /api/v1/*,
2026-07-21 17:00:00,auth-service,INFO,,Session cleaner worker run completed. Cleaned 0 expired tokens.,
2026-07-21 17:00:00,order-service,INFO,,Heartbeat check: Database is reachable. Active connections: 11.,
2026-07-21 17:00:00,inventory-service,INFO,,Stock sync worker ran successfully. 0 items update required.,
2026-07-21 17:00:00,payment-service,INFO,,Gateway healthcheck: stripe connectivity OK.,
2026-07-21 18:00:00,gateway-service,INFO,,Gateway routing configurations successfully reloaded. Active routes: /api/v1/*,
2026-07-21 18:00:00,auth-service,INFO,,Session cleaner worker run completed. Cleaned 0 expired tokens.,
2026-07-21 18:00:00,order-service,INFO,,Heartbeat check: Database is reachable. Active connections: 11.,
2026-07-21 18:00:00,inventory-service,INFO,,Stock sync worker ran successfully. 0 items update required.,
2026-07-21 18:00:00,payment-service,INFO,,Gateway healthcheck: stripe connectivity OK.,
2026-07-21 19:00:00,gateway-service,INFO,,Gateway routing configurations successfully reloaded. Active routes: /api/v1/*,
2026-07-21 19:00:00,auth-service,INFO,,Session cleaner worker run completed. Cleaned 0 expired tokens.,
2026-07-21 19:00:00,order-service,INFO,,Heartbeat check: Database is reachable. Active connections: 11.,
2026-07-21 19:00:00,inventory-service,INFO,,Stock sync worker ran successfully. 0 items update required.,
2026-07-21 19:00:00,payment-service,INFO,,Gateway healthcheck: stripe connectivity OK.,
2026-07-21 20:00:00,gateway-service,INFO,,Gateway routing configurations successfully reloaded. Active routes: /api/v1/*,
2026-07-21 20:00:00,auth-service,INFO,,Session cleaner worker run completed. Cleaned 0 expired tokens.,
2026-07-21 20:00:00,order-service,INFO,,Heartbeat check: Database is reachable. Active connections: 9.,
2026-07-21 20:00:00,inventory-service,INFO,,Stock sync worker ran successfully. 0 items update required.,
2026-07-21 20:00:00,payment-service,INFO,,Gateway healthcheck: stripe connectivity OK.,
2026-07-21 21:00:00,gateway-service,INFO,,Gateway routing configurations successfully reloaded. Active routes: /api/v1/*,
2026-07-21 21:00:00,auth-service,INFO,,Session cleaner worker run completed. Cleaned 0 expired tokens.,
2026-07-21 21:00:00,order-service,INFO,,Heartbeat check: Database is reachable. Active connections: 9.,
2026-07-21 21:00:00,inventory-service,INFO,,Stock sync worker ran successfully. 0 items update required.,
2026-07-21 21:00:00,payment-service,INFO,,Gateway healthcheck: stripe connectivity OK.,
2026-07-21 21:40:00,gateway-service,INFO,,"Inbound Request: POST /api/v1/orders/checkout, User: 15299",871fcaf022f5ad59
2026-07-21 21:40:00,auth-service,INFO,,Token validation successful for user 15299,871fcaf022f5ad59
2026-07-21 21:40:00,order-service,INFO,,Creating order 52706 for user 15299. Checking inventory...,871fcaf022f5ad59
2026-07-21 21:40:00,inventory-service,INFO,,Stock check: Item available in warehouse. Reserving stock.,871fcaf022f5ad59
2026-07-21 21:40:00,order-service,INFO,,Inventory reservation confirmed. Initiating payment for order 52706...,871fcaf022f5ad59
2026-07-21 21:40:00,payment-service,INFO,,Authorizing payment via credit card for amount: $45.99. Order 52706,871fcaf022f5ad59
2026-07-21 21:40:00,payment-service,INFO,,Payment transaction successful. AuthCode: stripe_ch_e509f9d3,871fcaf022f5ad59
2026-07-21 21:40:00,order-service,INFO,,Payment successful. Confirming order status to PLACED. Order 52706,871fcaf022f5ad59
2026-07-21 21:40:00,gateway-service,INFO,,Inbound Request POST /api/v1/orders/checkout completed with 201 Created. Trace ID: 871fcaf022f5ad59,871fcaf022f5ad59
2026-07-21 22:00:00,gateway-service,INFO,,Gateway routing configurations successfully reloaded. Active routes: /api/v1/*,
2026-07-21 22:00:00,auth-service,INFO,,Session cleaner worker run completed. Cleaned 0 expired tokens.,
2026-07-21 22:00:00,order-service,INFO,,Heartbeat check: Database is reachable. Active connections: 7.,
2026-07-21 22:00:00,inventory-service,INFO,,Stock sync worker ran successfully. 0 items update required.,
2026-07-21 22:00:00,payment-service,INFO,,Gateway healthcheck: stripe connectivity OK.,
2026-07-21 23:00:00,gateway-service,INFO,,Gateway routing configurations successfully reloaded. Active routes: /api/v1/*,
2026-07-21 23:00:00,auth-service,INFO,,Session cleaner worker run completed. Cleaned 0 expired tokens.,
2026-07-21 23:00:00,order-service,INFO,,Heartbeat check: Database is reachable. Active connections: 5.,
2026-07-21 23:00:00,inventory-service,INFO,,Stock sync worker ran successfully. 0 items update required.,
2026-07-21 23:00:00,payment-service,INFO,,Gateway healthcheck: stripe connectivity OK.,
2026-07-22 00:00:00,gateway-service,INFO,,Gateway routing configurations successfully reloaded. Active routes: /api/v1/*,
2026-07-22 00:00:00,auth-service,INFO,,Session cleaner worker run completed. Cleaned 0 expired tokens.,
2026-07-22 00:00:00,order-service,INFO,,Heartbeat check: Database is reachable. Active connections: 4.,
2026-07-22 00:00:00,inventory-service,INFO,,Stock sync worker ran successfully. 0 items update required.,
2026-07-22 00:00:00,payment-service,INFO,,Gateway healthcheck: stripe connectivity OK.,
2026-07-22 01:00:00,gateway-service,INFO,,Gateway routing configurations successfully reloaded. Active routes: /api/v1/*,
2026-07-22 01:00:00,auth-service,INFO,,Session cleaner worker run completed. Cleaned 0 expired tokens.,
2026-07-22 01:00:00,order-service,INFO,,Heartbeat check: Database is reachable. Active connections: 3.,
2026-07-22 01:00:00,inventory-service,INFO,,Stock sync worker ran successfully. 0 items update required.,
2026-07-22 01:00:00,payment-service,INFO,,Gateway healthcheck: stripe connectivity OK.,
2026-07-22 02:00:00,gateway-service,INFO,,Gateway routing configurations successfully reloaded. Active routes: /api/v1/*,
2026-07-22 02:00:00,auth-service,INFO,,Session cleaner worker run completed. Cleaned 0 expired tokens.,
2026-07-22 02:00:00,order-service,INFO,,Heartbeat check: Database is reachable. Active connections: 3.,
2026-07-22 02:00:00,inventory-service,INFO,,Stock sync worker ran successfully. 0 items update required.,
2026-07-22 02:00:00,payment-service,INFO,,Gateway healthcheck: stripe connectivity OK.,
2026-07-22 03:00:00,gateway-service,INFO,,Gateway routing configurations successfully reloaded. Active routes: /api/v1/*,
2026-07-22 03:00:00,auth-service,INFO,,Session cleaner worker run completed. Cleaned 0 expired tokens.,
2026-07-22 03:00:00,order-service,INFO,,Heartbeat check: Database is reachable. Active connections: 3.,
2026-07-22 03:00:00,inventory-service,INFO,,Stock sync worker ran successfully. 0 items update required.,
2026-07-22 03:00:00,payment-service,INFO,,Gateway healthcheck: stripe connectivity OK.,
2026-07-22 04:00:00,gateway-service,INFO,,Gateway routing configurations successfully reloaded. Active routes: /api/v1/*,
2026-07-22 04:00:00,auth-service,INFO,,Session cleaner worker run completed. Cleaned 0 expired tokens.,
2026-07-22 04:00:00,order-service,INFO,,Heartbeat check: Database is reachable. Active connections: 3.,
2026-07-22 04:00:00,inventory-service,INFO,,Stock sync worker ran successfully. 0 items update required.,
2026-07-22 04:00:00,payment-service,INFO,,Gateway healthcheck: stripe connectivity OK.,
2026-07-22 05:00:00,gateway-service,INFO,,Gateway routing configurations successfully reloaded. Active routes: /api/v1/*,
2026-07-22 05:00:00,auth-service,INFO,,Session cleaner worker run completed. Cleaned 0 expired tokens.,
2026-07-22 05:00:00,order-service,INFO,,Heartbeat check: Database is reachable. Active connections: 3.,
2026-07-22 05:00:00,inventory-service,INFO,,Stock sync worker ran successfully. 0 items update required.,
2026-07-22 05:00:00,payment-service,INFO,,Gateway healthcheck: stripe connectivity OK.,
2026-07-22 06:00:00,gateway-service,INFO,,Gateway routing configurations successfully reloaded. Active routes: /api/v1/*,
2026-07-22 06:00:00,auth-service,INFO,,Session cleaner worker run completed. Cleaned 0 expired tokens.,
2026-07-22 06:00:00,order-service,INFO,,Heartbeat check: Database is reachable. Active connections: 6.,
2026-07-22 06:00:00,inventory-service,INFO,,Stock sync worker ran successfully. 0 items update required.,
2026-07-22 06:00:00,payment-service,INFO,,Gateway healthcheck: stripe connectivity OK.,
2026-07-22 07:00:00,gateway-service,INFO,,Gateway routing configurations successfully reloaded. Active routes: /api/v1/*,
2026-07-22 07:00:00,auth-service,INFO,,Session cleaner worker run completed. Cleaned 0 expired tokens.,
2026-07-22 07:00:00,order-service,INFO,,Heartbeat check: Database is reachable. Active connections: 8.,
2026-07-22 07:00:00,inventory-service,INFO,,Stock sync worker ran successfully. 0 items update required.,
2026-07-22 07:00:00,payment-service,INFO,,Gateway healthcheck: stripe connectivity OK.,
2026-07-22 08:00:00,gateway-service,INFO,,Gateway routing configurations successfully reloaded. Active routes: /api/v1/*,
2026-07-22 08:00:00,auth-service,INFO,,Session cleaner worker run completed. Cleaned 0 expired tokens.,
2026-07-22 08:00:00,order-service,INFO,,Heartbeat check: Database is reachable. Active connections: 10.,
2026-07-22 08:00:00,inventory-service,INFO,,Stock sync worker ran successfully. 0 items update required.,
2026-07-22 08:00:00,payment-service,INFO,,Gateway healthcheck: stripe connectivity OK.,
2026-07-22 09:00:00,gateway-service,INFO,,Gateway routing configurations successfully reloaded. Active routes: /api/v1/*,
2026-07-22 09:00:00,auth-service,INFO,,Session cleaner worker run completed. Cleaned 0 expired tokens.,
2026-07-22 09:00:00,order-service,INFO,,Heartbeat check: Database is reachable. Active connections: 12.,
2026-07-22 09:00:00,inventory-service,INFO,,Stock sync worker ran successfully. 0 items update required.,
2026-07-22 09:00:00,payment-service,INFO,,Gateway healthcheck: stripe connectivity OK.,
2026-07-22 10:00:00,gateway-service,INFO,,Gateway routing configurations successfully reloaded. Active routes: /api/v1/*,
2026-07-22 10:00:00,auth-service,INFO,,Session cleaner worker run completed. Cleaned 0 expired tokens.,
2026-07-22 10:00:00,order-service,INFO,,Heartbeat check: Database is reachable. Active connections: 13.,
2026-07-22 10:00:00,inventory-service,INFO,,Stock sync worker ran successfully. 0 items update required.,
2026-07-22 10:00:00,payment-service,INFO,,Gateway healthcheck: stripe connectivity OK.,
2026-07-22 11:00:00,gateway-service,INFO,,Gateway routing configurations successfully reloaded. Active routes: /api/v1/*,
2026-07-22 11:00:00,auth-service,INFO,,Session cleaner worker run completed. Cleaned 0 expired tokens.,
2026-07-22 11:00:00,order-service,INFO,,Heartbeat check: Database is reachable. Active connections: 13.,
2026-07-22 11:00:00,inventory-service,INFO,,Stock sync worker ran successfully. 0 items update required.,
2026-07-22 11:00:00,payment-service,INFO,,Gateway healthcheck: stripe connectivity OK.,
2026-07-22 12:00:00,gateway-service,INFO,,Gateway routing configurations successfully reloaded. Active routes: /api/v1/*,
2026-07-22 12:00:00,auth-service,INFO,,Session cleaner worker run completed. Cleaned 0 expired tokens.,
2026-07-22 12:00:00,order-service,INFO,,Heartbeat check: Database is reachable. Active connections: 12.,
2026-07-22 12:00:00,inventory-service,INFO,,Stock sync worker ran successfully. 0 items update required.,
2026-07-22 12:00:00,payment-service,INFO,,Gateway healthcheck: stripe connectivity OK.,
2026-07-22 12:15:00,gateway-service,INFO,,"Inbound Request: POST /api/v1/orders/checkout, User: 19781",fe521755f77ba249
2026-07-22 12:15:00,auth-service,INFO,,Token validation successful for user 19781,fe521755f77ba249
2026-07-22 12:15:00,order-service,INFO,,Creating order 51582 for user 19781. Checking inventory...,fe521755f77ba249
2026-07-22 12:15:00,inventory-service,INFO,,Stock check: Item available in warehouse. Reserving stock.,fe521755f77ba249
2026-07-22 12:15:00,order-service,INFO,,Inventory reservation confirmed. Initiating payment for order 51582...,fe521755f77ba249
2026-07-22 12:15:00,payment-service,INFO,,Authorizing payment via credit card for amount: $45.99. Order 51582,fe521755f77ba249
2026-07-22 12:15:00,payment-service,INFO,,Payment transaction successful. AuthCode: stripe_ch_8ca21b62,fe521755f77ba249
2026-07-22 12:15:00,order-service,INFO,,Payment successful. Confirming order status to PLACED. Order 51582,fe521755f77ba249
2026-07-22 12:15:00,gateway-service,INFO,,Inbound Request POST /api/v1/orders/checkout completed with 201 Created. Trace ID: fe521755f77ba249,fe521755f77ba249
2026-07-22 12:40:00,gateway-service,INFO,,"Inbound Request: POST /api/v1/orders/checkout, User: 64018",7edae94bb3ac8683
2026-07-22 12:40:00,auth-service,INFO,,Token validation successful for user 64018,7edae94bb3ac8683
2026-07-22 12:40:00,order-service,INFO,,Creating order 55646 for user 64018. Checking inventory...,7edae94bb3ac8683
2026-07-22 12:40:00,inventory-service,INFO,,Stock check: Item available in warehouse. Reserving stock.,7edae94bb3ac8683
2026-07-22 12:40:00,order-service,INFO,,Inventory reservation confirmed. Initiating payment for order 55646...,7edae94bb3ac8683
2026-07-22 12:40:00,payment-service,INFO,,Authorizing payment via credit card for amount: $45.99. Order 55646,7edae94bb3ac8683
2026-07-22 12:40:00,payment-service,INFO,,Payment transaction successful. AuthCode: stripe_ch_24fc6bfc,7edae94bb3ac8683
2026-07-22 12:40:00,order-service,INFO,,Payment successful. Confirming order status to PLACED. Order 55646,7edae94bb3ac8683
2026-07-22 12:40:00,gateway-service,INFO,,Inbound Request POST /api/v1/orders/checkout completed with 201 Created. Trace ID: 7edae94bb3ac8683,7edae94bb3ac8683
2026-07-22 13:00:00,gateway-service,INFO,,Gateway routing configurations successfully reloaded. Active routes: /api/v1/*,
2026-07-22 13:00:00,auth-service,INFO,,Session cleaner worker run completed. Cleaned 0 expired tokens.,
2026-07-22 13:00:00,order-service,INFO,,Heartbeat check: Database is reachable. Active connections: 12.,
2026-07-22 13:00:00,inventory-service,INFO,,Stock sync worker ran successfully. 0 items update required.,
2026-07-22 13:00:00,payment-service,INFO,,Gateway healthcheck: stripe connectivity OK.,
2026-07-22 14:00:00,gateway-service,INFO,,Gateway routing configurations successfully reloaded. Active routes: /api/v1/*,
2026-07-22 14:00:00,auth-service,INFO,,Session cleaner worker run completed. Cleaned 0 expired tokens.,
2026-07-22 14:00:00,order-service,INFO,,Heartbeat check: Database is reachable. Active connections: 12.,
2026-07-22 14:00:00,inventory-service,INFO,,Stock sync worker ran successfully. 0 items update required.,
2026-07-22 14:00:00,payment-service,INFO,,Gateway healthcheck: stripe connectivity OK.,
2026-07-22 15:00:00,gateway-service,INFO,,Gateway routing configurations successfully reloaded. Active routes: /api/v1/*,
2026-07-22 15:00:00,auth-service,INFO,,Session cleaner worker run completed. Cleaned 0 expired tokens.,
2026-07-22 15:00:00,order-service,INFO,,Heartbeat check: Database is reachable. Active connections: 11.,
2026-07-22 15:00:00,inventory-service,INFO,,Stock sync worker ran successfully. 0 items update required.,
2026-07-22 15:00:00,payment-service,INFO,,Gateway healthcheck: stripe connectivity OK.,
2026-07-22 15:15:00,auth-service,WARN,,GC overhead limit is reaching threshold. JVM heap memory utilization at 74.9%. Active sessions: 2541,dd865b57be94579e
2026-07-22 15:30:00,auth-service,WARN,,GC overhead limit is reaching threshold. JVM heap memory utilization at 77.1%. Active sessions: 2583,ffa93efd454b093c
2026-07-22 15:45:00,auth-service,WARN,,GC overhead limit is reaching threshold. JVM heap memory utilization at 79.3%. Active sessions: 2625,0cbdde1e5aa002d2
2026-07-22 16:00:00,auth-service,WARN,,GC overhead limit is reaching threshold. JVM heap memory utilization at 81.4%. Active sessions: 2666,edc3368f710f029c
2026-07-22 16:00:00,gateway-service,INFO,,Gateway routing configurations successfully reloaded. Active routes: /api/v1/*,
2026-07-22 16:00:00,auth-service,INFO,,Session cleaner worker run completed. Cleaned 0 expired tokens.,
2026-07-22 16:00:00,order-service,INFO,,Heartbeat check: Database is reachable. Active connections: 11.,
2026-07-22 16:00:00,inventory-service,INFO,,Stock sync worker ran successfully. 0 items update required.,
2026-07-22 16:00:00,payment-service,INFO,,Gateway healthcheck: stripe connectivity OK.,
2026-07-22 16:15:00,auth-service,WARN,,GC overhead limit is reaching threshold. JVM heap memory utilization at 83.3%. Active sessions: 2708,f66d9f3ae3ec7c1a
2026-07-22 16:30:00,auth-service,WARN,,GC overhead limit is reaching threshold. JVM heap memory utilization at 85.4%. Active sessions: 2750,270246209a1b14f9
2026-07-22 16:45:00,auth-service,WARN,,GC overhead limit is reaching threshold. JVM heap memory utilization at 87.6%. Active sessions: 2791,6f97e7b06864a669
2026-07-22 17:00:00,auth-service,WARN,,GC overhead limit is reaching threshold. JVM heap memory utilization at 89.6%. Active sessions: 2833,454eeb441e96e9c3
2026-07-22 17:00:00,gateway-service,INFO,,Gateway routing configurations successfully reloaded. Active routes: /api/v1/*,
2026-07-22 17:00:00,auth-service,INFO,,Session cleaner worker run completed. Cleaned 0 expired tokens.,
2026-07-22 17:00:00,order-service,INFO,,Heartbeat check: Database is reachable. Active connections: 11.,
2026-07-22 17:00:00,inventory-service,INFO,,Stock sync worker ran successfully. 0 items update required.,
2026-07-22 17:00:00,payment-service,INFO,,Gateway healthcheck: stripe connectivity OK.,
2026-07-22 17:05:00,gateway-service,INFO,,"Inbound Request: POST /api/v1/orders/checkout, User: 26470",e92b1705e83ac579
2026-07-22 17:05:00,auth-service,INFO,,Token validation successful for user 26470,e92b1705e83ac579
2026-07-22 17:05:00,order-service,INFO,,Creating order 50610 for user 26470. Checking inventory...,e92b1705e83ac579
2026-07-22 17:05:00,inventory-service,INFO,,Stock check: Item available in warehouse. Reserving stock.,e92b1705e83ac579
2026-07-22 17:05:00,order-service,INFO,,Inventory reservation confirmed. Initiating payment for order 50610...,e92b1705e83ac579
2026-07-22 17:05:00,payment-service,INFO,,Authorizing payment via credit card for amount: $45.99. Order 50610,e92b1705e83ac579
2026-07-22 17:05:00,payment-service,INFO,,Payment transaction successful. AuthCode: stripe_ch_30464e29,e92b1705e83ac579
2026-07-22 17:05:00,order-service,INFO,,Payment successful. Confirming order status to PLACED. Order 50610,e92b1705e83ac579
2026-07-22 17:05:00,gateway-service,INFO,,Inbound Request POST /api/v1/orders/checkout completed with 201 Created. Trace ID: e92b1705e83ac579,e92b1705e83ac579
2026-07-22 17:15:00,auth-service,WARN,,GC overhead limit is reaching threshold. JVM heap memory utilization at 91.6%. Active sessions: 2875,85e42d2a2d3726a0
2026-07-22 17:25:00,auth-service,ERROR,ERR-OOM,java.lang.OutOfMemoryError: Java heap space. Dumped heap to /tmp/java_pid2051.hprof,d9462cbcc32f9322
2026-07-22 17:25:00,gateway-service,ERROR,ERR-DOWNSTREAM-TIMEOUT,Failed to authenticate inbound token: downstream auth-service timeout. Status 500. Route: GET /api/v1/user/profile,d9462cbcc32f9322
2026-07-22 17:30:00,auth-service,WARN,,GC overhead limit is reaching threshold. JVM heap memory utilization at 93.7%. Active sessions: 2916,9c5e0450f239cd20
2026-07-22 17:30:00,auth-service,ERROR,ERR-OOM,java.lang.OutOfMemoryError: Java heap space. Dumped heap to /tmp/java_pid2051.hprof,4ec087fccce0722c
2026-07-22 17:30:00,gateway-service,ERROR,ERR-DOWNSTREAM-TIMEOUT,Failed to authenticate inbound token: downstream auth-service timeout. Status 500. Route: GET /api/v1/user/profile,4ec087fccce0722c
2026-07-22 17:35:00,auth-service,ERROR,ERR-OOM,java.lang.OutOfMemoryError: Java heap space. Dumped heap to /tmp/java_pid2051.hprof,9de0588e2aa5d129
2026-07-22 17:35:00,gateway-service,ERROR,ERR-DOWNSTREAM-TIMEOUT,Failed to authenticate inbound token: downstream auth-service timeout. Status 500. Route: GET /api/v1/user/profile,9de0588e2aa5d129
2026-07-22 17:40:00,auth-service,ERROR,ERR-OOM,java.lang.OutOfMemoryError: Java heap space. Dumped heap to /tmp/java_pid2051.hprof,08f0bf8cb0ef1dd7
2026-07-22 17:40:00,gateway-service,ERROR,ERR-DOWNSTREAM-TIMEOUT,Failed to authenticate inbound token: downstream auth-service timeout. Status 500. Route: GET /api/v1/user/profile,08f0bf8cb0ef1dd7
2026-07-22 17:45:00,auth-service,WARN,,GC overhead limit is reaching threshold. JVM heap memory utilization at 96.1%. Active sessions: 2958,3820d212aa4e6feb
2026-07-22 17:45:00,auth-service,ERROR,ERR-OOM,java.lang.OutOfMemoryError: Java heap space. Dumped heap to /tmp/java_pid2051.hprof,083f47e088895402
2026-07-22 17:45:00,gateway-service,ERROR,ERR-DOWNSTREAM-TIMEOUT,Failed to authenticate inbound token: downstream auth-service timeout. Status 500. Route: GET /api/v1/user/profile,083f47e088895402
2026-07-22 17:50:00,auth-service,ERROR,ERR-OOM,java.lang.OutOfMemoryError: Java heap space. Dumped heap to /tmp/java_pid2051.hprof,32e7c2526e51c2a9
2026-07-22 17:50:00,gateway-service,ERROR,ERR-DOWNSTREAM-TIMEOUT,Failed to authenticate inbound token: downstream auth-service timeout. Status 500. Route: GET /api/v1/user/profile,32e7c2526e51c2a9
2026-07-22 17:55:00,auth-service,ERROR,ERR-OOM,java.lang.OutOfMemoryError: Java heap space. Dumped heap to /tmp/java_pid2051.hprof,dbaf06548a8131ac
2026-07-22 17:55:00,gateway-service,ERROR,ERR-DOWNSTREAM-TIMEOUT,Failed to authenticate inbound token: downstream auth-service timeout. Status 500. Route: GET /api/v1/user/profile,dbaf06548a8131ac
2026-07-22 18:00:00,auth-service,INFO,,JVM starting up. Version: OpenJDK 17.0.8. Max Heap size: 2048MB,
2026-07-22 18:00:00,auth-service,INFO,,AuthTokenValidator cache initialized successfully. Cache size capacity: 10000,
2026-07-22 18:00:00,gateway-service,INFO,,Gateway routing configurations successfully reloaded. Active routes: /api/v1/*,
2026-07-22 18:00:00,auth-service,INFO,,Session cleaner worker run completed. Cleaned 0 expired tokens.,
2026-07-22 18:00:00,order-service,INFO,,Heartbeat check: Database is reachable. Active connections: 11.,
2026-07-22 18:00:00,inventory-service,INFO,,Stock sync worker ran successfully. 0 items update required.,
2026-07-22 18:00:00,payment-service,INFO,,Gateway healthcheck: stripe connectivity OK.,
2026-07-22 19:00:00,gateway-service,INFO,,Gateway routing configurations successfully reloaded. Active routes: /api/v1/*,
2026-07-22 19:00:00,auth-service,INFO,,Session cleaner worker run completed. Cleaned 0 expired tokens.,
2026-07-22 19:00:00,order-service,INFO,,Heartbeat check: Database is reachable. Active connections: 11.,
2026-07-22 19:00:00,inventory-service,INFO,,Stock sync worker ran successfully. 0 items update required.,
2026-07-22 19:00:00,payment-service,INFO,,Gateway healthcheck: stripe connectivity OK.,
2026-07-22 20:00:00,gateway-service,INFO,,Gateway routing configurations successfully reloaded. Active routes: /api/v1/*,
2026-07-22 20:00:00,auth-service,INFO,,Session cleaner worker run completed. Cleaned 0 expired tokens.,
2026-07-22 20:00:00,order-service,INFO,,Heartbeat check: Database is reachable. Active connections: 9.,
2026-07-22 20:00:00,inventory-service,INFO,,Stock sync worker ran successfully. 0 items update required.,
2026-07-22 20:00:00,payment-service,INFO,,Gateway healthcheck: stripe connectivity OK.,
2026-07-22 21:00:00,gateway-service,INFO,,Gateway routing configurations successfully reloaded. Active routes: /api/v1/*,
2026-07-22 21:00:00,auth-service,INFO,,Session cleaner worker run completed. Cleaned 0 expired tokens.,
2026-07-22 21:00:00,order-service,INFO,,Heartbeat check: Database is reachable. Active connections: 9.,
2026-07-22 21:00:00,inventory-service,INFO,,Stock sync worker ran successfully. 0 items update required.,
2026-07-22 21:00:00,payment-service,INFO,,Gateway healthcheck: stripe connectivity OK.,
2026-07-22 22:00:00,gateway-service,INFO,,Gateway routing configurations successfully reloaded. Active routes: /api/v1/*,
2026-07-22 22:00:00,auth-service,INFO,,Session cleaner worker run completed. Cleaned 0 expired tokens.,
2026-07-22 22:00:00,order-service,INFO,,Heartbeat check: Database is reachable. Active connections: 7.,
2026-07-22 22:00:00,inventory-service,INFO,,Stock sync worker ran successfully. 0 items update required.,
2026-07-22 22:00:00,payment-service,INFO,,Gateway healthcheck: stripe connectivity OK.,
2026-07-22 23:00:00,gateway-service,INFO,,Gateway routing configurations successfully reloaded. Active routes: /api/v1/*,
2026-07-22 23:00:00,auth-service,INFO,,Session cleaner worker run completed. Cleaned 0 expired tokens.,
2026-07-22 23:00:00,order-service,INFO,,Heartbeat check: Database is reachable. Active connections: 5.,
2026-07-22 23:00:00,inventory-service,INFO,,Stock sync worker ran successfully. 0 items update required.,
2026-07-22 23:00:00,payment-service,INFO,,Gateway healthcheck: stripe connectivity OK.,
2026-07-23 00:00:00,gateway-service,INFO,,Gateway routing configurations successfully reloaded. Active routes: /api/v1/*,
2026-07-23 00:00:00,auth-service,INFO,,Session cleaner worker run completed. Cleaned 0 expired tokens.,
2026-07-23 00:00:00,order-service,INFO,,Heartbeat check: Database is reachable. Active connections: 3.,
2026-07-23 00:00:00,inventory-service,INFO,,Stock sync worker ran successfully. 0 items update required.,
2026-07-23 00:00:00,payment-service,INFO,,Gateway healthcheck: stripe connectivity OK.,
2026-07-23 01:00:00,gateway-service,INFO,,Gateway routing configurations successfully reloaded. Active routes: /api/v1/*,
2026-07-23 01:00:00,auth-service,INFO,,Session cleaner worker run completed. Cleaned 0 expired tokens.,
2026-07-23 01:00:00,order-service,INFO,,Heartbeat check: Database is reachable. Active connections: 3.,
2026-07-23 01:00:00,inventory-service,INFO,,Stock sync worker ran successfully. 0 items update required.,
2026-07-23 01:00:00,payment-service,INFO,,Gateway healthcheck: stripe connectivity OK.,
2026-07-23 02:00:00,gateway-service,INFO,,Gateway routing configurations successfully reloaded. Active routes: /api/v1/*,
2026-07-23 02:00:00,auth-service,INFO,,Session cleaner worker run completed. Cleaned 0 expired tokens.,
2026-07-23 02:00:00,order-service,INFO,,Heartbeat check: Database is reachable. Active connections: 3.,
2026-07-23 02:00:00,inventory-service,INFO,,Stock sync worker ran successfully. 0 items update required.,
2026-07-23 02:00:00,payment-service,INFO,,Gateway healthcheck: stripe connectivity OK.,
2026-07-23 03:00:00,gateway-service,INFO,,Gateway routing configurations successfully reloaded. Active routes: /api/v1/*,
2026-07-23 03:00:00,auth-service,INFO,,Session cleaner worker run completed. Cleaned 0 expired tokens.,
2026-07-23 03:00:00,order-service,INFO,,Heartbeat check: Database is reachable. Active connections: 3.,
2026-07-23 03:00:00,inventory-service,INFO,,Stock sync worker ran successfully. 0 items update required.,
2026-07-23 03:00:00,payment-service,INFO,,Gateway healthcheck: stripe connectivity OK.,
2026-07-23 04:00:00,gateway-service,INFO,,Gateway routing configurations successfully reloaded. Active routes: /api/v1/*,
2026-07-23 04:00:00,auth-service,INFO,,Session cleaner worker run completed. Cleaned 0 expired tokens.,
2026-07-23 04:00:00,order-service,INFO,,Heartbeat check: Database is reachable. Active connections: 3.,
2026-07-23 04:00:00,inventory-service,INFO,,Stock sync worker ran successfully. 0 items update required.,
2026-07-23 04:00:00,payment-service,INFO,,Gateway healthcheck: stripe connectivity OK.,
2026-07-23 05:00:00,gateway-service,INFO,,Gateway routing configurations successfully reloaded. Active routes: /api/v1/*,
2026-07-23 05:00:00,auth-service,INFO,,Session cleaner worker run completed. Cleaned 0 expired tokens.,
2026-07-23 05:00:00,order-service,INFO,,Heartbeat check: Database is reachable. Active connections: 3.,
2026-07-23 05:00:00,inventory-service,INFO,,Stock sync worker ran successfully. 0 items update required.,
2026-07-23 05:00:00,payment-service,INFO,,Gateway healthcheck: stripe connectivity OK.,
2026-07-23 06:00:00,gateway-service,INFO,,Gateway routing configurations successfully reloaded. Active routes: /api/v1/*,
2026-07-23 06:00:00,auth-service,INFO,,Session cleaner worker run completed. Cleaned 0 expired tokens.,
2026-07-23 06:00:00,order-service,INFO,,Heartbeat check: Database is reachable. Active connections: 5.,
2026-07-23 06:00:00,inventory-service,INFO,,Stock sync worker ran successfully. 0 items update required.,
2026-07-23 06:00:00,payment-service,INFO,,Gateway healthcheck: stripe connectivity OK.,
2026-07-23 07:00:00,gateway-service,INFO,,Gateway routing configurations successfully reloaded. Active routes: /api/v1/*,
2026-07-23 07:00:00,auth-service,INFO,,Session cleaner worker run completed. Cleaned 0 expired tokens.,
2026-07-23 07:00:00,order-service,INFO,,Heartbeat check: Database is reachable. Active connections: 7.,
2026-07-23 07:00:00,inventory-service,INFO,,Stock sync worker ran successfully. 0 items update required.,
2026-07-23 07:00:00,payment-service,INFO,,Gateway healthcheck: stripe connectivity OK.,
2026-07-23 08:00:00,gateway-service,INFO,,Gateway routing configurations successfully reloaded. Active routes: /api/v1/*,
2026-07-23 08:00:00,auth-service,INFO,,Session cleaner worker run completed. Cleaned 0 expired tokens.,
2026-07-23 08:00:00,order-service,INFO,,Heartbeat check: Database is reachable. Active connections: 10.,
2026-07-23 08:00:00,inventory-service,INFO,,Stock sync worker ran successfully. 0 items update required.,
2026-07-23 08:00:00,payment-service,INFO,,Gateway healthcheck: stripe connectivity OK.,
2026-07-23 08:40:00,gateway-service,INFO,,"Inbound Request: POST /api/v1/orders/checkout, User: 60150",3d04e140c9c82c03
2026-07-23 08:40:00,auth-service,INFO,,Token validation successful for user 60150,3d04e140c9c82c03
2026-07-23 08:40:00,order-service,INFO,,Creating order 56449 for user 60150. Checking inventory...,3d04e140c9c82c03
2026-07-23 08:40:00,inventory-service,INFO,,Stock check: Item available in warehouse. Reserving stock.,3d04e140c9c82c03
2026-07-23 08:40:00,order-service,INFO,,Inventory reservation confirmed. Initiating payment for order 56449...,3d04e140c9c82c03
2026-07-23 08:40:00,payment-service,INFO,,Authorizing payment via credit card for amount: $45.99. Order 56449,3d04e140c9c82c03
2026-07-23 08:40:00,payment-service,INFO,,Payment transaction successful. AuthCode: stripe_ch_ccb08e86,3d04e140c9c82c03
2026-07-23 08:40:00,order-service,INFO,,Payment successful. Confirming order status to PLACED. Order 56449,3d04e140c9c82c03
2026-07-23 08:40:00,gateway-service,INFO,,Inbound Request POST /api/v1/orders/checkout completed with 201 Created. Trace ID: 3d04e140c9c82c03,3d04e140c9c82c03
2026-07-23 09:00:00,gateway-service,INFO,,Gateway routing configurations successfully reloaded. Active routes: /api/v1/*,
2026-07-23 09:00:00,auth-service,INFO,,Session cleaner worker run completed. Cleaned 0 expired tokens.,
2026-07-23 09:00:00,order-service,INFO,,Heartbeat check: Database is reachable. Active connections: 11.,
2026-07-23 09:00:00,inventory-service,INFO,,Stock sync worker ran successfully. 0 items update required.,
2026-07-23 09:00:00,payment-service,INFO,,Gateway healthcheck: stripe connectivity OK.,
2026-07-23 09:15:00,gateway-service,INFO,,"Inbound Request: POST /api/v1/orders/checkout, User: 28764",0be1a4081d99f0ba
2026-07-23 09:15:00,auth-service,INFO,,Token validation successful for user 28764,0be1a4081d99f0ba
2026-07-23 09:15:00,order-service,INFO,,Creating order 55977 for user 28764. Checking inventory...,0be1a4081d99f0ba
2026-07-23 09:15:00,inventory-service,INFO,,Stock check: Item available in warehouse. Reserving stock.,0be1a4081d99f0ba
2026-07-23 09:15:00,order-service,INFO,,Inventory reservation confirmed. Initiating payment for order 55977...,0be1a4081d99f0ba
2026-07-23 09:15:00,payment-service,INFO,,Authorizing payment via credit card for amount: $45.99. Order 55977,0be1a4081d99f0ba
2026-07-23 09:15:00,payment-service,INFO,,Payment transaction successful. AuthCode: stripe_ch_295bc757,0be1a4081d99f0ba
2026-07-23 09:15:00,order-service,INFO,,Payment successful. Confirming order status to PLACED. Order 55977,0be1a4081d99f0ba
2026-07-23 09:15:00,gateway-service,INFO,,Inbound Request POST /api/v1/orders/checkout completed with 201 Created. Trace ID: 0be1a4081d99f0ba,0be1a4081d99f0ba
2026-07-23 10:00:00,gateway-service,INFO,,Gateway routing configurations successfully reloaded. Active routes: /api/v1/*,
2026-07-23 10:00:00,auth-service,INFO,,Session cleaner worker run completed. Cleaned 0 expired tokens.,
2026-07-23 10:00:00,order-service,INFO,,Heartbeat check: Database is reachable. Active connections: 12.,
2026-07-23 10:00:00,inventory-service,INFO,,Stock sync worker ran successfully. 0 items update required.,
2026-07-23 10:00:00,payment-service,INFO,,Gateway healthcheck: stripe connectivity OK.,
2026-07-23 11:00:00,gateway-service,INFO,,Gateway routing configurations successfully reloaded. Active routes: /api/v1/*,
2026-07-23 11:00:00,auth-service,INFO,,Session cleaner worker run completed. Cleaned 0 expired tokens.,
2026-07-23 11:00:00,order-service,INFO,,Heartbeat check: Database is reachable. Active connections: 13.,
2026-07-23 11:00:00,inventory-service,INFO,,Stock sync worker ran successfully. 0 items update required.,
2026-07-23 11:00:00,payment-service,INFO,,Gateway healthcheck: stripe connectivity OK.,
2026-07-23 11:10:00,gateway-service,INFO,,"Inbound Request: POST /api/v1/orders/checkout, User: 63261",9e261d0e66215eba
2026-07-23 11:10:00,auth-service,INFO,,Token validation successful for user 63261,9e261d0e66215eba
2026-07-23 11:10:00,order-service,INFO,,Creating order 54551 for user 63261. Checking inventory...,9e261d0e66215eba
2026-07-23 11:10:00,inventory-service,INFO,,Stock check: Item available in warehouse. Reserving stock.,9e261d0e66215eba
2026-07-23 11:10:00,order-service,INFO,,Inventory reservation confirmed. Initiating payment for order 54551...,9e261d0e66215eba
2026-07-23 11:10:00,payment-service,INFO,,Authorizing payment via credit card for amount: $45.99. Order 54551,9e261d0e66215eba
2026-07-23 11:10:00,payment-service,INFO,,Payment transaction successful. AuthCode: stripe_ch_5a865ce5,9e261d0e66215eba
2026-07-23 11:10:00,order-service,INFO,,Payment successful. Confirming order status to PLACED. Order 54551,9e261d0e66215eba
2026-07-23 11:10:00,gateway-service,INFO,,Inbound Request POST /api/v1/orders/checkout completed with 201 Created. Trace ID: 9e261d0e66215eba,9e261d0e66215eba
2026-07-23 12:00:00,gateway-service,INFO,,Gateway routing configurations successfully reloaded. Active routes: /api/v1/*,
2026-07-23 12:00:00,auth-service,INFO,,Session cleaner worker run completed. Cleaned 0 expired tokens.,
2026-07-23 12:00:00,order-service,INFO,,Heartbeat check: Database is reachable. Active connections: 13.,
2026-07-23 12:00:00,inventory-service,INFO,,Stock sync worker ran successfully. 0 items update required.,
2026-07-23 12:00:00,payment-service,INFO,,Gateway healthcheck: stripe connectivity OK.,
2026-07-23 13:00:00,gateway-service,INFO,,Gateway routing configurations successfully reloaded. Active routes: /api/v1/*,
2026-07-23 13:00:00,auth-service,INFO,,Session cleaner worker run completed. Cleaned 0 expired tokens.,
2026-07-23 13:00:00,order-service,INFO,,Heartbeat check: Database is reachable. Active connections: 12.,
2026-07-23 13:00:00,inventory-service,INFO,,Stock sync worker ran successfully. 0 items update required.,
2026-07-23 13:00:00,payment-service,INFO,,Gateway healthcheck: stripe connectivity OK.,
2026-07-23 14:00:00,gateway-service,INFO,,Gateway routing configurations successfully reloaded. Active routes: /api/v1/*,
2026-07-23 14:00:00,auth-service,INFO,,Session cleaner worker run completed. Cleaned 0 expired tokens.,
2026-07-23 14:00:00,order-service,INFO,,Heartbeat check: Database is reachable. Active connections: 12.,
2026-07-23 14:00:00,inventory-service,INFO,,Stock sync worker ran successfully. 0 items update required.,
2026-07-23 14:00:00,payment-service,INFO,,Gateway healthcheck: stripe connectivity OK.,
2026-07-23 15:00:00,gateway-service,INFO,,Gateway routing configurations successfully reloaded. Active routes: /api/v1/*,
2026-07-23 15:00:00,auth-service,INFO,,Session cleaner worker run completed. Cleaned 0 expired tokens.,
2026-07-23 15:00:00,order-service,INFO,,Heartbeat check: Database is reachable. Active connections: 12.,
2026-07-23 15:00:00,inventory-service,INFO,,Stock sync worker ran successfully. 0 items update required.,
2026-07-23 15:00:00,payment-service,INFO,,Gateway healthcheck: stripe connectivity OK.,
2026-07-23 16:00:00,gateway-service,INFO,,Gateway routing configurations successfully reloaded. Active routes: /api/v1/*,
2026-07-23 16:00:00,auth-service,INFO,,Session cleaner worker run completed. Cleaned 0 expired tokens.,
2026-07-23 16:00:00,order-service,INFO,,Heartbeat check: Database is reachable. Active connections: 12.,
2026-07-23 16:00:00,inventory-service,INFO,,Stock sync worker ran successfully. 0 items update required.,
2026-07-23 16:00:00,payment-service,INFO,,Gateway healthcheck: stripe connectivity OK.,
2026-07-23 17:00:00,gateway-service,INFO,,Gateway routing configurations successfully reloaded. Active routes: /api/v1/*,
2026-07-23 17:00:00,auth-service,INFO,,Session cleaner worker run completed. Cleaned 0 expired tokens.,
2026-07-23 17:00:00,order-service,INFO,,Heartbeat check: Database is reachable. Active connections: 11.,
2026-07-23 17:00:00,inventory-service,INFO,,Stock sync worker ran successfully. 0 items update required.,
2026-07-23 17:00:00,payment-service,INFO,,Gateway healthcheck: stripe connectivity OK.,
2026-07-23 17:00:00,gateway-service,INFO,,"Inbound Request: POST /api/v1/orders/checkout, User: 68064",1b87c3e113adf55c
2026-07-23 17:00:00,auth-service,INFO,,Token validation successful for user 68064,1b87c3e113adf55c
2026-07-23 17:00:00,order-service,INFO,,Creating order 52385 for user 68064. Checking inventory...,1b87c3e113adf55c
2026-07-23 17:00:00,inventory-service,INFO,,Stock check: Item available in warehouse. Reserving stock.,1b87c3e113adf55c
2026-07-23 17:00:00,order-service,INFO,,Inventory reservation confirmed. Initiating payment for order 52385...,1b87c3e113adf55c
2026-07-23 17:00:00,payment-service,INFO,,Authorizing payment via credit card for amount: $45.99. Order 52385,1b87c3e113adf55c
2026-07-23 17:00:00,payment-service,INFO,,Payment transaction successful. AuthCode: stripe_ch_2a9e0e4a,1b87c3e113adf55c
2026-07-23 17:00:00,order-service,INFO,,Payment successful. Confirming order status to PLACED. Order 52385,1b87c3e113adf55c
2026-07-23 17:00:00,gateway-service,INFO,,Inbound Request POST /api/v1/orders/checkout completed with 201 Created. Trace ID: 1b87c3e113adf55c,1b87c3e113adf55c
2026-07-23 17:35:00,gateway-service,INFO,,"Inbound Request: POST /api/v1/orders/checkout, User: 83806",01b4b5f61854fe6d
2026-07-23 17:35:00,auth-service,INFO,,Token validation successful for user 83806,01b4b5f61854fe6d
2026-07-23 17:35:00,order-service,INFO,,Creating order 56206 for user 83806. Checking inventory...,01b4b5f61854fe6d
2026-07-23 17:35:00,inventory-service,INFO,,Stock check: Item available in warehouse. Reserving stock.,01b4b5f61854fe6d
2026-07-23 17:35:00,order-service,INFO,,Inventory reservation confirmed. Initiating payment for order 56206...,01b4b5f61854fe6d
2026-07-23 17:35:00,payment-service,INFO,,Authorizing payment via credit card for amount: $45.99. Order 56206,01b4b5f61854fe6d
2026-07-23 17:35:00,payment-service,INFO,,Payment transaction successful. AuthCode: stripe_ch_0450f3a9,01b4b5f61854fe6d
2026-07-23 17:35:00,order-service,INFO,,Payment successful. Confirming order status to PLACED. Order 56206,01b4b5f61854fe6d
2026-07-23 17:35:00,gateway-service,INFO,,Inbound Request POST /api/v1/orders/checkout completed with 201 Created. Trace ID: 01b4b5f61854fe6d,01b4b5f61854fe6d
2026-07-23 18:00:00,gateway-service,INFO,,Gateway routing configurations successfully reloaded. Active routes: /api/v1/*,
2026-07-23 18:00:00,auth-service,INFO,,Session cleaner worker run completed. Cleaned 0 expired tokens.,
2026-07-23 18:00:00,order-service,INFO,,Heartbeat check: Database is reachable. Active connections: 11.,
2026-07-23 18:00:00,inventory-service,INFO,,Stock sync worker ran successfully. 0 items update required.,
2026-07-23 18:00:00,payment-service,INFO,,Gateway healthcheck: stripe connectivity OK.,
2026-07-23 19:00:00,gateway-service,INFO,,Gateway routing configurations successfully reloaded. Active routes: /api/v1/*,
2026-07-23 19:00:00,auth-service,INFO,,Session cleaner worker run completed. Cleaned 0 expired tokens.,
2026-07-23 19:00:00,order-service,INFO,,Heartbeat check: Database is reachable. Active connections: 11.,
2026-07-23 19:00:00,inventory-service,INFO,,Stock sync worker ran successfully. 0 items update required.,
2026-07-23 19:00:00,payment-service,INFO,,Gateway healthcheck: stripe connectivity OK.,
2026-07-23 20:00:00,gateway-service,INFO,,Gateway routing configurations successfully reloaded. Active routes: /api/v1/*,
2026-07-23 20:00:00,auth-service,INFO,,Session cleaner worker run completed. Cleaned 0 expired tokens.,
2026-07-23 20:00:00,order-service,INFO,,Heartbeat check: Database is reachable. Active connections: 9.,
2026-07-23 20:00:00,inventory-service,INFO,,Stock sync worker ran successfully. 0 items update required.,
2026-07-23 20:00:00,payment-service,INFO,,Gateway healthcheck: stripe connectivity OK.,
2026-07-23 21:00:00,gateway-service,INFO,,Gateway routing configurations successfully reloaded. Active routes: /api/v1/*,
2026-07-23 21:00:00,auth-service,INFO,,Session cleaner worker run completed. Cleaned 0 expired tokens.,
2026-07-23 21:00:00,order-service,INFO,,Heartbeat check: Database is reachable. Active connections: 8.,
2026-07-23 21:00:00,inventory-service,INFO,,Stock sync worker ran successfully. 0 items update required.,
2026-07-23 21:00:00,payment-service,INFO,,Gateway healthcheck: stripe connectivity OK.,
2026-07-23 22:00:00,gateway-service,INFO,,Gateway routing configurations successfully reloaded. Active routes: /api/v1/*,
2026-07-23 22:00:00,auth-service,INFO,,Session cleaner worker run completed. Cleaned 0 expired tokens.,
2026-07-23 22:00:00,order-service,INFO,,Heartbeat check: Database is reachable. Active connections: 7.,
2026-07-23 22:00:00,inventory-service,INFO,,Stock sync worker ran successfully. 0 items update required.,
2026-07-23 22:00:00,payment-service,INFO,,Gateway healthcheck: stripe connectivity OK.,
2026-07-23 23:00:00,gateway-service,INFO,,Gateway routing configurations successfully reloaded. Active routes: /api/v1/*,
2026-07-23 23:00:00,auth-service,INFO,,Session cleaner worker run completed. Cleaned 0 expired tokens.,
2026-07-23 23:00:00,order-service,INFO,,Heartbeat check: Database is reachable. Active connections: 6.,
2026-07-23 23:00:00,inventory-service,INFO,,Stock sync worker ran successfully. 0 items update required.,
2026-07-23 23:00:00,payment-service,INFO,,Gateway healthcheck: stripe connectivity OK.,
2026-07-24 00:00:00,gateway-service,INFO,,Gateway routing configurations successfully reloaded. Active routes: /api/v1/*,
2026-07-24 00:00:00,auth-service,INFO,,Session cleaner worker run completed. Cleaned 0 expired tokens.,
2026-07-24 00:00:00,order-service,INFO,,Heartbeat check: Database is reachable. Active connections: 3.,
2026-07-24 00:00:00,inventory-service,INFO,,Stock sync worker ran successfully. 0 items update required.,
2026-07-24 00:00:00,payment-service,INFO,,Gateway healthcheck: stripe connectivity OK.,
2026-07-24 01:00:00,gateway-service,INFO,,Gateway routing configurations successfully reloaded. Active routes: /api/v1/*,
2026-07-24 01:00:00,auth-service,INFO,,Session cleaner worker run completed. Cleaned 0 expired tokens.,
2026-07-24 01:00:00,order-service,INFO,,Heartbeat check: Database is reachable. Active connections: 3.,
2026-07-24 01:00:00,inventory-service,INFO,,Stock sync worker ran successfully. 0 items update required.,
2026-07-24 01:00:00,payment-service,INFO,,Gateway healthcheck: stripe connectivity OK.,
2026-07-24 01:25:00,gateway-service,INFO,,"Inbound Request: POST /api/v1/orders/checkout, User: 15951",1f5cb13f3ec37d59
2026-07-24 01:25:00,auth-service,INFO,,Token validation successful for user 15951,1f5cb13f3ec37d59
2026-07-24 01:25:00,order-service,INFO,,Creating order 55086 for user 15951. Checking inventory...,1f5cb13f3ec37d59
2026-07-24 01:25:00,inventory-service,INFO,,Stock check: Item available in warehouse. Reserving stock.,1f5cb13f3ec37d59
2026-07-24 01:25:00,order-service,INFO,,Inventory reservation confirmed. Initiating payment for order 55086...,1f5cb13f3ec37d59
2026-07-24 01:25:00,payment-service,INFO,,Authorizing payment via credit card for amount: $45.99. Order 55086,1f5cb13f3ec37d59
2026-07-24 01:25:00,payment-service,INFO,,Payment transaction successful. AuthCode: stripe_ch_bd3a9b5c,1f5cb13f3ec37d59
2026-07-24 01:25:00,order-service,INFO,,Payment successful. Confirming order status to PLACED. Order 55086,1f5cb13f3ec37d59
2026-07-24 01:25:00,gateway-service,INFO,,Inbound Request POST /api/v1/orders/checkout completed with 201 Created. Trace ID: 1f5cb13f3ec37d59,1f5cb13f3ec37d59
2026-07-24 02:00:00,gateway-service,INFO,,Gateway routing configurations successfully reloaded. Active routes: /api/v1/*,
2026-07-24 02:00:00,auth-service,INFO,,Session cleaner worker run completed. Cleaned 0 expired tokens.,
2026-07-24 02:00:00,order-service,INFO,,Heartbeat check: Database is reachable. Active connections: 3.,
2026-07-24 02:00:00,inventory-service,INFO,,Stock sync worker ran successfully. 0 items update required.,
2026-07-24 02:00:00,payment-service,INFO,,Gateway healthcheck: stripe connectivity OK.,
2026-07-24 03:00:00,gateway-service,INFO,,Gateway routing configurations successfully reloaded. Active routes: /api/v1/*,
2026-07-24 03:00:00,auth-service,INFO,,Session cleaner worker run completed. Cleaned 0 expired tokens.,
2026-07-24 03:00:00,order-service,INFO,,Heartbeat check: Database is reachable. Active connections: 3.,
2026-07-24 03:00:00,inventory-service,INFO,,Stock sync worker ran successfully. 0 items update required.,
2026-07-24 03:00:00,payment-service,INFO,,Gateway healthcheck: stripe connectivity OK.,
2026-07-24 04:00:00,gateway-service,INFO,,Gateway routing configurations successfully reloaded. Active routes: /api/v1/*,
2026-07-24 04:00:00,auth-service,INFO,,Session cleaner worker run completed. Cleaned 0 expired tokens.,
2026-07-24 04:00:00,order-service,INFO,,Heartbeat check: Database is reachable. Active connections: 3.,
2026-07-24 04:00:00,inventory-service,INFO,,Stock sync worker ran successfully. 0 items update required.,
2026-07-24 04:00:00,payment-service,INFO,,Gateway healthcheck: stripe connectivity OK.,
2026-07-24 05:00:00,gateway-service,INFO,,Gateway routing configurations successfully reloaded. Active routes: /api/v1/*,
2026-07-24 05:00:00,auth-service,INFO,,Session cleaner worker run completed. Cleaned 0 expired tokens.,
2026-07-24 05:00:00,order-service,INFO,,Heartbeat check: Database is reachable. Active connections: 4.,
2026-07-24 05:00:00,inventory-service,INFO,,Stock sync worker ran successfully. 0 items update required.,
2026-07-24 05:00:00,payment-service,INFO,,Gateway healthcheck: stripe connectivity OK.,
2026-07-24 06:00:00,gateway-service,INFO,,Gateway routing configurations successfully reloaded. Active routes: /api/v1/*,
2026-07-24 06:00:00,auth-service,INFO,,Session cleaner worker run completed. Cleaned 0 expired tokens.,
2026-07-24 06:00:00,order-service,INFO,,Heartbeat check: Database is reachable. Active connections: 5.,
2026-07-24 06:00:00,inventory-service,INFO,,Stock sync worker ran successfully. 0 items update required.,
2026-07-24 06:00:00,payment-service,INFO,,Gateway healthcheck: stripe connectivity OK.,
2026-07-24 07:00:00,gateway-service,INFO,,Gateway routing configurations successfully reloaded. Active routes: /api/v1/*,
2026-07-24 07:00:00,auth-service,INFO,,Session cleaner worker run completed. Cleaned 0 expired tokens.,
2026-07-24 07:00:00,order-service,INFO,,Heartbeat check: Database is reachable. Active connections: 8.,
2026-07-24 07:00:00,inventory-service,INFO,,Stock sync worker ran successfully. 0 items update required.,
2026-07-24 07:00:00,payment-service,INFO,,Gateway healthcheck: stripe connectivity OK.,
2026-07-24 07:05:00,gateway-service,INFO,,"Inbound Request: POST /api/v1/orders/checkout, User: 22579",8c075aebf91752a4
2026-07-24 07:05:00,auth-service,INFO,,Token validation successful for user 22579,8c075aebf91752a4
2026-07-24 07:05:00,order-service,INFO,,Creating order 55026 for user 22579. Checking inventory...,8c075aebf91752a4
2026-07-24 07:05:00,inventory-service,INFO,,Stock check: Item available in warehouse. Reserving stock.,8c075aebf91752a4
2026-07-24 07:05:00,order-service,INFO,,Inventory reservation confirmed. Initiating payment for order 55026...,8c075aebf91752a4
2026-07-24 07:05:00,payment-service,INFO,,Authorizing payment via credit card for amount: $45.99. Order 55026,8c075aebf91752a4
2026-07-24 07:05:00,payment-service,INFO,,Payment transaction successful. AuthCode: stripe_ch_9231e92c,8c075aebf91752a4
2026-07-24 07:05:00,order-service,INFO,,Payment successful. Confirming order status to PLACED. Order 55026,8c075aebf91752a4
2026-07-24 07:05:00,gateway-service,INFO,,Inbound Request POST /api/v1/orders/checkout completed with 201 Created. Trace ID: 8c075aebf91752a4,8c075aebf91752a4
2026-07-24 08:00:00,gateway-service,INFO,,Gateway routing configurations successfully reloaded. Active routes: /api/v1/*,
2026-07-24 08:00:00,auth-service,INFO,,Session cleaner worker run completed. Cleaned 0 expired tokens.,
2026-07-24 08:00:00,order-service,INFO,,Heartbeat check: Database is reachable. Active connections: 10.,
2026-07-24 08:00:00,inventory-service,INFO,,Stock sync worker ran successfully. 0 items update required.,
2026-07-24 08:00:00,payment-service,INFO,,Gateway healthcheck: stripe connectivity OK.,
2026-07-24 09:00:00,gateway-service,INFO,,Gateway routing configurations successfully reloaded. Active routes: /api/v1/*,
2026-07-24 09:00:00,auth-service,INFO,,Session cleaner worker run completed. Cleaned 0 expired tokens.,
2026-07-24 09:00:00,order-service,INFO,,Heartbeat check: Database is reachable. Active connections: 12.,
2026-07-24 09:00:00,inventory-service,INFO,,Stock sync worker ran successfully. 0 items update required.,
2026-07-24 09:00:00,payment-service,INFO,,Gateway healthcheck: stripe connectivity OK.,
2026-07-24 10:00:00,gateway-service,INFO,,Gateway routing configurations successfully reloaded. Active routes: /api/v1/*,
2026-07-24 10:00:00,auth-service,INFO,,Session cleaner worker run completed. Cleaned 0 expired tokens.,
2026-07-24 10:00:00,order-service,INFO,,Heartbeat check: Database is reachable. Active connections: 13.,
2026-07-24 10:00:00,inventory-service,INFO,,Stock sync worker ran successfully. 0 items update required.,
2026-07-24 10:00:00,payment-service,INFO,,Gateway healthcheck: stripe connectivity OK.,
2026-07-24 11:00:00,gateway-service,INFO,,Gateway routing configurations successfully reloaded. Active routes: /api/v1/*,
2026-07-24 11:00:00,auth-service,INFO,,Session cleaner worker run completed. Cleaned 0 expired tokens.,
2026-07-24 11:00:00,order-service,INFO,,Heartbeat check: Database is reachable. Active connections: 13.,
2026-07-24 11:00:00,inventory-service,INFO,,Stock sync worker ran successfully. 0 items update required.,
2026-07-24 11:00:00,payment-service,INFO,,Gateway healthcheck: stripe connectivity OK.,
2026-07-24 12:00:00,gateway-service,INFO,,Gateway routing configurations successfully reloaded. Active routes: /api/v1/*,
2026-07-24 12:00:00,auth-service,INFO,,Session cleaner worker run completed. Cleaned 0 expired tokens.,
2026-07-24 12:00:00,order-service,INFO,,Heartbeat check: Database is reachable. Active connections: 13.,
2026-07-24 12:00:00,inventory-service,INFO,,Stock sync worker ran successfully. 0 items update required.,
2026-07-24 12:00:00,payment-service,INFO,,Gateway healthcheck: stripe connectivity OK.,
2026-07-24 13:00:00,gateway-service,INFO,,Gateway routing configurations successfully reloaded. Active routes: /api/v1/*,
2026-07-24 13:00:00,auth-service,INFO,,Session cleaner worker run completed. Cleaned 0 expired tokens.,
2026-07-24 13:00:00,order-service,INFO,,Heartbeat check: Database is reachable. Active connections: 12.,
2026-07-24 13:00:00,inventory-service,INFO,,Stock sync worker ran successfully. 0 items update required.,
2026-07-24 13:00:00,payment-service,INFO,,Gateway healthcheck: stripe connectivity OK.,
2026-07-24 14:00:00,gateway-service,INFO,,Gateway routing configurations successfully reloaded. Active routes: /api/v1/*,
2026-07-24 14:00:00,auth-service,INFO,,Session cleaner worker run completed. Cleaned 0 expired tokens.,
2026-07-24 14:00:00,order-service,INFO,,Heartbeat check: Database is reachable. Active connections: 11.,
2026-07-24 14:00:00,inventory-service,INFO,,Stock sync worker ran successfully. 0 items update required.,
2026-07-24 14:00:00,payment-service,INFO,,Gateway healthcheck: stripe connectivity OK.,
2026-07-24 15:00:00,gateway-service,INFO,,Gateway routing configurations successfully reloaded. Active routes: /api/v1/*,
2026-07-24 15:00:00,auth-service,INFO,,Session cleaner worker run completed. Cleaned 0 expired tokens.,
2026-07-24 15:00:00,order-service,INFO,,Heartbeat check: Database is reachable. Active connections: 11.,
2026-07-24 15:00:00,inventory-service,INFO,,Stock sync worker ran successfully. 0 items update required.,
2026-07-24 15:00:00,payment-service,INFO,,Gateway healthcheck: stripe connectivity OK.,
2026-07-24 16:00:00,gateway-service,INFO,,Gateway routing configurations successfully reloaded. Active routes: /api/v1/*,
2026-07-24 16:00:00,auth-service,INFO,,Session cleaner worker run completed. Cleaned 0 expired tokens.,
2026-07-24 16:00:00,order-service,INFO,,Heartbeat check: Database is reachable. Active connections: 11.,
2026-07-24 16:00:00,inventory-service,INFO,,Stock sync worker ran successfully. 0 items update required.,
2026-07-24 16:00:00,payment-service,INFO,,Gateway healthcheck: stripe connectivity OK.,
2026-07-24 16:05:00,gateway-service,INFO,,"Inbound Request: POST /api/v1/orders/checkout, User: 88971",33919325c8ea6716
2026-07-24 16:05:00,auth-service,INFO,,Token validation successful for user 88971,33919325c8ea6716
2026-07-24 16:05:00,order-service,INFO,,Creating order 53938 for user 88971. Checking inventory...,33919325c8ea6716
2026-07-24 16:05:00,inventory-service,INFO,,Stock check: Item available in warehouse. Reserving stock.,33919325c8ea6716
2026-07-24 16:05:00,order-service,INFO,,Inventory reservation confirmed. Initiating payment for order 53938...,33919325c8ea6716
2026-07-24 16:05:00,payment-service,INFO,,Authorizing payment via credit card for amount: $45.99. Order 53938,33919325c8ea6716
2026-07-24 16:05:00,payment-service,INFO,,Payment transaction successful. AuthCode: stripe_ch_74d9d222,33919325c8ea6716
2026-07-24 16:05:00,order-service,INFO,,Payment successful. Confirming order status to PLACED. Order 53938,33919325c8ea6716
2026-07-24 16:05:00,gateway-service,INFO,,Inbound Request POST /api/v1/orders/checkout completed with 201 Created. Trace ID: 33919325c8ea6716,33919325c8ea6716
2026-07-24 17:00:00,gateway-service,INFO,,Gateway routing configurations successfully reloaded. Active routes: /api/v1/*,
2026-07-24 17:00:00,auth-service,INFO,,Session cleaner worker run completed. Cleaned 0 expired tokens.,
2026-07-24 17:00:00,order-service,INFO,,Heartbeat check: Database is reachable. Active connections: 11.,
2026-07-24 17:00:00,inventory-service,INFO,,Stock sync worker ran successfully. 0 items update required.,
2026-07-24 17:00:00,payment-service,INFO,,Gateway healthcheck: stripe connectivity OK.,
2026-07-24 18:00:00,gateway-service,INFO,,Gateway routing configurations successfully reloaded. Active routes: /api/v1/*,
2026-07-24 18:00:00,auth-service,INFO,,Session cleaner worker run completed. Cleaned 0 expired tokens.,
2026-07-24 18:00:00,order-service,INFO,,Heartbeat check: Database is reachable. Active connections: 11.,
2026-07-24 18:00:00,inventory-service,INFO,,Stock sync worker ran successfully. 0 items update required.,
2026-07-24 18:00:00,payment-service,INFO,,Gateway healthcheck: stripe connectivity OK.,
2026-07-24 19:00:00,gateway-service,INFO,,Gateway routing configurations successfully reloaded. Active routes: /api/v1/*,
2026-07-24 19:00:00,auth-service,INFO,,Session cleaner worker run completed. Cleaned 0 expired tokens.,
2026-07-24 19:00:00,order-service,INFO,,Heartbeat check: Database is reachable. Active connections: 10.,
2026-07-24 19:00:00,inventory-service,INFO,,Stock sync worker ran successfully. 0 items update required.,
2026-07-24 19:00:00,payment-service,INFO,,Gateway healthcheck: stripe connectivity OK.,
2026-07-24 20:00:00,gateway-service,INFO,,Gateway routing configurations successfully reloaded. Active routes: /api/v1/*,
2026-07-24 20:00:00,auth-service,INFO,,Session cleaner worker run completed. Cleaned 0 expired tokens.,
2026-07-24 20:00:00,order-service,INFO,,Heartbeat check: Database is reachable. Active connections: 10.,
2026-07-24 20:00:00,inventory-service,INFO,,Stock sync worker ran successfully. 0 items update required.,
2026-07-24 20:00:00,payment-service,INFO,,Gateway healthcheck: stripe connectivity OK.,
2026-07-24 21:00:00,gateway-service,INFO,,Gateway routing configurations successfully reloaded. Active routes: /api/v1/*,
2026-07-24 21:00:00,auth-service,INFO,,Session cleaner worker run completed. Cleaned 0 expired tokens.,
2026-07-24 21:00:00,order-service,INFO,,Heartbeat check: Database is reachable. Active connections: 9.,
2026-07-24 21:00:00,inventory-service,INFO,,Stock sync worker ran successfully. 0 items update required.,
2026-07-24 21:00:00,payment-service,INFO,,Gateway healthcheck: stripe connectivity OK.,
2026-07-24 22:00:00,gateway-service,INFO,,Gateway routing configurations successfully reloaded. Active routes: /api/v1/*,
2026-07-24 22:00:00,auth-service,INFO,,Session cleaner worker run completed. Cleaned 0 expired tokens.,
2026-07-24 22:00:00,order-service,INFO,,Heartbeat check: Database is reachable. Active connections: 7.,
2026-07-24 22:00:00,inventory-service,INFO,,Stock sync worker ran successfully. 0 items update required.,
2026-07-24 22:00:00,payment-service,INFO,,Gateway healthcheck: stripe connectivity OK.,
2026-07-24 23:00:00,gateway-service,INFO,,Gateway routing configurations successfully reloaded. Active routes: /api/v1/*,
2026-07-24 23:00:00,auth-service,INFO,,Session cleaner worker run completed. Cleaned 0 expired tokens.,
2026-07-24 23:00:00,order-service,INFO,,Heartbeat check: Database is reachable. Active connections: 6.,
2026-07-24 23:00:00,inventory-service,INFO,,Stock sync worker ran successfully. 0 items update required.,
2026-07-24 23:00:00,payment-service,INFO,,Gateway healthcheck: stripe connectivity OK.,
2026-07-25 00:00:00,gateway-service,INFO,,Gateway routing configurations successfully reloaded. Active routes: /api/v1/*,
2026-07-25 00:00:00,auth-service,INFO,,Session cleaner worker run completed. Cleaned 0 expired tokens.,
2026-07-25 00:00:00,order-service,INFO,,Heartbeat check: Database is reachable. Active connections: 3.,
2026-07-25 00:00:00,inventory-service,INFO,,Stock sync worker ran successfully. 0 items update required.,
2026-07-25 00:00:00,payment-service,INFO,,Gateway healthcheck: stripe connectivity OK.,
2026-07-25 01:00:00,gateway-service,INFO,,Gateway routing configurations successfully reloaded. Active routes: /api/v1/*,
2026-07-25 01:00:00,auth-service,INFO,,Session cleaner worker run completed. Cleaned 0 expired tokens.,
2026-07-25 01:00:00,order-service,INFO,,Heartbeat check: Database is reachable. Active connections: 3.,
2026-07-25 01:00:00,inventory-service,INFO,,Stock sync worker ran successfully. 0 items update required.,
2026-07-25 01:00:00,payment-service,INFO,,Gateway healthcheck: stripe connectivity OK.,
2026-07-25 02:00:00,gateway-service,INFO,,Gateway routing configurations successfully reloaded. Active routes: /api/v1/*,
2026-07-25 02:00:00,auth-service,INFO,,Session cleaner worker run completed. Cleaned 0 expired tokens.,
2026-07-25 02:00:00,order-service,INFO,,Heartbeat check: Database is reachable. Active connections: 3.,
2026-07-25 02:00:00,inventory-service,INFO,,Stock sync worker ran successfully. 0 items update required.,
2026-07-25 02:00:00,payment-service,INFO,,Gateway healthcheck: stripe connectivity OK.,
2026-07-25 03:00:00,gateway-service,INFO,,Gateway routing configurations successfully reloaded. Active routes: /api/v1/*,
2026-07-25 03:00:00,auth-service,INFO,,Session cleaner worker run completed. Cleaned 0 expired tokens.,
2026-07-25 03:00:00,order-service,INFO,,Heartbeat check: Database is reachable. Active connections: 3.,
2026-07-25 03:00:00,inventory-service,INFO,,Stock sync worker ran successfully. 0 items update required.,
2026-07-25 03:00:00,payment-service,INFO,,Gateway healthcheck: stripe connectivity OK.,
2026-07-25 04:00:00,gateway-service,INFO,,Gateway routing configurations successfully reloaded. Active routes: /api/v1/*,
2026-07-25 04:00:00,auth-service,INFO,,Session cleaner worker run completed. Cleaned 0 expired tokens.,
2026-07-25 04:00:00,order-service,INFO,,Heartbeat check: Database is reachable. Active connections: 3.,
2026-07-25 04:00:00,inventory-service,INFO,,Stock sync worker ran successfully. 0 items update required.,
2026-07-25 04:00:00,payment-service,INFO,,Gateway healthcheck: stripe connectivity OK.,
2026-07-25 05:00:00,gateway-service,INFO,,Gateway routing configurations successfully reloaded. Active routes: /api/v1/*,
2026-07-25 05:00:00,auth-service,INFO,,Session cleaner worker run completed. Cleaned 0 expired tokens.,
2026-07-25 05:00:00,order-service,INFO,,Heartbeat check: Database is reachable. Active connections: 3.,
2026-07-25 05:00:00,inventory-service,INFO,,Stock sync worker ran successfully. 0 items update required.,
2026-07-25 05:00:00,payment-service,INFO,,Gateway healthcheck: stripe connectivity OK.,
2026-07-25 06:00:00,gateway-service,INFO,,Gateway routing configurations successfully reloaded. Active routes: /api/v1/*,
2026-07-25 06:00:00,auth-service,INFO,,Session cleaner worker run completed. Cleaned 0 expired tokens.,
2026-07-25 06:00:00,order-service,INFO,,Heartbeat check: Database is reachable. Active connections: 4.,
2026-07-25 06:00:00,inventory-service,INFO,,Stock sync worker ran successfully. 0 items update required.,
2026-07-25 06:00:00,payment-service,INFO,,Gateway healthcheck: stripe connectivity OK.,
2026-07-25 07:00:00,gateway-service,INFO,,Gateway routing configurations successfully reloaded. Active routes: /api/v1/*,
2026-07-25 07:00:00,auth-service,INFO,,Session cleaner worker run completed. Cleaned 0 expired tokens.,
2026-07-25 07:00:00,order-service,INFO,,Heartbeat check: Database is reachable. Active connections: 7.,
2026-07-25 07:00:00,inventory-service,INFO,,Stock sync worker ran successfully. 0 items update required.,
2026-07-25 07:00:00,payment-service,INFO,,Gateway healthcheck: stripe connectivity OK.,
2026-07-25 07:00:00,gateway-service,INFO,,"Inbound Request: POST /api/v1/orders/checkout, User: 94543",066fc60f6b2fd1fc
2026-07-25 07:00:00,auth-service,INFO,,Token validation successful for user 94543,066fc60f6b2fd1fc
2026-07-25 07:00:00,order-service,INFO,,Creating order 58827 for user 94543. Checking inventory...,066fc60f6b2fd1fc
2026-07-25 07:00:00,inventory-service,INFO,,Stock check: Item available in warehouse. Reserving stock.,066fc60f6b2fd1fc
2026-07-25 07:00:00,order-service,INFO,,Inventory reservation confirmed. Initiating payment for order 58827...,066fc60f6b2fd1fc
2026-07-25 07:00:00,payment-service,INFO,,Authorizing payment via credit card for amount: $45.99. Order 58827,066fc60f6b2fd1fc
2026-07-25 07:00:00,payment-service,INFO,,Payment transaction successful. AuthCode: stripe_ch_29ed8d87,066fc60f6b2fd1fc
2026-07-25 07:00:00,order-service,INFO,,Payment successful. Confirming order status to PLACED. Order 58827,066fc60f6b2fd1fc
2026-07-25 07:00:00,gateway-service,INFO,,Inbound Request POST /api/v1/orders/checkout completed with 201 Created. Trace ID: 066fc60f6b2fd1fc,066fc60f6b2fd1fc
2026-07-25 08:00:00,gateway-service,INFO,,Gateway routing configurations successfully reloaded. Active routes: /api/v1/*,
2026-07-25 08:00:00,auth-service,INFO,,Session cleaner worker run completed. Cleaned 0 expired tokens.,
2026-07-25 08:00:00,order-service,INFO,,Heartbeat check: Database is reachable. Active connections: 8.,
2026-07-25 08:00:00,inventory-service,INFO,,Stock sync worker ran successfully. 0 items update required.,
2026-07-25 08:00:00,payment-service,INFO,,Gateway healthcheck: stripe connectivity OK.,
2026-07-25 09:00:00,gateway-service,INFO,,Gateway routing configurations successfully reloaded. Active routes: /api/v1/*,
2026-07-25 09:00:00,auth-service,INFO,,Session cleaner worker run completed. Cleaned 0 expired tokens.,
2026-07-25 09:00:00,order-service,INFO,,Heartbeat check: Database is reachable. Active connections: 9.,
2026-07-25 09:00:00,inventory-service,INFO,,Stock sync worker ran successfully. 0 items update required.,
2026-07-25 09:00:00,payment-service,INFO,,Gateway healthcheck: stripe connectivity OK.,
2026-07-25 10:00:00,gateway-service,INFO,,Gateway routing configurations successfully reloaded. Active routes: /api/v1/*,
2026-07-25 10:00:00,auth-service,INFO,,Session cleaner worker run completed. Cleaned 0 expired tokens.,
2026-07-25 10:00:00,order-service,INFO,,Heartbeat check: Database is reachable. Active connections: 10.,
2026-07-25 10:00:00,inventory-service,INFO,,Stock sync worker ran successfully. 0 items update required.,
2026-07-25 10:00:00,payment-service,INFO,,Gateway healthcheck: stripe connectivity OK.,
2026-07-25 11:00:00,gateway-service,INFO,,Gateway routing configurations successfully reloaded. Active routes: /api/v1/*,
2026-07-25 11:00:00,auth-service,INFO,,Session cleaner worker run completed. Cleaned 0 expired tokens.,
2026-07-25 11:00:00,order-service,INFO,,Heartbeat check: Database is reachable. Active connections: 11.,
2026-07-25 11:00:00,inventory-service,INFO,,Stock sync worker ran successfully. 0 items update required.,
2026-07-25 11:00:00,payment-service,INFO,,Gateway healthcheck: stripe connectivity OK.,
2026-07-25 12:00:00,gateway-service,INFO,,Gateway routing configurations successfully reloaded. Active routes: /api/v1/*,
2026-07-25 12:00:00,auth-service,INFO,,Session cleaner worker run completed. Cleaned 0 expired tokens.,
2026-07-25 12:00:00,order-service,INFO,,Heartbeat check: Database is reachable. Active connections: 11.,
2026-07-25 12:00:00,inventory-service,INFO,,Stock sync worker ran successfully. 0 items update required.,
2026-07-25 12:00:00,payment-service,INFO,,Gateway healthcheck: stripe connectivity OK.,
2026-07-25 13:00:00,gateway-service,INFO,,Gateway routing configurations successfully reloaded. Active routes: /api/v1/*,
2026-07-25 13:00:00,auth-service,INFO,,Session cleaner worker run completed. Cleaned 0 expired tokens.,
2026-07-25 13:00:00,order-service,INFO,,Heartbeat check: Database is reachable. Active connections: 10.,
2026-07-25 13:00:00,inventory-service,INFO,,Stock sync worker ran successfully. 0 items update required.,
2026-07-25 13:00:00,payment-service,INFO,,Gateway healthcheck: stripe connectivity OK.,
2026-07-25 14:00:00,gateway-service,INFO,,Gateway routing configurations successfully reloaded. Active routes: /api/v1/*,
2026-07-25 14:00:00,auth-service,INFO,,Session cleaner worker run completed. Cleaned 0 expired tokens.,
2026-07-25 14:00:00,order-service,INFO,,Heartbeat check: Database is reachable. Active connections: 10.,
2026-07-25 14:00:00,inventory-service,INFO,,Stock sync worker ran successfully. 0 items update required.,
2026-07-25 14:00:00,payment-service,INFO,,Gateway healthcheck: stripe connectivity OK.,
2026-07-25 15:00:00,gateway-service,INFO,,Gateway routing configurations successfully reloaded. Active routes: /api/v1/*,
2026-07-25 15:00:00,auth-service,INFO,,Session cleaner worker run completed. Cleaned 0 expired tokens.,
2026-07-25 15:00:00,order-service,INFO,,Heartbeat check: Database is reachable. Active connections: 9.,
2026-07-25 15:00:00,inventory-service,INFO,,Stock sync worker ran successfully. 0 items update required.,
2026-07-25 15:00:00,payment-service,INFO,,Gateway healthcheck: stripe connectivity OK.,
2026-07-25 16:00:00,gateway-service,INFO,,Gateway routing configurations successfully reloaded. Active routes: /api/v1/*,
2026-07-25 16:00:00,auth-service,INFO,,Session cleaner worker run completed. Cleaned 0 expired tokens.,
2026-07-25 16:00:00,order-service,INFO,,Heartbeat check: Database is reachable. Active connections: 9.,
2026-07-25 16:00:00,inventory-service,INFO,,Stock sync worker ran successfully. 0 items update required.,
2026-07-25 16:00:00,payment-service,INFO,,Gateway healthcheck: stripe connectivity OK.,
2026-07-25 16:00:00,gateway-service,INFO,,"Inbound Request: POST /api/v1/orders/checkout, User: 52644",8ee9a9c6c78b6c3e
2026-07-25 16:00:00,auth-service,INFO,,Token validation successful for user 52644,8ee9a9c6c78b6c3e
2026-07-25 16:00:00,order-service,INFO,,Creating order 59483 for user 52644. Checking inventory...,8ee9a9c6c78b6c3e
2026-07-25 16:00:00,inventory-service,INFO,,Stock check: Item available in warehouse. Reserving stock.,8ee9a9c6c78b6c3e
2026-07-25 16:00:00,order-service,INFO,,Inventory reservation confirmed. Initiating payment for order 59483...,8ee9a9c6c78b6c3e
2026-07-25 16:00:00,payment-service,INFO,,Authorizing payment via credit card for amount: $45.99. Order 59483,8ee9a9c6c78b6c3e
2026-07-25 16:00:00,payment-service,INFO,,Payment transaction successful. AuthCode: stripe_ch_59d8b42e,8ee9a9c6c78b6c3e
2026-07-25 16:00:00,order-service,INFO,,Payment successful. Confirming order status to PLACED. Order 59483,8ee9a9c6c78b6c3e
2026-07-25 16:00:00,gateway-service,INFO,,Inbound Request POST /api/v1/orders/checkout completed with 201 Created. Trace ID: 8ee9a9c6c78b6c3e,8ee9a9c6c78b6c3e
2026-07-25 17:00:00,gateway-service,INFO,,Gateway routing configurations successfully reloaded. Active routes: /api/v1/*,
2026-07-25 17:00:00,auth-service,INFO,,Session cleaner worker run completed. Cleaned 0 expired tokens.,
2026-07-25 17:00:00,order-service,INFO,,Heartbeat check: Database is reachable. Active connections: 9.,
2026-07-25 17:00:00,inventory-service,INFO,,Stock sync worker ran successfully. 0 items update required.,
2026-07-25 17:00:00,payment-service,INFO,,Gateway healthcheck: stripe connectivity OK.,
2026-07-25 18:00:00,gateway-service,INFO,,Gateway routing configurations successfully reloaded. Active routes: /api/v1/*,
2026-07-25 18:00:00,auth-service,INFO,,Session cleaner worker run completed. Cleaned 0 expired tokens.,
2026-07-25 18:00:00,order-service,INFO,,Heartbeat check: Database is reachable. Active connections: 9.,
2026-07-25 18:00:00,inventory-service,INFO,,Stock sync worker ran successfully. 0 items update required.,
2026-07-25 18:00:00,payment-service,INFO,,Gateway healthcheck: stripe connectivity OK.,
2026-07-25 19:00:00,gateway-service,INFO,,Gateway routing configurations successfully reloaded. Active routes: /api/v1/*,
2026-07-25 19:00:00,auth-service,INFO,,Session cleaner worker run completed. Cleaned 0 expired tokens.,
2026-07-25 19:00:00,order-service,INFO,,Heartbeat check: Database is reachable. Active connections: 9.,
2026-07-25 19:00:00,inventory-service,INFO,,Stock sync worker ran successfully. 0 items update required.,
2026-07-25 19:00:00,payment-service,INFO,,Gateway healthcheck: stripe connectivity OK.,
2026-07-25 19:20:00,gateway-service,INFO,,"Inbound Request: POST /api/v1/orders/checkout, User: 18950",67c13a4f8f9cfe5d
2026-07-25 19:20:00,auth-service,INFO,,Token validation successful for user 18950,67c13a4f8f9cfe5d
2026-07-25 19:20:00,order-service,INFO,,Creating order 55917 for user 18950. Checking inventory...,67c13a4f8f9cfe5d
2026-07-25 19:20:00,inventory-service,INFO,,Stock check: Item available in warehouse. Reserving stock.,67c13a4f8f9cfe5d
2026-07-25 19:20:00,order-service,INFO,,Inventory reservation confirmed. Initiating payment for order 55917...,67c13a4f8f9cfe5d
2026-07-25 19:20:00,payment-service,INFO,,Authorizing payment via credit card for amount: $45.99. Order 55917,67c13a4f8f9cfe5d
2026-07-25 19:20:00,payment-service,INFO,,Payment transaction successful. AuthCode: stripe_ch_e7102881,67c13a4f8f9cfe5d
2026-07-25 19:20:00,order-service,INFO,,Payment successful. Confirming order status to PLACED. Order 55917,67c13a4f8f9cfe5d
2026-07-25 19:20:00,gateway-service,INFO,,Inbound Request POST /api/v1/orders/checkout completed with 201 Created. Trace ID: 67c13a4f8f9cfe5d,67c13a4f8f9cfe5d
2026-07-25 20:00:00,gateway-service,INFO,,Gateway routing configurations successfully reloaded. Active routes: /api/v1/*,
2026-07-25 20:00:00,auth-service,INFO,,Session cleaner worker run completed. Cleaned 0 expired tokens.,
2026-07-25 20:00:00,order-service,INFO,,Heartbeat check: Database is reachable. Active connections: 9.,
2026-07-25 20:00:00,inventory-service,INFO,,Stock sync worker ran successfully. 0 items update required.,
2026-07-25 20:00:00,payment-service,INFO,,Gateway healthcheck: stripe connectivity OK.,
2026-07-25 21:00:00,gateway-service,INFO,,Gateway routing configurations successfully reloaded. Active routes: /api/v1/*,
2026-07-25 21:00:00,auth-service,INFO,,Session cleaner worker run completed. Cleaned 0 expired tokens.,
2026-07-25 21:00:00,order-service,INFO,,Heartbeat check: Database is reachable. Active connections: 7.,
2026-07-25 21:00:00,inventory-service,INFO,,Stock sync worker ran successfully. 0 items update required.,
2026-07-25 21:00:00,payment-service,INFO,,Gateway healthcheck: stripe connectivity OK.,
2026-07-25 22:00:00,gateway-service,INFO,,Gateway routing configurations successfully reloaded. Active routes: /api/v1/*,
2026-07-25 22:00:00,auth-service,INFO,,Session cleaner worker run completed. Cleaned 0 expired tokens.,
2026-07-25 22:00:00,order-service,INFO,,Heartbeat check: Database is reachable. Active connections: 6.,
2026-07-25 22:00:00,inventory-service,INFO,,Stock sync worker ran successfully. 0 items update required.,
2026-07-25 22:00:00,payment-service,INFO,,Gateway healthcheck: stripe connectivity OK.,
2026-07-25 22:15:00,gateway-service,INFO,,"Inbound Request: POST /api/v1/orders/checkout, User: 56477",e30971835bf2d7a7
2026-07-25 22:15:00,auth-service,INFO,,Token validation successful for user 56477,e30971835bf2d7a7
2026-07-25 22:15:00,order-service,INFO,,Creating order 55622 for user 56477. Checking inventory...,e30971835bf2d7a7
2026-07-25 22:15:00,inventory-service,INFO,,Stock check: Item available in warehouse. Reserving stock.,e30971835bf2d7a7
2026-07-25 22:15:00,order-service,INFO,,Inventory reservation confirmed. Initiating payment for order 55622...,e30971835bf2d7a7
2026-07-25 22:15:00,payment-service,INFO,,Authorizing payment via credit card for amount: $45.99. Order 55622,e30971835bf2d7a7
2026-07-25 22:15:00,payment-service,INFO,,Payment transaction successful. AuthCode: stripe_ch_46777358,e30971835bf2d7a7
2026-07-25 22:15:00,order-service,INFO,,Payment successful. Confirming order status to PLACED. Order 55622,e30971835bf2d7a7
2026-07-25 22:15:00,gateway-service,INFO,,Inbound Request POST /api/v1/orders/checkout completed with 201 Created. Trace ID: e30971835bf2d7a7,e30971835bf2d7a7
2026-07-25 22:45:00,gateway-service,INFO,,"Inbound Request: POST /api/v1/orders/checkout, User: 50509",9ea3f5b6fee45678
2026-07-25 22:45:00,auth-service,INFO,,Token validation successful for user 50509,9ea3f5b6fee45678
2026-07-25 22:45:00,order-service,INFO,,Creating order 57577 for user 50509. Checking inventory...,9ea3f5b6fee45678
2026-07-25 22:45:00,inventory-service,INFO,,Stock check: Item available in warehouse. Reserving stock.,9ea3f5b6fee45678
2026-07-25 22:45:00,order-service,INFO,,Inventory reservation confirmed. Initiating payment for order 57577...,9ea3f5b6fee45678
2026-07-25 22:45:00,payment-service,INFO,,Authorizing payment via credit card for amount: $45.99. Order 57577,9ea3f5b6fee45678
2026-07-25 22:45:00,payment-service,INFO,,Payment transaction successful. AuthCode: stripe_ch_a3463246,9ea3f5b6fee45678
2026-07-25 22:45:00,order-service,INFO,,Payment successful. Confirming order status to PLACED. Order 57577,9ea3f5b6fee45678
2026-07-25 22:45:00,gateway-service,INFO,,Inbound Request POST /api/v1/orders/checkout completed with 201 Created. Trace ID: 9ea3f5b6fee45678,9ea3f5b6fee45678
2026-07-25 23:00:00,gateway-service,INFO,,Gateway routing configurations successfully reloaded. Active routes: /api/v1/*,
2026-07-25 23:00:00,auth-service,INFO,,Session cleaner worker run completed. Cleaned 0 expired tokens.,
2026-07-25 23:00:00,order-service,INFO,,Heartbeat check: Database is reachable. Active connections: 5.,
2026-07-25 23:00:00,inventory-service,INFO,,Stock sync worker ran successfully. 0 items update required.,
2026-07-25 23:00:00,payment-service,INFO,,Gateway healthcheck: stripe connectivity OK.,
2026-07-26 00:00:00,gateway-service,INFO,,Gateway routing configurations successfully reloaded. Active routes: /api/v1/*,
2026-07-26 00:00:00,auth-service,INFO,,Session cleaner worker run completed. Cleaned 0 expired tokens.,
2026-07-26 00:00:00,order-service,INFO,,Heartbeat check: Database is reachable. Active connections: 3.,
2026-07-26 00:00:00,inventory-service,INFO,,Stock sync worker ran successfully. 0 items update required.,
2026-07-26 00:00:00,payment-service,INFO,,Gateway healthcheck: stripe connectivity OK.,
2026-07-26 00:15:00,gateway-service,INFO,,"Inbound Request: POST /api/v1/orders/checkout, User: 40596",de3a91d26a0dd341
2026-07-26 00:15:00,auth-service,INFO,,Token validation successful for user 40596,de3a91d26a0dd341
2026-07-26 00:15:00,order-service,INFO,,Creating order 52274 for user 40596. Checking inventory...,de3a91d26a0dd341
2026-07-26 00:15:00,inventory-service,INFO,,Stock check: Item available in warehouse. Reserving stock.,de3a91d26a0dd341
2026-07-26 00:15:00,order-service,INFO,,Inventory reservation confirmed. Initiating payment for order 52274...,de3a91d26a0dd341
2026-07-26 00:15:00,payment-service,INFO,,Authorizing payment via credit card for amount: $45.99. Order 52274,de3a91d26a0dd341
2026-07-26 00:15:00,payment-service,INFO,,Payment transaction successful. AuthCode: stripe_ch_ac2722de,de3a91d26a0dd341
2026-07-26 00:15:00,order-service,INFO,,Payment successful. Confirming order status to PLACED. Order 52274,de3a91d26a0dd341
2026-07-26 00:15:00,gateway-service,INFO,,Inbound Request POST /api/v1/orders/checkout completed with 201 Created. Trace ID: de3a91d26a0dd341,de3a91d26a0dd341
2026-07-26 00:40:00,gateway-service,INFO,,"Inbound Request: POST /api/v1/orders/checkout, User: 93628",1c130ed81900461a
2026-07-26 00:40:00,auth-service,INFO,,Token validation successful for user 93628,1c130ed81900461a
2026-07-26 00:40:00,order-service,INFO,,Creating order 54475 for user 93628. Checking inventory...,1c130ed81900461a
2026-07-26 00:40:00,inventory-service,INFO,,Stock check: Item available in warehouse. Reserving stock.,1c130ed81900461a
2026-07-26 00:40:00,order-service,INFO,,Inventory reservation confirmed. Initiating payment for order 54475...,1c130ed81900461a
2026-07-26 00:40:00,payment-service,INFO,,Authorizing payment via credit card for amount: $45.99. Order 54475,1c130ed81900461a
2026-07-26 00:40:00,payment-service,INFO,,Payment transaction successful. AuthCode: stripe_ch_d711068f,1c130ed81900461a
2026-07-26 00:40:00,order-service,INFO,,Payment successful. Confirming order status to PLACED. Order 54475,1c130ed81900461a
2026-07-26 00:40:00,gateway-service,INFO,,Inbound Request POST /api/v1/orders/checkout completed with 201 Created. Trace ID: 1c130ed81900461a,1c130ed81900461a
2026-07-26 01:00:00,gateway-service,INFO,,Gateway routing configurations successfully reloaded. Active routes: /api/v1/*,
2026-07-26 01:00:00,auth-service,INFO,,Session cleaner worker run completed. Cleaned 0 expired tokens.,
2026-07-26 01:00:00,order-service,INFO,,Heartbeat check: Database is reachable. Active connections: 3.,
2026-07-26 01:00:00,inventory-service,INFO,,Stock sync worker ran successfully. 0 items update required.,
2026-07-26 01:00:00,payment-service,INFO,,Gateway healthcheck: stripe connectivity OK.,
2026-07-26 02:00:00,gateway-service,INFO,,Gateway routing configurations successfully reloaded. Active routes: /api/v1/*,
2026-07-26 02:00:00,auth-service,INFO,,Session cleaner worker run completed. Cleaned 0 expired tokens.,
2026-07-26 02:00:00,order-service,INFO,,Heartbeat check: Database is reachable. Active connections: 3.,
2026-07-26 02:00:00,inventory-service,INFO,,Stock sync worker ran successfully. 0 items update required.,
2026-07-26 02:00:00,payment-service,INFO,,Gateway healthcheck: stripe connectivity OK.,
2026-07-26 03:00:00,gateway-service,INFO,,Gateway routing configurations successfully reloaded. Active routes: /api/v1/*,
2026-07-26 03:00:00,auth-service,INFO,,Session cleaner worker run completed. Cleaned 0 expired tokens.,
2026-07-26 03:00:00,order-service,INFO,,Heartbeat check: Database is reachable. Active connections: 3.,
2026-07-26 03:00:00,inventory-service,INFO,,Stock sync worker ran successfully. 0 items update required.,
2026-07-26 03:00:00,payment-service,INFO,,Gateway healthcheck: stripe connectivity OK.,
2026-07-26 03:55:00,gateway-service,INFO,,"Inbound Request: POST /api/v1/orders/checkout, User: 55436",4f2dfeb6857019c9
2026-07-26 03:55:00,auth-service,INFO,,Token validation successful for user 55436,4f2dfeb6857019c9
2026-07-26 03:55:00,order-service,INFO,,Creating order 50738 for user 55436. Checking inventory...,4f2dfeb6857019c9
2026-07-26 03:55:00,inventory-service,INFO,,Stock check: Item available in warehouse. Reserving stock.,4f2dfeb6857019c9
2026-07-26 03:55:00,order-service,INFO,,Inventory reservation confirmed. Initiating payment for order 50738...,4f2dfeb6857019c9
2026-07-26 03:55:00,payment-service,INFO,,Authorizing payment via credit card for amount: $45.99. Order 50738,4f2dfeb6857019c9
2026-07-26 03:55:00,payment-service,INFO,,Payment transaction successful. AuthCode: stripe_ch_1a6fb9c6,4f2dfeb6857019c9
2026-07-26 03:55:00,order-service,INFO,,Payment successful. Confirming order status to PLACED. Order 50738,4f2dfeb6857019c9
2026-07-26 03:55:00,gateway-service,INFO,,Inbound Request POST /api/v1/orders/checkout completed with 201 Created. Trace ID: 4f2dfeb6857019c9,4f2dfeb6857019c9
2026-07-26 04:00:00,gateway-service,INFO,,Gateway routing configurations successfully reloaded. Active routes: /api/v1/*,
2026-07-26 04:00:00,auth-service,INFO,,Session cleaner worker run completed. Cleaned 0 expired tokens.,
2026-07-26 04:00:00,order-service,INFO,,Heartbeat check: Database is reachable. Active connections: 3.,
2026-07-26 04:00:00,inventory-service,INFO,,Stock sync worker ran successfully. 0 items update required.,
2026-07-26 04:00:00,payment-service,INFO,,Gateway healthcheck: stripe connectivity OK.,
2026-07-26 05:00:00,gateway-service,INFO,,Gateway routing configurations successfully reloaded. Active routes: /api/v1/*,
2026-07-26 05:00:00,auth-service,INFO,,Session cleaner worker run completed. Cleaned 0 expired tokens.,
2026-07-26 05:00:00,order-service,INFO,,Heartbeat check: Database is reachable. Active connections: 3.,
2026-07-26 05:00:00,inventory-service,INFO,,Stock sync worker ran successfully. 0 items update required.,
2026-07-26 05:00:00,payment-service,INFO,,Gateway healthcheck: stripe connectivity OK.,
2026-07-26 06:00:00,gateway-service,INFO,,Gateway routing configurations successfully reloaded. Active routes: /api/v1/*,
2026-07-26 06:00:00,auth-service,INFO,,Session cleaner worker run completed. Cleaned 0 expired tokens.,
2026-07-26 06:00:00,order-service,INFO,,Heartbeat check: Database is reachable. Active connections: 5.,
2026-07-26 06:00:00,inventory-service,INFO,,Stock sync worker ran successfully. 0 items update required.,
2026-07-26 06:00:00,payment-service,INFO,,Gateway healthcheck: stripe connectivity OK.,
2026-07-26 06:35:00,gateway-service,INFO,,"Inbound Request: POST /api/v1/orders/checkout, User: 68861",668e754153d1d807
2026-07-26 06:35:00,auth-service,INFO,,Token validation successful for user 68861,668e754153d1d807
2026-07-26 06:35:00,order-service,INFO,,Creating order 56651 for user 68861. Checking inventory...,668e754153d1d807
2026-07-26 06:35:00,inventory-service,INFO,,Stock check: Item available in warehouse. Reserving stock.,668e754153d1d807
2026-07-26 06:35:00,order-service,INFO,,Inventory reservation confirmed. Initiating payment for order 56651...,668e754153d1d807
2026-07-26 06:35:00,payment-service,INFO,,Authorizing payment via credit card for amount: $45.99. Order 56651,668e754153d1d807
2026-07-26 06:35:00,payment-service,INFO,,Payment transaction successful. AuthCode: stripe_ch_d79fcd89,668e754153d1d807
2026-07-26 06:35:00,order-service,INFO,,Payment successful. Confirming order status to PLACED. Order 56651,668e754153d1d807
2026-07-26 06:35:00,gateway-service,INFO,,Inbound Request POST /api/v1/orders/checkout completed with 201 Created. Trace ID: 668e754153d1d807,668e754153d1d807
2026-07-26 07:00:00,gateway-service,INFO,,Gateway routing configurations successfully reloaded. Active routes: /api/v1/*,
2026-07-26 07:00:00,auth-service,INFO,,Session cleaner worker run completed. Cleaned 0 expired tokens.,
2026-07-26 07:00:00,order-service,INFO,,Heartbeat check: Database is reachable. Active connections: 7.,
2026-07-26 07:00:00,inventory-service,INFO,,Stock sync worker ran successfully. 0 items update required.,
2026-07-26 07:00:00,payment-service,INFO,,Gateway healthcheck: stripe connectivity OK.,
2026-07-26 08:00:00,gateway-service,INFO,,Gateway routing configurations successfully reloaded. Active routes: /api/v1/*,
2026-07-26 08:00:00,auth-service,INFO,,Session cleaner worker run completed. Cleaned 0 expired tokens.,
2026-07-26 08:00:00,order-service,INFO,,Heartbeat check: Database is reachable. Active connections: 9.,
2026-07-26 08:00:00,inventory-service,INFO,,Stock sync worker ran successfully. 0 items update required.,
2026-07-26 08:00:00,payment-service,INFO,,Gateway healthcheck: stripe connectivity OK.,
2026-07-26 08:15:00,gateway-service,INFO,,"Inbound Request: POST /api/v1/orders/checkout, User: 54540",11eac952a05e0674
2026-07-26 08:15:00,auth-service,INFO,,Token validation successful for user 54540,11eac952a05e0674
2026-07-26 08:15:00,order-service,INFO,,Creating order 53833 for user 54540. Checking inventory...,11eac952a05e0674
2026-07-26 08:15:00,inventory-service,INFO,,Stock check: Item available in warehouse. Reserving stock.,11eac952a05e0674
2026-07-26 08:15:00,order-service,INFO,,Inventory reservation confirmed. Initiating payment for order 53833...,11eac952a05e0674
2026-07-26 08:15:00,payment-service,INFO,,Authorizing payment via credit card for amount: $45.99. Order 53833,11eac952a05e0674
2026-07-26 08:15:00,payment-service,INFO,,Payment transaction successful. AuthCode: stripe_ch_eac717c5,11eac952a05e0674
2026-07-26 08:15:00,order-service,INFO,,Payment successful. Confirming order status to PLACED. Order 53833,11eac952a05e0674
2026-07-26 08:15:00,gateway-service,INFO,,Inbound Request POST /api/v1/orders/checkout completed with 201 Created. Trace ID: 11eac952a05e0674,11eac952a05e0674
2026-07-26 08:45:00,gateway-service,INFO,,"Inbound Request: POST /api/v1/orders/checkout, User: 27707",346a84f6a7344660
2026-07-26 08:45:00,auth-service,INFO,,Token validation successful for user 27707,346a84f6a7344660
2026-07-26 08:45:00,order-service,INFO,,Creating order 53590 for user 27707. Checking inventory...,346a84f6a7344660
2026-07-26 08:45:00,inventory-service,INFO,,Stock check: Item available in warehouse. Reserving stock.,346a84f6a7344660
2026-07-26 08:45:00,order-service,INFO,,Inventory reservation confirmed. Initiating payment for order 53590...,346a84f6a7344660
2026-07-26 08:45:00,payment-service,INFO,,Authorizing payment via credit card for amount: $45.99. Order 53590,346a84f6a7344660
2026-07-26 08:45:00,payment-service,INFO,,Payment transaction successful. AuthCode: stripe_ch_6bcdc428,346a84f6a7344660
2026-07-26 08:45:00,order-service,INFO,,Payment successful. Confirming order status to PLACED. Order 53590,346a84f6a7344660
2026-07-26 08:45:00,gateway-service,INFO,,Inbound Request POST /api/v1/orders/checkout completed with 201 Created. Trace ID: 346a84f6a7344660,346a84f6a7344660
2026-07-26 09:00:00,gateway-service,INFO,,Gateway routing configurations successfully reloaded. Active routes: /api/v1/*,
2026-07-26 09:00:00,auth-service,INFO,,Session cleaner worker run completed. Cleaned 0 expired tokens.,
2026-07-26 09:00:00,order-service,INFO,,Heartbeat check: Database is reachable. Active connections: 10.,
2026-07-26 09:00:00,inventory-service,INFO,,Stock sync worker ran successfully. 0 items update required.,
2026-07-26 09:00:00,payment-service,INFO,,Gateway healthcheck: stripe connectivity OK.,
2026-07-26 10:00:00,gateway-service,INFO,,Gateway routing configurations successfully reloaded. Active routes: /api/v1/*,
2026-07-26 10:00:00,auth-service,INFO,,Session cleaner worker run completed. Cleaned 0 expired tokens.,
2026-07-26 10:00:00,order-service,INFO,,Heartbeat check: Database is reachable. Active connections: 11.,
2026-07-26 10:00:00,inventory-service,INFO,,Stock sync worker ran successfully. 0 items update required.,
2026-07-26 10:00:00,payment-service,INFO,,Gateway healthcheck: stripe connectivity OK.,
2026-07-26 11:00:00,gateway-service,INFO,,Gateway routing configurations successfully reloaded. Active routes: /api/v1/*,
2026-07-26 11:00:00,auth-service,INFO,,Session cleaner worker run completed. Cleaned 0 expired tokens.,
2026-07-26 11:00:00,order-service,INFO,,Heartbeat check: Database is reachable. Active connections: 11.,
2026-07-26 11:00:00,inventory-service,INFO,,Stock sync worker ran successfully. 0 items update required.,
2026-07-26 11:00:00,payment-service,INFO,,Gateway healthcheck: stripe connectivity OK.,
2026-07-26 11:05:00,gateway-service,INFO,,"Inbound Request: POST /api/v1/orders/checkout, User: 94919",4b2b184c8ea3cf8c
2026-07-26 11:05:00,auth-service,INFO,,Token validation successful for user 94919,4b2b184c8ea3cf8c
2026-07-26 11:05:00,order-service,INFO,,Creating order 51956 for user 94919. Checking inventory...,4b2b184c8ea3cf8c
2026-07-26 11:05:00,inventory-service,INFO,,Stock check: Item available in warehouse. Reserving stock.,4b2b184c8ea3cf8c
2026-07-26 11:05:00,order-service,INFO,,Inventory reservation confirmed. Initiating payment for order 51956...,4b2b184c8ea3cf8c
2026-07-26 11:05:00,payment-service,INFO,,Authorizing payment via credit card for amount: $45.99. Order 51956,4b2b184c8ea3cf8c
2026-07-26 11:05:00,payment-service,INFO,,Payment transaction successful. AuthCode: stripe_ch_ce87e3b8,4b2b184c8ea3cf8c
2026-07-26 11:05:00,order-service,INFO,,Payment successful. Confirming order status to PLACED. Order 51956,4b2b184c8ea3cf8c
2026-07-26 11:05:00,gateway-service,INFO,,Inbound Request POST /api/v1/orders/checkout completed with 201 Created. Trace ID: 4b2b184c8ea3cf8c,4b2b184c8ea3cf8c
2026-07-26 12:00:00,gateway-service,INFO,,Gateway routing configurations successfully reloaded. Active routes: /api/v1/*,
2026-07-26 12:00:00,auth-service,INFO,,Session cleaner worker run completed. Cleaned 0 expired tokens.,
2026-07-26 12:00:00,order-service,INFO,,Heartbeat check: Database is reachable. Active connections: 11.,
2026-07-26 12:00:00,inventory-service,INFO,,Stock sync worker ran successfully. 0 items update required.,
2026-07-26 12:00:00,payment-service,INFO,,Gateway healthcheck: stripe connectivity OK.,
2026-07-26 13:00:00,gateway-service,INFO,,Gateway routing configurations successfully reloaded. Active routes: /api/v1/*,
2026-07-26 13:00:00,auth-service,INFO,,Session cleaner worker run completed. Cleaned 0 expired tokens.,
2026-07-26 13:00:00,order-service,INFO,,Heartbeat check: Database is reachable. Active connections: 10.,
2026-07-26 13:00:00,inventory-service,INFO,,Stock sync worker ran successfully. 0 items update required.,
2026-07-26 13:00:00,payment-service,INFO,,Gateway healthcheck: stripe connectivity OK.,
2026-07-26 14:00:00,gateway-service,INFO,,Gateway routing configurations successfully reloaded. Active routes: /api/v1/*,
2026-07-26 14:00:00,auth-service,INFO,,Session cleaner worker run completed. Cleaned 0 expired tokens.,
2026-07-26 14:00:00,order-service,INFO,,Heartbeat check: Database is reachable. Active connections: 10.,
2026-07-26 14:00:00,inventory-service,INFO,,Stock sync worker ran successfully. 0 items update required.,
2026-07-26 14:00:00,payment-service,INFO,,Gateway healthcheck: stripe connectivity OK.,
2026-07-26 14:00:00,gateway-service,INFO,,"Inbound Request: POST /api/v1/orders/checkout, User: 75499",a93b1f6974016881
2026-07-26 14:00:00,auth-service,INFO,,Token validation successful for user 75499,a93b1f6974016881
2026-07-26 14:00:00,order-service,INFO,,Creating order 57897 for user 75499. Checking inventory...,a93b1f6974016881
2026-07-26 14:00:00,inventory-service,INFO,,Stock check: Item available in warehouse. Reserving stock.,a93b1f6974016881
2026-07-26 14:00:00,order-service,INFO,,Inventory reservation confirmed. Initiating payment for order 57897...,a93b1f6974016881
2026-07-26 14:00:00,payment-service,INFO,,Authorizing payment via credit card for amount: $45.99. Order 57897,a93b1f6974016881
2026-07-26 14:00:00,payment-service,INFO,,Payment transaction successful. AuthCode: stripe_ch_12914ba1,a93b1f6974016881
2026-07-26 14:00:00,order-service,INFO,,Payment successful. Confirming order status to PLACED. Order 57897,a93b1f6974016881
2026-07-26 14:00:00,gateway-service,INFO,,Inbound Request POST /api/v1/orders/checkout completed with 201 Created. Trace ID: a93b1f6974016881,a93b1f6974016881
2026-07-26 15:00:00,gateway-service,INFO,,Gateway routing configurations successfully reloaded. Active routes: /api/v1/*,
2026-07-26 15:00:00,auth-service,INFO,,Session cleaner worker run completed. Cleaned 0 expired tokens.,
2026-07-26 15:00:00,order-service,INFO,,Heartbeat check: Database is reachable. Active connections: 9.,
2026-07-26 15:00:00,inventory-service,INFO,,Stock sync worker ran successfully. 0 items update required.,
2026-07-26 15:00:00,payment-service,INFO,,Gateway healthcheck: stripe connectivity OK.,
2026-07-26 16:00:00,gateway-service,INFO,,Gateway routing configurations successfully reloaded. Active routes: /api/v1/*,
2026-07-26 16:00:00,auth-service,INFO,,Session cleaner worker run completed. Cleaned 0 expired tokens.,
2026-07-26 16:00:00,order-service,INFO,,Heartbeat check: Database is reachable. Active connections: 9.,
2026-07-26 16:00:00,inventory-service,INFO,,Stock sync worker ran successfully. 0 items update required.,
2026-07-26 16:00:00,payment-service,INFO,,Gateway healthcheck: stripe connectivity OK.,
2026-07-26 17:00:00,gateway-service,INFO,,Gateway routing configurations successfully reloaded. Active routes: /api/v1/*,
2026-07-26 17:00:00,auth-service,INFO,,Session cleaner worker run completed. Cleaned 0 expired tokens.,
2026-07-26 17:00:00,order-service,INFO,,Heartbeat check: Database is reachable. Active connections: 9.,
2026-07-26 17:00:00,inventory-service,INFO,,Stock sync worker ran successfully. 0 items update required.,
2026-07-26 17:00:00,payment-service,INFO,,Gateway healthcheck: stripe connectivity OK.,
2026-07-26 18:00:00,gateway-service,INFO,,Gateway routing configurations successfully reloaded. Active routes: /api/v1/*,
2026-07-26 18:00:00,auth-service,INFO,,Session cleaner worker run completed. Cleaned 0 expired tokens.,
2026-07-26 18:00:00,order-service,INFO,,Heartbeat check: Database is reachable. Active connections: 9.,
2026-07-26 18:00:00,inventory-service,INFO,,Stock sync worker ran successfully. 0 items update required.,
2026-07-26 18:00:00,payment-service,INFO,,Gateway healthcheck: stripe connectivity OK.,
2026-07-26 19:00:00,gateway-service,INFO,,Gateway routing configurations successfully reloaded. Active routes: /api/v1/*,
2026-07-26 19:00:00,auth-service,INFO,,Session cleaner worker run completed. Cleaned 0 expired tokens.,
2026-07-26 19:00:00,order-service,INFO,,Heartbeat check: Database is reachable. Active connections: 9.,
2026-07-26 19:00:00,inventory-service,INFO,,Stock sync worker ran successfully. 0 items update required.,
2026-07-26 19:00:00,payment-service,INFO,,Gateway healthcheck: stripe connectivity OK.,
2026-07-26 20:00:00,gateway-service,INFO,,Gateway routing configurations successfully reloaded. Active routes: /api/v1/*,
2026-07-26 20:00:00,auth-service,INFO,,Session cleaner worker run completed. Cleaned 0 expired tokens.,
2026-07-26 20:00:00,order-service,INFO,,Heartbeat check: Database is reachable. Active connections: 8.,
2026-07-26 20:00:00,inventory-service,INFO,,Stock sync worker ran successfully. 0 items update required.,
2026-07-26 20:00:00,payment-service,INFO,,Gateway healthcheck: stripe connectivity OK.,
2026-07-26 21:00:00,gateway-service,INFO,,Gateway routing configurations successfully reloaded. Active routes: /api/v1/*,
2026-07-26 21:00:00,auth-service,INFO,,Session cleaner worker run completed. Cleaned 0 expired tokens.,
2026-07-26 21:00:00,order-service,INFO,,Heartbeat check: Database is reachable. Active connections: 7.,
2026-07-26 21:00:00,inventory-service,INFO,,Stock sync worker ran successfully. 0 items update required.,
2026-07-26 21:00:00,payment-service,INFO,,Gateway healthcheck: stripe connectivity OK.,
2026-07-26 22:00:00,gateway-service,INFO,,Gateway routing configurations successfully reloaded. Active routes: /api/v1/*,
2026-07-26 22:00:00,auth-service,INFO,,Session cleaner worker run completed. Cleaned 0 expired tokens.,
2026-07-26 22:00:00,order-service,INFO,,Heartbeat check: Database is reachable. Active connections: 6.,
2026-07-26 22:00:00,inventory-service,INFO,,Stock sync worker ran successfully. 0 items update required.,
2026-07-26 22:00:00,payment-service,INFO,,Gateway healthcheck: stripe connectivity OK.,
2026-07-26 23:00:00,gateway-service,INFO,,Gateway routing configurations successfully reloaded. Active routes: /api/v1/*,
2026-07-26 23:00:00,auth-service,INFO,,Session cleaner worker run completed. Cleaned 0 expired tokens.,
2026-07-26 23:00:00,order-service,INFO,,Heartbeat check: Database is reachable. Active connections: 5.,
2026-07-26 23:00:00,inventory-service,INFO,,Stock sync worker ran successfully. 0 items update required.,
2026-07-26 23:00:00,payment-service,INFO,,Gateway healthcheck: stripe connectivity OK.,
2026-07-26 23:00:00,gateway-service,INFO,,"Inbound Request: POST /api/v1/orders/checkout, User: 41969",a6dd46ec2b8d88a7
2026-07-26 23:00:00,auth-service,INFO,,Token validation successful for user 41969,a6dd46ec2b8d88a7
2026-07-26 23:00:00,order-service,INFO,,Creating order 57838 for user 41969. Checking inventory...,a6dd46ec2b8d88a7
2026-07-26 23:00:00,inventory-service,INFO,,Stock check: Item available in warehouse. Reserving stock.,a6dd46ec2b8d88a7
2026-07-26 23:00:00,order-service,INFO,,Inventory reservation confirmed. Initiating payment for order 57838...,a6dd46ec2b8d88a7
2026-07-26 23:00:00,payment-service,INFO,,Authorizing payment via credit card for amount: $45.99. Order 57838,a6dd46ec2b8d88a7
2026-07-26 23:00:00,payment-service,INFO,,Payment transaction successful. AuthCode: stripe_ch_6ac649e7,a6dd46ec2b8d88a7
2026-07-26 23:00:00,order-service,INFO,,Payment successful. Confirming order status to PLACED. Order 57838,a6dd46ec2b8d88a7
2026-07-26 23:00:00,gateway-service,INFO,,Inbound Request POST /api/v1/orders/checkout completed with 201 Created. Trace ID: a6dd46ec2b8d88a7,a6dd46ec2b8d88a7
2026-07-27 00:00:00,gateway-service,INFO,,Gateway routing configurations successfully reloaded. Active routes: /api/v1/*,
2026-07-27 00:00:00,auth-service,INFO,,Session cleaner worker run completed. Cleaned 0 expired tokens.,
2026-07-27 00:00:00,order-service,INFO,,Heartbeat check: Database is reachable. Active connections: 3.,
2026-07-27 00:00:00,inventory-service,INFO,,Stock sync worker ran successfully. 0 items update required.,
2026-07-27 00:00:00,payment-service,INFO,,Gateway healthcheck: stripe connectivity OK.,
2026-07-27 01:00:00,gateway-service,INFO,,Gateway routing configurations successfully reloaded. Active routes: /api/v1/*,
2026-07-27 01:00:00,auth-service,INFO,,Session cleaner worker run completed. Cleaned 0 expired tokens.,
2026-07-27 01:00:00,order-service,INFO,,Heartbeat check: Database is reachable. Active connections: 3.,
2026-07-27 01:00:00,inventory-service,INFO,,Stock sync worker ran successfully. 0 items update required.,
2026-07-27 01:00:00,payment-service,INFO,,Gateway healthcheck: stripe connectivity OK.,
2026-07-27 01:45:00,gateway-service,INFO,,"Inbound Request: POST /api/v1/orders/checkout, User: 33183",ee824571ae70621b
2026-07-27 01:45:00,auth-service,INFO,,Token validation successful for user 33183,ee824571ae70621b
2026-07-27 01:45:00,order-service,INFO,,Creating order 59064 for user 33183. Checking inventory...,ee824571ae70621b
2026-07-27 01:45:00,inventory-service,INFO,,Stock check: Item available in warehouse. Reserving stock.,ee824571ae70621b
2026-07-27 01:45:00,order-service,INFO,,Inventory reservation confirmed. Initiating payment for order 59064...,ee824571ae70621b
2026-07-27 01:45:00,payment-service,INFO,,Authorizing payment via credit card for amount: $45.99. Order 59064,ee824571ae70621b
2026-07-27 01:45:00,payment-service,INFO,,Payment transaction successful. AuthCode: stripe_ch_c4d40ac1,ee824571ae70621b
2026-07-27 01:45:00,order-service,INFO,,Payment successful. Confirming order status to PLACED. Order 59064,ee824571ae70621b
2026-07-27 01:45:00,gateway-service,INFO,,Inbound Request POST /api/v1/orders/checkout completed with 201 Created. Trace ID: ee824571ae70621b,ee824571ae70621b
2026-07-27 02:00:00,gateway-service,INFO,,Gateway routing configurations successfully reloaded. Active routes: /api/v1/*,
2026-07-27 02:00:00,auth-service,INFO,,Session cleaner worker run completed. Cleaned 0 expired tokens.,
2026-07-27 02:00:00,order-service,INFO,,Heartbeat check: Database is reachable. Active connections: 3.,
2026-07-27 02:00:00,inventory-service,INFO,,Stock sync worker ran successfully. 0 items update required.,
2026-07-27 02:00:00,payment-service,INFO,,Gateway healthcheck: stripe connectivity OK.,
2026-07-27 02:35:00,gateway-service,INFO,,"Inbound Request: POST /api/v1/orders/checkout, User: 55288",2525281de1541c87
2026-07-27 02:35:00,auth-service,INFO,,Token validation successful for user 55288,2525281de1541c87
2026-07-27 02:35:00,order-service,INFO,,Creating order 50220 for user 55288. Checking inventory...,2525281de1541c87
2026-07-27 02:35:00,inventory-service,INFO,,Stock check: Item available in warehouse. Reserving stock.,2525281de1541c87
2026-07-27 02:35:00,order-service,INFO,,Inventory reservation confirmed. Initiating payment for order 50220...,2525281de1541c87
2026-07-27 02:35:00,payment-service,INFO,,Authorizing payment via credit card for amount: $45.99. Order 50220,2525281de1541c87
2026-07-27 02:35:00,payment-service,INFO,,Payment transaction successful. AuthCode: stripe_ch_b1f9bea1,2525281de1541c87
2026-07-27 02:35:00,order-service,INFO,,Payment successful. Confirming order status to PLACED. Order 50220,2525281de1541c87
2026-07-27 02:35:00,gateway-service,INFO,,Inbound Request POST /api/v1/orders/checkout completed with 201 Created. Trace ID: 2525281de1541c87,2525281de1541c87
2026-07-27 03:00:00,gateway-service,INFO,,Gateway routing configurations successfully reloaded. Active routes: /api/v1/*,
2026-07-27 03:00:00,auth-service,INFO,,Session cleaner worker run completed. Cleaned 0 expired tokens.,
2026-07-27 03:00:00,order-service,INFO,,Heartbeat check: Database is reachable. Active connections: 3.,
2026-07-27 03:00:00,inventory-service,INFO,,Stock sync worker ran successfully. 0 items update required.,
2026-07-27 03:00:00,payment-service,INFO,,Gateway healthcheck: stripe connectivity OK.,
2026-07-27 04:00:00,gateway-service,INFO,,Gateway routing configurations successfully reloaded. Active routes: /api/v1/*,
2026-07-27 04:00:00,auth-service,INFO,,Session cleaner worker run completed. Cleaned 0 expired tokens.,
2026-07-27 04:00:00,order-service,INFO,,Heartbeat check: Database is reachable. Active connections: 3.,
2026-07-27 04:00:00,inventory-service,INFO,,Stock sync worker ran successfully. 0 items update required.,
2026-07-27 04:00:00,payment-service,INFO,,Gateway healthcheck: stripe connectivity OK.,
2026-07-27 05:00:00,gateway-service,INFO,,Gateway routing configurations successfully reloaded. Active routes: /api/v1/*,
2026-07-27 05:00:00,auth-service,INFO,,Session cleaner worker run completed. Cleaned 0 expired tokens.,
2026-07-27 05:00:00,order-service,INFO,,Heartbeat check: Database is reachable. Active connections: 3.,
2026-07-27 05:00:00,inventory-service,INFO,,Stock sync worker ran successfully. 0 items update required.,
2026-07-27 05:00:00,payment-service,INFO,,Gateway healthcheck: stripe connectivity OK.,
2026-07-27 06:00:00,gateway-service,INFO,,Gateway routing configurations successfully reloaded. Active routes: /api/v1/*,
2026-07-27 06:00:00,auth-service,INFO,,Session cleaner worker run completed. Cleaned 0 expired tokens.,
2026-07-27 06:00:00,order-service,INFO,,Heartbeat check: Database is reachable. Active connections: 5.,
2026-07-27 06:00:00,inventory-service,INFO,,Stock sync worker ran successfully. 0 items update required.,
2026-07-27 06:00:00,payment-service,INFO,,Gateway healthcheck: stripe connectivity OK.,
2026-07-27 07:00:00,gateway-service,INFO,,Gateway routing configurations successfully reloaded. Active routes: /api/v1/*,
2026-07-27 07:00:00,auth-service,INFO,,Session cleaner worker run completed. Cleaned 0 expired tokens.,
2026-07-27 07:00:00,order-service,INFO,,Heartbeat check: Database is reachable. Active connections: 8.,
2026-07-27 07:00:00,inventory-service,INFO,,Stock sync worker ran successfully. 0 items update required.,
2026-07-27 07:00:00,payment-service,INFO,,Gateway healthcheck: stripe connectivity OK.,
2026-07-27 07:55:00,gateway-service,INFO,,"Inbound Request: POST /api/v1/orders/checkout, User: 83188",97b9bb2f0011cd15
2026-07-27 07:55:00,auth-service,INFO,,Token validation successful for user 83188,97b9bb2f0011cd15
2026-07-27 07:55:00,order-service,INFO,,Creating order 59975 for user 83188. Checking inventory...,97b9bb2f0011cd15
2026-07-27 07:55:00,inventory-service,INFO,,Stock check: Item available in warehouse. Reserving stock.,97b9bb2f0011cd15
2026-07-27 07:55:00,order-service,INFO,,Inventory reservation confirmed. Initiating payment for order 59975...,97b9bb2f0011cd15
2026-07-27 07:55:00,payment-service,INFO,,Authorizing payment via credit card for amount: $45.99. Order 59975,97b9bb2f0011cd15
2026-07-27 07:55:00,payment-service,INFO,,Payment transaction successful. AuthCode: stripe_ch_6ca9a74f,97b9bb2f0011cd15
2026-07-27 07:55:00,order-service,INFO,,Payment successful. Confirming order status to PLACED. Order 59975,97b9bb2f0011cd15
2026-07-27 07:55:00,gateway-service,INFO,,Inbound Request POST /api/v1/orders/checkout completed with 201 Created. Trace ID: 97b9bb2f0011cd15,97b9bb2f0011cd15
2026-07-27 08:00:00,gateway-service,INFO,,Gateway routing configurations successfully reloaded. Active routes: /api/v1/*,
2026-07-27 08:00:00,auth-service,INFO,,Session cleaner worker run completed. Cleaned 0 expired tokens.,
2026-07-27 08:00:00,order-service,INFO,,Heartbeat check: Database is reachable. Active connections: 9.,
2026-07-27 08:00:00,inventory-service,INFO,,Stock sync worker ran successfully. 0 items update required.,
2026-07-27 08:00:00,payment-service,INFO,,Gateway healthcheck: stripe connectivity OK.,
2026-07-27 09:00:00,gateway-service,INFO,,Gateway routing configurations successfully reloaded. Active routes: /api/v1/*,
2026-07-27 09:00:00,auth-service,INFO,,Session cleaner worker run completed. Cleaned 0 expired tokens.,
2026-07-27 09:00:00,order-service,INFO,,Heartbeat check: Database is reachable. Active connections: 12.,
2026-07-27 09:00:00,inventory-service,INFO,,Stock sync worker ran successfully. 0 items update required.,
2026-07-27 09:00:00,payment-service,INFO,,Gateway healthcheck: stripe connectivity OK.,
2026-07-27 10:00:00,gateway-service,INFO,,Gateway routing configurations successfully reloaded. Active routes: /api/v1/*,
2026-07-27 10:00:00,auth-service,INFO,,Session cleaner worker run completed. Cleaned 0 expired tokens.,
2026-07-27 10:00:00,order-service,INFO,,Heartbeat check: Database is reachable. Active connections: 13.,
2026-07-27 10:00:00,inventory-service,INFO,,Stock sync worker ran successfully. 0 items update required.,
2026-07-27 10:00:00,payment-service,INFO,,Gateway healthcheck: stripe connectivity OK.,
2026-07-27 11:00:00,gateway-service,INFO,,Gateway routing configurations successfully reloaded. Active routes: /api/v1/*,
2026-07-27 11:00:00,auth-service,INFO,,Session cleaner worker run completed. Cleaned 0 expired tokens.,
2026-07-27 11:00:00,order-service,INFO,,Heartbeat check: Database is reachable. Active connections: 13.,
2026-07-27 11:00:00,inventory-service,INFO,,Stock sync worker ran successfully. 0 items update required.,
2026-07-27 11:00:00,payment-service,INFO,,Gateway healthcheck: stripe connectivity OK.,
2026-07-27 11:50:00,gateway-service,INFO,,"Inbound Request: POST /api/v1/orders/checkout, User: 25639",a23b7b33031f315a
2026-07-27 11:50:00,auth-service,INFO,,Token validation successful for user 25639,a23b7b33031f315a
2026-07-27 11:50:00,order-service,INFO,,Creating order 57167 for user 25639. Checking inventory...,a23b7b33031f315a
2026-07-27 11:50:00,inventory-service,INFO,,Stock check: Item available in warehouse. Reserving stock.,a23b7b33031f315a
2026-07-27 11:50:00,order-service,INFO,,Inventory reservation confirmed. Initiating payment for order 57167...,a23b7b33031f315a
2026-07-27 11:50:00,payment-service,INFO,,Authorizing payment via credit card for amount: $45.99. Order 57167,a23b7b33031f315a
2026-07-27 11:50:00,payment-service,INFO,,Payment transaction successful. AuthCode: stripe_ch_b211f7e2,a23b7b33031f315a
2026-07-27 11:50:00,order-service,INFO,,Payment successful. Confirming order status to PLACED. Order 57167,a23b7b33031f315a
2026-07-27 11:50:00,gateway-service,INFO,,Inbound Request POST /api/v1/orders/checkout completed with 201 Created. Trace ID: a23b7b33031f315a,a23b7b33031f315a
2026-07-27 12:00:00,gateway-service,INFO,,Gateway routing configurations successfully reloaded. Active routes: /api/v1/*,
2026-07-27 12:00:00,auth-service,INFO,,Session cleaner worker run completed. Cleaned 0 expired tokens.,
2026-07-27 12:00:00,order-service,INFO,,Heartbeat check: Database is reachable. Active connections: 13.,
2026-07-27 12:00:00,inventory-service,INFO,,Stock sync worker ran successfully. 0 items update required.,
2026-07-27 12:00:00,payment-service,INFO,,Gateway healthcheck: stripe connectivity OK.,
2026-07-27 13:00:00,gateway-service,INFO,,Gateway routing configurations successfully reloaded. Active routes: /api/v1/*,
2026-07-27 13:00:00,auth-service,INFO,,Session cleaner worker run completed. Cleaned 0 expired tokens.,
2026-07-27 13:00:00,order-service,INFO,,Heartbeat check: Database is reachable. Active connections: 13.,
2026-07-27 13:00:00,inventory-service,INFO,,Stock sync worker ran successfully. 0 items update required.,
2026-07-27 13:00:00,payment-service,INFO,,Gateway healthcheck: stripe connectivity OK.,
2026-07-27 14:00:00,gateway-service,INFO,,Gateway routing configurations successfully reloaded. Active routes: /api/v1/*,
2026-07-27 14:00:00,auth-service,INFO,,Session cleaner worker run completed. Cleaned 0 expired tokens.,
2026-07-27 14:00:00,order-service,INFO,,Heartbeat check: Database is reachable. Active connections: 12.,
2026-07-27 14:00:00,inventory-service,INFO,,Stock sync worker ran successfully. 0 items update required.,
2026-07-27 14:00:00,payment-service,INFO,,Gateway healthcheck: stripe connectivity OK.,
2026-07-27 15:00:00,gateway-service,INFO,,Gateway routing configurations successfully reloaded. Active routes: /api/v1/*,
2026-07-27 15:00:00,auth-service,INFO,,Session cleaner worker run completed. Cleaned 0 expired tokens.,
2026-07-27 15:00:00,order-service,INFO,,Heartbeat check: Database is reachable. Active connections: 11.,
2026-07-27 15:00:00,inventory-service,INFO,,Stock sync worker ran successfully. 0 items update required.,
2026-07-27 15:00:00,payment-service,INFO,,Gateway healthcheck: stripe connectivity OK.,
2026-07-27 16:00:00,gateway-service,INFO,,Gateway routing configurations successfully reloaded. Active routes: /api/v1/*,
2026-07-27 16:00:00,auth-service,INFO,,Session cleaner worker run completed. Cleaned 0 expired tokens.,
2026-07-27 16:00:00,order-service,INFO,,Heartbeat check: Database is reachable. Active connections: 11.,
2026-07-27 16:00:00,inventory-service,INFO,,Stock sync worker ran successfully. 0 items update required.,
2026-07-27 16:00:00,payment-service,INFO,,Gateway healthcheck: stripe connectivity OK.,
2026-07-27 17:00:00,gateway-service,INFO,,Gateway routing configurations successfully reloaded. Active routes: /api/v1/*,
2026-07-27 17:00:00,auth-service,INFO,,Session cleaner worker run completed. Cleaned 0 expired tokens.,
2026-07-27 17:00:00,order-service,INFO,,Heartbeat check: Database is reachable. Active connections: 11.,
2026-07-27 17:00:00,inventory-service,INFO,,Stock sync worker ran successfully. 0 items update required.,
2026-07-27 17:00:00,payment-service,INFO,,Gateway healthcheck: stripe connectivity OK.,
2026-07-27 18:00:00,gateway-service,INFO,,Gateway routing configurations successfully reloaded. Active routes: /api/v1/*,
2026-07-27 18:00:00,auth-service,INFO,,Session cleaner worker run completed. Cleaned 0 expired tokens.,
2026-07-27 18:00:00,order-service,INFO,,Heartbeat check: Database is reachable. Active connections: 11.,
2026-07-27 18:00:00,inventory-service,INFO,,Stock sync worker ran successfully. 0 items update required.,
2026-07-27 18:00:00,payment-service,INFO,,Gateway healthcheck: stripe connectivity OK.,
2026-07-27 19:00:00,gateway-service,INFO,,Gateway routing configurations successfully reloaded. Active routes: /api/v1/*,
2026-07-27 19:00:00,auth-service,INFO,,Session cleaner worker run completed. Cleaned 0 expired tokens.,
2026-07-27 19:00:00,order-service,INFO,,Heartbeat check: Database is reachable. Active connections: 11.,
2026-07-27 19:00:00,inventory-service,INFO,,Stock sync worker ran successfully. 0 items update required.,
2026-07-27 19:00:00,payment-service,INFO,,Gateway healthcheck: stripe connectivity OK.,
2026-07-27 20:00:00,gateway-service,INFO,,Gateway routing configurations successfully reloaded. Active routes: /api/v1/*,
2026-07-27 20:00:00,auth-service,INFO,,Session cleaner worker run completed. Cleaned 0 expired tokens.,
2026-07-27 20:00:00,order-service,INFO,,Heartbeat check: Database is reachable. Active connections: 9.,
2026-07-27 20:00:00,inventory-service,INFO,,Stock sync worker ran successfully. 0 items update required.,
2026-07-27 20:00:00,payment-service,INFO,,Gateway healthcheck: stripe connectivity OK.,
2026-07-27 21:00:00,gateway-service,INFO,,Gateway routing configurations successfully reloaded. Active routes: /api/v1/*,
2026-07-27 21:00:00,auth-service,INFO,,Session cleaner worker run completed. Cleaned 0 expired tokens.,
2026-07-27 21:00:00,order-service,INFO,,Heartbeat check: Database is reachable. Active connections: 9.,
2026-07-27 21:00:00,inventory-service,INFO,,Stock sync worker ran successfully. 0 items update required.,
2026-07-27 21:00:00,payment-service,INFO,,Gateway healthcheck: stripe connectivity OK.,
2026-07-27 22:00:00,gateway-service,INFO,,Gateway routing configurations successfully reloaded. Active routes: /api/v1/*,
2026-07-27 22:00:00,auth-service,INFO,,Session cleaner worker run completed. Cleaned 0 expired tokens.,
2026-07-27 22:00:00,order-service,INFO,,Heartbeat check: Database is reachable. Active connections: 7.,
2026-07-27 22:00:00,inventory-service,INFO,,Stock sync worker ran successfully. 0 items update required.,
2026-07-27 22:00:00,payment-service,INFO,,Gateway healthcheck: stripe connectivity OK.,
2026-07-27 23:00:00,gateway-service,INFO,,Gateway routing configurations successfully reloaded. Active routes: /api/v1/*,
2026-07-27 23:00:00,auth-service,INFO,,Session cleaner worker run completed. Cleaned 0 expired tokens.,
2026-07-27 23:00:00,order-service,INFO,,Heartbeat check: Database is reachable. Active connections: 5.,
2026-07-27 23:00:00,inventory-service,INFO,,Stock sync worker ran successfully. 0 items update required.,
2026-07-27 23:00:00,payment-service,INFO,,Gateway healthcheck: stripe connectivity OK.,
2026-07-27 23:15:00,gateway-service,INFO,,"Inbound Request: POST /api/v1/orders/checkout, User: 19398",2da5ca4acb0c5b24
2026-07-27 23:15:00,auth-service,INFO,,Token validation successful for user 19398,2da5ca4acb0c5b24
2026-07-27 23:15:00,order-service,INFO,,Creating order 52340 for user 19398. Checking inventory...,2da5ca4acb0c5b24
2026-07-27 23:15:00,inventory-service,INFO,,Stock check: Item available in warehouse. Reserving stock.,2da5ca4acb0c5b24
2026-07-27 23:15:00,order-service,INFO,,Inventory reservation confirmed. Initiating payment for order 52340...,2da5ca4acb0c5b24
2026-07-27 23:15:00,payment-service,INFO,,Authorizing payment via credit card for amount: $45.99. Order 52340,2da5ca4acb0c5b24
2026-07-27 23:15:00,payment-service,INFO,,Payment transaction successful. AuthCode: stripe_ch_666a0a94,2da5ca4acb0c5b24
2026-07-27 23:15:00,order-service,INFO,,Payment successful. Confirming order status to PLACED. Order 52340,2da5ca4acb0c5b24
2026-07-27 23:15:00,gateway-service,INFO,,Inbound Request POST /api/v1/orders/checkout completed with 201 Created. Trace ID: 2da5ca4acb0c5b24,2da5ca4acb0c5b24
2026-07-28 00:00:00,gateway-service,INFO,,Gateway routing configurations successfully reloaded. Active routes: /api/v1/*,
2026-07-28 00:00:00,auth-service,INFO,,Session cleaner worker run completed. Cleaned 0 expired tokens.,
2026-07-28 00:00:00,order-service,INFO,,Heartbeat check: Database is reachable. Active connections: 4.,
2026-07-28 00:00:00,inventory-service,INFO,,Stock sync worker ran successfully. 0 items update required.,
2026-07-28 00:00:00,payment-service,INFO,,Gateway healthcheck: stripe connectivity OK.,
2026-07-28 00:00:00,gateway-service,INFO,,"Inbound Request: POST /api/v1/orders/checkout, User: 33173",4b7f51b7712750a4
2026-07-28 00:00:00,auth-service,INFO,,Token validation successful for user 33173,4b7f51b7712750a4
2026-07-28 00:00:00,order-service,INFO,,Creating order 54925 for user 33173. Checking inventory...,4b7f51b7712750a4
2026-07-28 00:00:00,inventory-service,INFO,,Stock check: Item available in warehouse. Reserving stock.,4b7f51b7712750a4
2026-07-28 00:00:00,order-service,INFO,,Inventory reservation confirmed. Initiating payment for order 54925...,4b7f51b7712750a4
2026-07-28 00:00:00,payment-service,INFO,,Authorizing payment via credit card for amount: $45.99. Order 54925,4b7f51b7712750a4
2026-07-28 00:00:00,payment-service,INFO,,Payment transaction successful. AuthCode: stripe_ch_e86cb695,4b7f51b7712750a4
2026-07-28 00:00:00,order-service,INFO,,Payment successful. Confirming order status to PLACED. Order 54925,4b7f51b7712750a4
2026-07-28 00:00:00,gateway-service,INFO,,Inbound Request POST /api/v1/orders/checkout completed with 201 Created. Trace ID: 4b7f51b7712750a4,4b7f51b7712750a4
2026-07-28 01:00:00,gateway-service,INFO,,Gateway routing configurations successfully reloaded. Active routes: /api/v1/*,
2026-07-28 01:00:00,auth-service,INFO,,Session cleaner worker run completed. Cleaned 0 expired tokens.,
2026-07-28 01:00:00,order-service,INFO,,Heartbeat check: Database is reachable. Active connections: 3.,
2026-07-28 01:00:00,inventory-service,INFO,,Stock sync worker ran successfully. 0 items update required.,
2026-07-28 01:00:00,payment-service,INFO,,Gateway healthcheck: stripe connectivity OK.,
2026-07-28 02:00:00,gateway-service,INFO,,Gateway routing configurations successfully reloaded. Active routes: /api/v1/*,
2026-07-28 02:00:00,auth-service,INFO,,Session cleaner worker run completed. Cleaned 0 expired tokens.,
2026-07-28 02:00:00,order-service,INFO,,Heartbeat check: Database is reachable. Active connections: 3.,
2026-07-28 02:00:00,inventory-service,INFO,,Stock sync worker ran successfully. 0 items update required.,
2026-07-28 02:00:00,payment-service,INFO,,Gateway healthcheck: stripe connectivity OK.,
2026-07-28 02:45:00,gateway-service,INFO,,"Inbound Request: POST /api/v1/orders/checkout, User: 43876",2a2dca659e65254a
2026-07-28 02:45:00,auth-service,INFO,,Token validation successful for user 43876,2a2dca659e65254a
2026-07-28 02:45:00,order-service,INFO,,Creating order 50227 for user 43876. Checking inventory...,2a2dca659e65254a
2026-07-28 02:45:00,inventory-service,INFO,,Stock check: Item available in warehouse. Reserving stock.,2a2dca659e65254a
2026-07-28 02:45:00,order-service,INFO,,Inventory reservation confirmed. Initiating payment for order 50227...,2a2dca659e65254a
2026-07-28 02:45:00,payment-service,INFO,,Authorizing payment via credit card for amount: $45.99. Order 50227,2a2dca659e65254a
2026-07-28 02:45:00,payment-service,INFO,,Payment transaction successful. AuthCode: stripe_ch_34a8f995,2a2dca659e65254a
2026-07-28 02:45:00,order-service,INFO,,Payment successful. Confirming order status to PLACED. Order 50227,2a2dca659e65254a
2026-07-28 02:45:00,gateway-service,INFO,,Inbound Request POST /api/v1/orders/checkout completed with 201 Created. Trace ID: 2a2dca659e65254a,2a2dca659e65254a
2026-07-28 03:00:00,gateway-service,INFO,,Gateway routing configurations successfully reloaded. Active routes: /api/v1/*,
2026-07-28 03:00:00,auth-service,INFO,,Session cleaner worker run completed. Cleaned 0 expired tokens.,
2026-07-28 03:00:00,order-service,INFO,,Heartbeat check: Database is reachable. Active connections: 3.,
2026-07-28 03:00:00,inventory-service,INFO,,Stock sync worker ran successfully. 0 items update required.,
2026-07-28 03:00:00,payment-service,INFO,,Gateway healthcheck: stripe connectivity OK.,
2026-07-28 04:00:00,gateway-service,INFO,,Gateway routing configurations successfully reloaded. Active routes: /api/v1/*,
2026-07-28 04:00:00,auth-service,INFO,,Session cleaner worker run completed. Cleaned 0 expired tokens.,
2026-07-28 04:00:00,order-service,INFO,,Heartbeat check: Database is reachable. Active connections: 3.,
2026-07-28 04:00:00,inventory-service,INFO,,Stock sync worker ran successfully. 0 items update required.,
2026-07-28 04:00:00,payment-service,INFO,,Gateway healthcheck: stripe connectivity OK.,
2026-07-28 05:00:00,gateway-service,INFO,,Gateway routing configurations successfully reloaded. Active routes: /api/v1/*,
2026-07-28 05:00:00,auth-service,INFO,,Session cleaner worker run completed. Cleaned 0 expired tokens.,
2026-07-28 05:00:00,order-service,INFO,,Heartbeat check: Database is reachable. Active connections: 3.,
2026-07-28 05:00:00,inventory-service,INFO,,Stock sync worker ran successfully. 0 items update required.,
2026-07-28 05:00:00,payment-service,INFO,,Gateway healthcheck: stripe connectivity OK.,
2026-07-28 06:00:00,gateway-service,INFO,,Gateway routing configurations successfully reloaded. Active routes: /api/v1/*,
2026-07-28 06:00:00,auth-service,INFO,,Session cleaner worker run completed. Cleaned 0 expired tokens.,
2026-07-28 06:00:00,order-service,INFO,,Heartbeat check: Database is reachable. Active connections: 6.,
2026-07-28 06:00:00,inventory-service,INFO,,Stock sync worker ran successfully. 0 items update required.,
2026-07-28 06:00:00,payment-service,INFO,,Gateway healthcheck: stripe connectivity OK.,
2026-07-28 07:00:00,gateway-service,INFO,,Gateway routing configurations successfully reloaded. Active routes: /api/v1/*,
2026-07-28 07:00:00,auth-service,INFO,,Session cleaner worker run completed. Cleaned 0 expired tokens.,
2026-07-28 07:00:00,order-service,INFO,,Heartbeat check: Database is reachable. Active connections: 7.,
2026-07-28 07:00:00,inventory-service,INFO,,Stock sync worker ran successfully. 0 items update required.,
2026-07-28 07:00:00,payment-service,INFO,,Gateway healthcheck: stripe connectivity OK.,
2026-07-28 08:00:00,gateway-service,INFO,,Gateway routing configurations successfully reloaded. Active routes: /api/v1/*,
2026-07-28 08:00:00,auth-service,INFO,,Session cleaner worker run completed. Cleaned 0 expired tokens.,
2026-07-28 08:00:00,order-service,INFO,,Heartbeat check: Database is reachable. Active connections: 10.,
2026-07-28 08:00:00,inventory-service,INFO,,Stock sync worker ran successfully. 0 items update required.,
2026-07-28 08:00:00,payment-service,INFO,,Gateway healthcheck: stripe connectivity OK.,
2026-07-28 09:00:00,payment-service,ERROR,ERR-EXTERNAL-TIMEOUT,ConnectTimeoutException: Connect to api.stripe.com:443 failed: connect timed out. DNS resolution took 120ms.,cd08b493b7fc5279
2026-07-28 09:00:00,order-service,ERROR,ERR-DOWNSTREAM-FAIL,Payment failed for Order. Downstream payment-service error. Trace ID: cd08b493b7fc5279,cd08b493b7fc5279
2026-07-28 09:00:00,gateway-service,ERROR,ERR-CHECKOUT-FAIL,Payment Failed. Route: POST /api/v1/orders/checkout. Trace ID: cd08b493b7fc5279,cd08b493b7fc5279
2026-07-28 09:00:00,gateway-service,INFO,,Gateway routing configurations successfully reloaded. Active routes: /api/v1/*,
2026-07-28 09:00:00,auth-service,INFO,,Session cleaner worker run completed. Cleaned 0 expired tokens.,
2026-07-28 09:00:00,order-service,INFO,,Heartbeat check: Database is reachable. Active connections: 12.,
2026-07-28 09:00:00,inventory-service,INFO,,Stock sync worker ran successfully. 0 items update required.,
2026-07-28 09:00:00,payment-service,INFO,,Gateway healthcheck: stripe connectivity OK.,
2026-07-28 09:10:00,payment-service,ERROR,ERR-EXTERNAL-TIMEOUT,ConnectTimeoutException: Connect to api.stripe.com:443 failed: connect timed out. DNS resolution took 120ms.,96bffd52964f1a83
2026-07-28 09:10:00,order-service,ERROR,ERR-DOWNSTREAM-FAIL,Payment failed for Order. Downstream payment-service error. Trace ID: 96bffd52964f1a83,96bffd52964f1a83
2026-07-28 09:10:00,gateway-service,ERROR,ERR-CHECKOUT-FAIL,Payment Failed. Route: POST /api/v1/orders/checkout. Trace ID: 96bffd52964f1a83,96bffd52964f1a83
2026-07-28 09:20:00,payment-service,ERROR,ERR-EXTERNAL-TIMEOUT,ConnectTimeoutException: Connect to api.stripe.com:443 failed: connect timed out. DNS resolution took 120ms.,344bc514704e429d
2026-07-28 09:20:00,order-service,ERROR,ERR-DOWNSTREAM-FAIL,Payment failed for Order. Downstream payment-service error. Trace ID: 344bc514704e429d,344bc514704e429d
2026-07-28 09:20:00,gateway-service,ERROR,ERR-CHECKOUT-FAIL,Payment Failed. Route: POST /api/v1/orders/checkout. Trace ID: 344bc514704e429d,344bc514704e429d
2026-07-28 09:30:00,payment-service,ERROR,ERR-EXTERNAL-TIMEOUT,ConnectTimeoutException: Connect to api.stripe.com:443 failed: connect timed out. DNS resolution took 120ms.,143f13abfbf171aa
2026-07-28 09:30:00,order-service,ERROR,ERR-DOWNSTREAM-FAIL,Payment failed for Order. Downstream payment-service error. Trace ID: 143f13abfbf171aa,143f13abfbf171aa
2026-07-28 09:30:00,gateway-service,ERROR,ERR-CHECKOUT-FAIL,Payment Failed. Route: POST /api/v1/orders/checkout. Trace ID: 143f13abfbf171aa,143f13abfbf171aa
2026-07-28 09:40:00,payment-service,ERROR,ERR-EXTERNAL-TIMEOUT,ConnectTimeoutException: Connect to api.stripe.com:443 failed: connect timed out. DNS resolution took 120ms.,89a19af62f93e5b5
2026-07-28 09:40:00,order-service,ERROR,ERR-DOWNSTREAM-FAIL,Payment failed for Order. Downstream payment-service error. Trace ID: 89a19af62f93e5b5,89a19af62f93e5b5
2026-07-28 09:40:00,gateway-service,ERROR,ERR-CHECKOUT-FAIL,Payment Failed. Route: POST /api/v1/orders/checkout. Trace ID: 89a19af62f93e5b5,89a19af62f93e5b5
2026-07-28 09:50:00,payment-service,ERROR,ERR-EXTERNAL-TIMEOUT,ConnectTimeoutException: Connect to api.stripe.com:443 failed: connect timed out. DNS resolution took 120ms.,97f6fd48239fae8e
2026-07-28 09:50:00,order-service,ERROR,ERR-DOWNSTREAM-FAIL,Payment failed for Order. Downstream payment-service error. Trace ID: 97f6fd48239fae8e,97f6fd48239fae8e
2026-07-28 09:50:00,gateway-service,ERROR,ERR-CHECKOUT-FAIL,Payment Failed. Route: POST /api/v1/orders/checkout. Trace ID: 97f6fd48239fae8e,97f6fd48239fae8e
2026-07-28 10:00:00,payment-service,ERROR,ERR-EXTERNAL-TIMEOUT,ConnectTimeoutException: Connect to api.stripe.com:443 failed: connect timed out. DNS resolution took 120ms.,45a053a08a2c2139
2026-07-28 10:00:00,order-service,ERROR,ERR-DOWNSTREAM-FAIL,Payment failed for Order. Downstream payment-service error. Trace ID: 45a053a08a2c2139,45a053a08a2c2139
2026-07-28 10:00:00,gateway-service,ERROR,ERR-CHECKOUT-FAIL,Payment Failed. Route: POST /api/v1/orders/checkout. Trace ID: 45a053a08a2c2139,45a053a08a2c2139
2026-07-28 10:00:00,gateway-service,INFO,,Gateway routing configurations successfully reloaded. Active routes: /api/v1/*,
2026-07-28 10:00:00,auth-service,INFO,,Session cleaner worker run completed. Cleaned 0 expired tokens.,
2026-07-28 10:00:00,order-service,INFO,,Heartbeat check: Database is reachable. Active connections: 12.,
2026-07-28 10:00:00,inventory-service,INFO,,Stock sync worker ran successfully. 0 items update required.,
2026-07-28 10:00:00,payment-service,INFO,,Gateway healthcheck: stripe connectivity OK.,
2026-07-28 10:10:00,payment-service,ERROR,ERR-EXTERNAL-TIMEOUT,ConnectTimeoutException: Connect to api.stripe.com:443 failed: connect timed out. DNS resolution took 120ms.,5c53450a85c246c0
2026-07-28 10:10:00,order-service,ERROR,ERR-DOWNSTREAM-FAIL,Payment failed for Order. Downstream payment-service error. Trace ID: 5c53450a85c246c0,5c53450a85c246c0
2026-07-28 10:10:00,gateway-service,ERROR,ERR-CHECKOUT-FAIL,Payment Failed. Route: POST /api/v1/orders/checkout. Trace ID: 5c53450a85c246c0,5c53450a85c246c0
2026-07-28 10:20:00,payment-service,ERROR,ERR-EXTERNAL-TIMEOUT,ConnectTimeoutException: Connect to api.stripe.com:443 failed: connect timed out. DNS resolution took 120ms.,7e05e6ec3fca7c71
2026-07-28 10:20:00,order-service,ERROR,ERR-DOWNSTREAM-FAIL,Payment failed for Order. Downstream payment-service error. Trace ID: 7e05e6ec3fca7c71,7e05e6ec3fca7c71
2026-07-28 10:20:00,gateway-service,ERROR,ERR-CHECKOUT-FAIL,Payment Failed. Route: POST /api/v1/orders/checkout. Trace ID: 7e05e6ec3fca7c71,7e05e6ec3fca7c71
2026-07-28 10:30:00,payment-service,ERROR,ERR-EXTERNAL-TIMEOUT,ConnectTimeoutException: Connect to api.stripe.com:443 failed: connect timed out. DNS resolution took 120ms.,ad29bf538b09e5b4
2026-07-28 10:30:00,order-service,ERROR,ERR-DOWNSTREAM-FAIL,Payment failed for Order. Downstream payment-service error. Trace ID: ad29bf538b09e5b4,ad29bf538b09e5b4
2026-07-28 10:30:00,gateway-service,ERROR,ERR-CHECKOUT-FAIL,Payment Failed. Route: POST /api/v1/orders/checkout. Trace ID: ad29bf538b09e5b4,ad29bf538b09e5b4
2026-07-28 10:40:00,payment-service,ERROR,ERR-EXTERNAL-TIMEOUT,ConnectTimeoutException: Connect to api.stripe.com:443 failed: connect timed out. DNS resolution took 120ms.,4efaba34a3cafbe7
2026-07-28 10:40:00,order-service,ERROR,ERR-DOWNSTREAM-FAIL,Payment failed for Order. Downstream payment-service error. Trace ID: 4efaba34a3cafbe7,4efaba34a3cafbe7
2026-07-28 10:40:00,gateway-service,ERROR,ERR-CHECKOUT-FAIL,Payment Failed. Route: POST /api/v1/orders/checkout. Trace ID: 4efaba34a3cafbe7,4efaba34a3cafbe7
2026-07-28 10:50:00,payment-service,ERROR,ERR-EXTERNAL-TIMEOUT,ConnectTimeoutException: Connect to api.stripe.com:443 failed: connect timed out. DNS resolution took 120ms.,595c6411a34cb83f
2026-07-28 10:50:00,order-service,ERROR,ERR-DOWNSTREAM-FAIL,Payment failed for Order. Downstream payment-service error. Trace ID: 595c6411a34cb83f,595c6411a34cb83f
2026-07-28 10:50:00,gateway-service,ERROR,ERR-CHECKOUT-FAIL,Payment Failed. Route: POST /api/v1/orders/checkout. Trace ID: 595c6411a34cb83f,595c6411a34cb83f
2026-07-28 11:00:00,payment-service,ERROR,ERR-EXTERNAL-TIMEOUT,ConnectTimeoutException: Connect to api.stripe.com:443 failed: connect timed out. DNS resolution took 120ms.,f53c80246892f555
2026-07-28 11:00:00,order-service,ERROR,ERR-DOWNSTREAM-FAIL,Payment failed for Order. Downstream payment-service error. Trace ID: f53c80246892f555,f53c80246892f555
2026-07-28 11:00:00,gateway-service,ERROR,ERR-CHECKOUT-FAIL,Payment Failed. Route: POST /api/v1/orders/checkout. Trace ID: f53c80246892f555,f53c80246892f555
2026-07-28 11:00:00,gateway-service,INFO,,Gateway routing configurations successfully reloaded. Active routes: /api/v1/*,
2026-07-28 11:00:00,auth-service,INFO,,Session cleaner worker run completed. Cleaned 0 expired tokens.,
2026-07-28 11:00:00,order-service,INFO,,Heartbeat check: Database is reachable. Active connections: 13.,
2026-07-28 11:00:00,inventory-service,INFO,,Stock sync worker ran successfully. 0 items update required.,
2026-07-28 11:00:00,payment-service,INFO,,Gateway healthcheck: stripe connectivity OK.,
2026-07-28 11:10:00,payment-service,ERROR,ERR-EXTERNAL-TIMEOUT,ConnectTimeoutException: Connect to api.stripe.com:443 failed: connect timed out. DNS resolution took 120ms.,31f304b3781fee79
2026-07-28 11:10:00,order-service,ERROR,ERR-DOWNSTREAM-FAIL,Payment failed for Order. Downstream payment-service error. Trace ID: 31f304b3781fee79,31f304b3781fee79
2026-07-28 11:10:00,gateway-service,ERROR,ERR-CHECKOUT-FAIL,Payment Failed. Route: POST /api/v1/orders/checkout. Trace ID: 31f304b3781fee79,31f304b3781fee79
2026-07-28 11:20:00,payment-service,ERROR,ERR-EXTERNAL-TIMEOUT,ConnectTimeoutException: Connect to api.stripe.com:443 failed: connect timed out. DNS resolution took 120ms.,e61f9bd0e9d14537
2026-07-28 11:20:00,order-service,ERROR,ERR-DOWNSTREAM-FAIL,Payment failed for Order. Downstream payment-service error. Trace ID: e61f9bd0e9d14537,e61f9bd0e9d14537
2026-07-28 11:20:00,gateway-service,ERROR,ERR-CHECKOUT-FAIL,Payment Failed. Route: POST /api/v1/orders/checkout. Trace ID: e61f9bd0e9d14537,e61f9bd0e9d14537
2026-07-28 11:40:00,gateway-service,INFO,,"Inbound Request: POST /api/v1/orders/checkout, User: 22007",9a4b6fde65be4797
2026-07-28 11:40:00,auth-service,INFO,,Token validation successful for user 22007,9a4b6fde65be4797
2026-07-28 11:40:00,order-service,INFO,,Creating order 55162 for user 22007. Checking inventory...,9a4b6fde65be4797
2026-07-28 11:40:00,inventory-service,INFO,,Stock check: Item available in warehouse. Reserving stock.,9a4b6fde65be4797
2026-07-28 11:40:00,order-service,INFO,,Inventory reservation confirmed. Initiating payment for order 55162...,9a4b6fde65be4797
2026-07-28 11:40:00,payment-service,INFO,,Authorizing payment via credit card for amount: $45.99. Order 55162,9a4b6fde65be4797
2026-07-28 11:40:00,payment-service,INFO,,Payment transaction successful. AuthCode: stripe_ch_a2955c9b,9a4b6fde65be4797
2026-07-28 11:40:00,order-service,INFO,,Payment successful. Confirming order status to PLACED. Order 55162,9a4b6fde65be4797
2026-07-28 11:40:00,gateway-service,INFO,,Inbound Request POST /api/v1/orders/checkout completed with 201 Created. Trace ID: 9a4b6fde65be4797,9a4b6fde65be4797
2026-07-28 12:00:00,gateway-service,INFO,,Gateway routing configurations successfully reloaded. Active routes: /api/v1/*,
2026-07-28 12:00:00,auth-service,INFO,,Session cleaner worker run completed. Cleaned 0 expired tokens.,
2026-07-28 12:00:00,order-service,INFO,,Heartbeat check: Database is reachable. Active connections: 13.,
2026-07-28 12:00:00,inventory-service,INFO,,Stock sync worker ran successfully. 0 items update required.,
2026-07-28 12:00:00,payment-service,INFO,,Gateway healthcheck: stripe connectivity OK.,
2026-07-28 13:00:00,gateway-service,INFO,,Gateway routing configurations successfully reloaded. Active routes: /api/v1/*,
2026-07-28 13:00:00,auth-service,INFO,,Session cleaner worker run completed. Cleaned 0 expired tokens.,
2026-07-28 13:00:00,order-service,INFO,,Heartbeat check: Database is reachable. Active connections: 13.,
2026-07-28 13:00:00,inventory-service,INFO,,Stock sync worker ran successfully. 0 items update required.,
2026-07-28 13:00:00,payment-service,INFO,,Gateway healthcheck: stripe connectivity OK.,
2026-07-28 14:00:00,gateway-service,INFO,,Gateway routing configurations successfully reloaded. Active routes: /api/v1/*,
2026-07-28 14:00:00,auth-service,INFO,,Session cleaner worker run completed. Cleaned 0 expired tokens.,
2026-07-28 14:00:00,order-service,INFO,,Heartbeat check: Database is reachable. Active connections: 12.,
2026-07-28 14:00:00,inventory-service,INFO,,Stock sync worker ran successfully. 0 items update required.,
2026-07-28 14:00:00,payment-service,INFO,,Gateway healthcheck: stripe connectivity OK.,
2026-07-28 15:00:00,gateway-service,INFO,,Gateway routing configurations successfully reloaded. Active routes: /api/v1/*,
2026-07-28 15:00:00,auth-service,INFO,,Session cleaner worker run completed. Cleaned 0 expired tokens.,
2026-07-28 15:00:00,order-service,INFO,,Heartbeat check: Database is reachable. Active connections: 12.,
2026-07-28 15:00:00,inventory-service,INFO,,Stock sync worker ran successfully. 0 items update required.,
2026-07-28 15:00:00,payment-service,INFO,,Gateway healthcheck: stripe connectivity OK.,
2026-07-28 16:00:00,gateway-service,INFO,,Gateway routing configurations successfully reloaded. Active routes: /api/v1/*,
2026-07-28 16:00:00,auth-service,INFO,,Session cleaner worker run completed. Cleaned 0 expired tokens.,
2026-07-28 16:00:00,order-service,INFO,,Heartbeat check: Database is reachable. Active connections: 12.,
2026-07-28 16:00:00,inventory-service,INFO,,Stock sync worker ran successfully. 0 items update required.,
2026-07-28 16:00:00,payment-service,INFO,,Gateway healthcheck: stripe connectivity OK.,
2026-07-28 16:00:00,gateway-service,INFO,,"Inbound Request: POST /api/v1/orders/checkout, User: 51763",ecc07d1ec21b83f9
2026-07-28 16:00:00,auth-service,INFO,,Token validation successful for user 51763,ecc07d1ec21b83f9
2026-07-28 16:00:00,order-service,INFO,,Creating order 51569 for user 51763. Checking inventory...,ecc07d1ec21b83f9
2026-07-28 16:00:00,inventory-service,INFO,,Stock check: Item available in warehouse. Reserving stock.,ecc07d1ec21b83f9
2026-07-28 16:00:00,order-service,INFO,,Inventory reservation confirmed. Initiating payment for order 51569...,ecc07d1ec21b83f9
2026-07-28 16:00:00,payment-service,INFO,,Authorizing payment via credit card for amount: $45.99. Order 51569,ecc07d1ec21b83f9
2026-07-28 16:00:00,payment-service,INFO,,Payment transaction successful. AuthCode: stripe_ch_d0edceeb,ecc07d1ec21b83f9
2026-07-28 16:00:00,order-service,INFO,,Payment successful. Confirming order status to PLACED. Order 51569,ecc07d1ec21b83f9
2026-07-28 16:00:00,gateway-service,INFO,,Inbound Request POST /api/v1/orders/checkout completed with 201 Created. Trace ID: ecc07d1ec21b83f9,ecc07d1ec21b83f9
2026-07-28 17:00:00,gateway-service,INFO,,Gateway routing configurations successfully reloaded. Active routes: /api/v1/*,
2026-07-28 17:00:00,auth-service,INFO,,Session cleaner worker run completed. Cleaned 0 expired tokens.,
2026-07-28 17:00:00,order-service,INFO,,Heartbeat check: Database is reachable. Active connections: 11.,
2026-07-28 17:00:00,inventory-service,INFO,,Stock sync worker ran successfully. 0 items update required.,
2026-07-28 17:00:00,payment-service,INFO,,Gateway healthcheck: stripe connectivity OK.,
2026-07-28 18:00:00,gateway-service,INFO,,Gateway routing configurations successfully reloaded. Active routes: /api/v1/*,
2026-07-28 18:00:00,auth-service,INFO,,Session cleaner worker run completed. Cleaned 0 expired tokens.,
2026-07-28 18:00:00,order-service,INFO,,Heartbeat check: Database is reachable. Active connections: 11.,
2026-07-28 18:00:00,inventory-service,INFO,,Stock sync worker ran successfully. 0 items update required.,
2026-07-28 18:00:00,payment-service,INFO,,Gateway healthcheck: stripe connectivity OK.,
2026-07-28 19:00:00,gateway-service,INFO,,Gateway routing configurations successfully reloaded. Active routes: /api/v1/*,
2026-07-28 19:00:00,auth-service,INFO,,Session cleaner worker run completed. Cleaned 0 expired tokens.,
2026-07-28 19:00:00,order-service,INFO,,Heartbeat check: Database is reachable. Active connections: 11.,
2026-07-28 19:00:00,inventory-service,INFO,,Stock sync worker ran successfully. 0 items update required.,
2026-07-28 19:00:00,payment-service,INFO,,Gateway healthcheck: stripe connectivity OK.,
2026-07-28 20:00:00,gateway-service,INFO,,Gateway routing configurations successfully reloaded. Active routes: /api/v1/*,
2026-07-28 20:00:00,auth-service,INFO,,Session cleaner worker run completed. Cleaned 0 expired tokens.,
2026-07-28 20:00:00,order-service,INFO,,Heartbeat check: Database is reachable. Active connections: 10.,
2026-07-28 20:00:00,inventory-service,INFO,,Stock sync worker ran successfully. 0 items update required.,
2026-07-28 20:00:00,payment-service,INFO,,Gateway healthcheck: stripe connectivity OK.,
2026-07-28 21:00:00,gateway-service,INFO,,Gateway routing configurations successfully reloaded. Active routes: /api/v1/*,
2026-07-28 21:00:00,auth-service,INFO,,Session cleaner worker run completed. Cleaned 0 expired tokens.,
2026-07-28 21:00:00,order-service,INFO,,Heartbeat check: Database is reachable. Active connections: 9.,
2026-07-28 21:00:00,inventory-service,INFO,,Stock sync worker ran successfully. 0 items update required.,
2026-07-28 21:00:00,payment-service,INFO,,Gateway healthcheck: stripe connectivity OK.,
2026-07-28 22:00:00,gateway-service,INFO,,Gateway routing configurations successfully reloaded. Active routes: /api/v1/*,
2026-07-28 22:00:00,auth-service,INFO,,Session cleaner worker run completed. Cleaned 0 expired tokens.,
2026-07-28 22:00:00,order-service,INFO,,Heartbeat check: Database is reachable. Active connections: 7.,
2026-07-28 22:00:00,inventory-service,INFO,,Stock sync worker ran successfully. 0 items update required.,
2026-07-28 22:00:00,payment-service,INFO,,Gateway healthcheck: stripe connectivity OK.,
2026-07-28 23:00:00,gateway-service,INFO,,Gateway routing configurations successfully reloaded. Active routes: /api/v1/*,
2026-07-28 23:00:00,auth-service,INFO,,Session cleaner worker run completed. Cleaned 0 expired tokens.,
2026-07-28 23:00:00,order-service,INFO,,Heartbeat check: Database is reachable. Active connections: 5.,
2026-07-28 23:00:00,inventory-service,INFO,,Stock sync worker ran successfully. 0 items update required.,
2026-07-28 23:00:00,payment-service,INFO,,Gateway healthcheck: stripe connectivity OK.,
2026-07-28 23:05:00,gateway-service,INFO,,"Inbound Request: POST /api/v1/orders/checkout, User: 88791",6d61cc870ca1dfa9
2026-07-28 23:05:00,auth-service,INFO,,Token validation successful for user 88791,6d61cc870ca1dfa9
2026-07-28 23:05:00,order-service,INFO,,Creating order 53755 for user 88791. Checking inventory...,6d61cc870ca1dfa9
2026-07-28 23:05:00,inventory-service,INFO,,Stock check: Item available in warehouse. Reserving stock.,6d61cc870ca1dfa9
2026-07-28 23:05:00,order-service,INFO,,Inventory reservation confirmed. Initiating payment for order 53755...,6d61cc870ca1dfa9
2026-07-28 23:05:00,payment-service,INFO,,Authorizing payment via credit card for amount: $45.99. Order 53755,6d61cc870ca1dfa9
2026-07-28 23:05:00,payment-service,INFO,,Payment transaction successful. AuthCode: stripe_ch_d2427f89,6d61cc870ca1dfa9
2026-07-28 23:05:00,order-service,INFO,,Payment successful. Confirming order status to PLACED. Order 53755,6d61cc870ca1dfa9
2026-07-28 23:05:00,gateway-service,INFO,,Inbound Request POST /api/v1/orders/checkout completed with 201 Created. Trace ID: 6d61cc870ca1dfa9,6d61cc870ca1dfa9
2026-07-29 00:00:00,gateway-service,INFO,,Gateway routing configurations successfully reloaded. Active routes: /api/v1/*,
2026-07-29 00:00:00,auth-service,INFO,,Session cleaner worker run completed. Cleaned 0 expired tokens.,
2026-07-29 00:00:00,order-service,INFO,,Heartbeat check: Database is reachable. Active connections: 4.,
2026-07-29 00:00:00,inventory-service,INFO,,Stock sync worker ran successfully. 0 items update required.,
2026-07-29 00:00:00,payment-service,INFO,,Gateway healthcheck: stripe connectivity OK.,
2026-07-29 01:00:00,gateway-service,INFO,,Gateway routing configurations successfully reloaded. Active routes: /api/v1/*,
2026-07-29 01:00:00,auth-service,INFO,,Session cleaner worker run completed. Cleaned 0 expired tokens.,
2026-07-29 01:00:00,order-service,INFO,,Heartbeat check: Database is reachable. Active connections: 3.,
2026-07-29 01:00:00,inventory-service,INFO,,Stock sync worker ran successfully. 0 items update required.,
2026-07-29 01:00:00,payment-service,INFO,,Gateway healthcheck: stripe connectivity OK.,
2026-07-29 02:00:00,gateway-service,INFO,,Gateway routing configurations successfully reloaded. Active routes: /api/v1/*,
2026-07-29 02:00:00,auth-service,INFO,,Session cleaner worker run completed. Cleaned 0 expired tokens.,
2026-07-29 02:00:00,order-service,INFO,,Heartbeat check: Database is reachable. Active connections: 3.,
2026-07-29 02:00:00,inventory-service,INFO,,Stock sync worker ran successfully. 0 items update required.,
2026-07-29 02:00:00,payment-service,INFO,,Gateway healthcheck: stripe connectivity OK.,
2026-07-29 03:00:00,gateway-service,INFO,,Gateway routing configurations successfully reloaded. Active routes: /api/v1/*,
2026-07-29 03:00:00,auth-service,INFO,,Session cleaner worker run completed. Cleaned 0 expired tokens.,
2026-07-29 03:00:00,order-service,INFO,,Heartbeat check: Database is reachable. Active connections: 3.,
2026-07-29 03:00:00,inventory-service,INFO,,Stock sync worker ran successfully. 0 items update required.,
2026-07-29 03:00:00,payment-service,INFO,,Gateway healthcheck: stripe connectivity OK.,
2026-07-29 03:10:00,gateway-service,INFO,,"Inbound Request: POST /api/v1/orders/checkout, User: 69275",c80134abfbec4e26
2026-07-29 03:10:00,auth-service,INFO,,Token validation successful for user 69275,c80134abfbec4e26
2026-07-29 03:10:00,order-service,INFO,,Creating order 52222 for user 69275. Checking inventory...,c80134abfbec4e26
2026-07-29 03:10:00,inventory-service,INFO,,Stock check: Item available in warehouse. Reserving stock.,c80134abfbec4e26
2026-07-29 03:10:00,order-service,INFO,,Inventory reservation confirmed. Initiating payment for order 52222...,c80134abfbec4e26
2026-07-29 03:10:00,payment-service,INFO,,Authorizing payment via credit card for amount: $45.99. Order 52222,c80134abfbec4e26
2026-07-29 03:10:00,payment-service,INFO,,Payment transaction successful. AuthCode: stripe_ch_5439d43e,c80134abfbec4e26
2026-07-29 03:10:00,order-service,INFO,,Payment successful. Confirming order status to PLACED. Order 52222,c80134abfbec4e26
2026-07-29 03:10:00,gateway-service,INFO,,Inbound Request POST /api/v1/orders/checkout completed with 201 Created. Trace ID: c80134abfbec4e26,c80134abfbec4e26
2026-07-29 04:00:00,gateway-service,INFO,,Gateway routing configurations successfully reloaded. Active routes: /api/v1/*,
2026-07-29 04:00:00,auth-service,INFO,,Session cleaner worker run completed. Cleaned 0 expired tokens.,
2026-07-29 04:00:00,order-service,INFO,,Heartbeat check: Database is reachable. Active connections: 3.,
2026-07-29 04:00:00,inventory-service,INFO,,Stock sync worker ran successfully. 0 items update required.,
2026-07-29 04:00:00,payment-service,INFO,,Gateway healthcheck: stripe connectivity OK.,
2026-07-29 05:00:00,gateway-service,INFO,,Gateway routing configurations successfully reloaded. Active routes: /api/v1/*,
2026-07-29 05:00:00,auth-service,INFO,,Session cleaner worker run completed. Cleaned 0 expired tokens.,
2026-07-29 05:00:00,order-service,INFO,,Heartbeat check: Database is reachable. Active connections: 3.,
2026-07-29 05:00:00,inventory-service,INFO,,Stock sync worker ran successfully. 0 items update required.,
2026-07-29 05:00:00,payment-service,INFO,,Gateway healthcheck: stripe connectivity OK.,
2026-07-29 05:45:00,gateway-service,INFO,,"Inbound Request: POST /api/v1/orders/checkout, User: 50518",a0f2111484e1bb0c
2026-07-29 05:45:00,auth-service,INFO,,Token validation successful for user 50518,a0f2111484e1bb0c
2026-07-29 05:45:00,order-service,INFO,,Creating order 56255 for user 50518. Checking inventory...,a0f2111484e1bb0c
2026-07-29 05:45:00,inventory-service,INFO,,Stock check: Item available in warehouse. Reserving stock.,a0f2111484e1bb0c
2026-07-29 05:45:00,order-service,INFO,,Inventory reservation confirmed. Initiating payment for order 56255...,a0f2111484e1bb0c
2026-07-29 05:45:00,payment-service,INFO,,Authorizing payment via credit card for amount: $45.99. Order 56255,a0f2111484e1bb0c
2026-07-29 05:45:00,payment-service,INFO,,Payment transaction successful. AuthCode: stripe_ch_9892564e,a0f2111484e1bb0c
2026-07-29 05:45:00,order-service,INFO,,Payment successful. Confirming order status to PLACED. Order 56255,a0f2111484e1bb0c
2026-07-29 05:45:00,gateway-service,INFO,,Inbound Request POST /api/v1/orders/checkout completed with 201 Created. Trace ID: a0f2111484e1bb0c,a0f2111484e1bb0c
2026-07-29 06:00:00,gateway-service,INFO,,Gateway routing configurations successfully reloaded. Active routes: /api/v1/*,
2026-07-29 06:00:00,auth-service,INFO,,Session cleaner worker run completed. Cleaned 0 expired tokens.,
2026-07-29 06:00:00,order-service,INFO,,Heartbeat check: Database is reachable. Active connections: 6.,
2026-07-29 06:00:00,inventory-service,INFO,,Stock sync worker ran successfully. 0 items update required.,
2026-07-29 06:00:00,payment-service,INFO,,Gateway healthcheck: stripe connectivity OK.,
2026-07-29 06:35:00,gateway-service,INFO,,"Inbound Request: POST /api/v1/orders/checkout, User: 29405",003ed54be9d14e6b
2026-07-29 06:35:00,auth-service,INFO,,Token validation successful for user 29405,003ed54be9d14e6b
2026-07-29 06:35:00,order-service,INFO,,Creating order 55766 for user 29405. Checking inventory...,003ed54be9d14e6b
2026-07-29 06:35:00,inventory-service,INFO,,Stock check: Item available in warehouse. Reserving stock.,003ed54be9d14e6b
2026-07-29 06:35:00,order-service,INFO,,Inventory reservation confirmed. Initiating payment for order 55766...,003ed54be9d14e6b
2026-07-29 06:35:00,payment-service,INFO,,Authorizing payment via credit card for amount: $45.99. Order 55766,003ed54be9d14e6b
2026-07-29 06:35:00,payment-service,INFO,,Payment transaction successful. AuthCode: stripe_ch_77ad9992,003ed54be9d14e6b
2026-07-29 06:35:00,order-service,INFO,,Payment successful. Confirming order status to PLACED. Order 55766,003ed54be9d14e6b
2026-07-29 06:35:00,gateway-service,INFO,,Inbound Request POST /api/v1/orders/checkout completed with 201 Created. Trace ID: 003ed54be9d14e6b,003ed54be9d14e6b
2026-07-29 07:00:00,gateway-service,INFO,,Gateway routing configurations successfully reloaded. Active routes: /api/v1/*,
2026-07-29 07:00:00,auth-service,INFO,,Session cleaner worker run completed. Cleaned 0 expired tokens.,
2026-07-29 07:00:00,order-service,INFO,,Heartbeat check: Database is reachable. Active connections: 7.,
2026-07-29 07:00:00,inventory-service,INFO,,Stock sync worker ran successfully. 0 items update required.,
2026-07-29 07:00:00,payment-service,INFO,,Gateway healthcheck: stripe connectivity OK.,
2026-07-29 08:00:00,gateway-service,INFO,,Gateway routing configurations successfully reloaded. Active routes: /api/v1/*,
2026-07-29 08:00:00,auth-service,INFO,,Session cleaner worker run completed. Cleaned 0 expired tokens.,
2026-07-29 08:00:00,order-service,INFO,,Heartbeat check: Database is reachable. Active connections: 10.,
2026-07-29 08:00:00,inventory-service,INFO,,Stock sync worker ran successfully. 0 items update required.,
2026-07-29 08:00:00,payment-service,INFO,,Gateway healthcheck: stripe connectivity OK.,
2026-07-29 09:00:00,gateway-service,INFO,,Gateway routing configurations successfully reloaded. Active routes: /api/v1/*,
2026-07-29 09:00:00,auth-service,INFO,,Session cleaner worker run completed. Cleaned 0 expired tokens.,
2026-07-29 09:00:00,order-service,INFO,,Heartbeat check: Database is reachable. Active connections: 11.,
2026-07-29 09:00:00,inventory-service,INFO,,Stock sync worker ran successfully. 0 items update required.,
2026-07-29 09:00:00,payment-service,INFO,,Gateway healthcheck: stripe connectivity OK.,
2026-07-29 10:00:00,gateway-service,INFO,,Gateway routing configurations successfully reloaded. Active routes: /api/v1/*,
2026-07-29 10:00:00,auth-service,INFO,,Session cleaner worker run completed. Cleaned 0 expired tokens.,
2026-07-29 10:00:00,order-service,INFO,,Heartbeat check: Database is reachable. Active connections: 12.,
2026-07-29 10:00:00,inventory-service,INFO,,Stock sync worker ran successfully. 0 items update required.,
2026-07-29 10:00:00,payment-service,INFO,,Gateway healthcheck: stripe connectivity OK.,
2026-07-29 10:20:00,gateway-service,INFO,,"Inbound Request: POST /api/v1/orders/checkout, User: 81065",b3f73871c3c325ba
2026-07-29 10:20:00,auth-service,INFO,,Token validation successful for user 81065,b3f73871c3c325ba
2026-07-29 10:20:00,order-service,INFO,,Creating order 53653 for user 81065. Checking inventory...,b3f73871c3c325ba
2026-07-29 10:20:00,inventory-service,INFO,,Stock check: Item available in warehouse. Reserving stock.,b3f73871c3c325ba
2026-07-29 10:20:00,order-service,INFO,,Inventory reservation confirmed. Initiating payment for order 53653...,b3f73871c3c325ba
2026-07-29 10:20:00,payment-service,INFO,,Authorizing payment via credit card for amount: $45.99. Order 53653,b3f73871c3c325ba
2026-07-29 10:20:00,payment-service,INFO,,Payment transaction successful. AuthCode: stripe_ch_36c2bd33,b3f73871c3c325ba
2026-07-29 10:20:00,order-service,INFO,,Payment successful. Confirming order status to PLACED. Order 53653,b3f73871c3c325ba
2026-07-29 10:20:00,gateway-service,INFO,,Inbound Request POST /api/v1/orders/checkout completed with 201 Created. Trace ID: b3f73871c3c325ba,b3f73871c3c325ba
2026-07-29 11:00:00,gateway-service,INFO,,Gateway routing configurations successfully reloaded. Active routes: /api/v1/*,
2026-07-29 11:00:00,auth-service,INFO,,Session cleaner worker run completed. Cleaned 0 expired tokens.,
2026-07-29 11:00:00,order-service,INFO,,Heartbeat check: Database is reachable. Active connections: 13.,
2026-07-29 11:00:00,inventory-service,INFO,,Stock sync worker ran successfully. 0 items update required.,
2026-07-29 11:00:00,payment-service,INFO,,Gateway healthcheck: stripe connectivity OK.,
2026-07-29 12:00:00,gateway-service,INFO,,Gateway routing configurations successfully reloaded. Active routes: /api/v1/*,
2026-07-29 12:00:00,auth-service,INFO,,Session cleaner worker run completed. Cleaned 0 expired tokens.,
2026-07-29 12:00:00,order-service,INFO,,Heartbeat check: Database is reachable. Active connections: 13.,
2026-07-29 12:00:00,inventory-service,INFO,,Stock sync worker ran successfully. 0 items update required.,
2026-07-29 12:00:00,payment-service,INFO,,Gateway healthcheck: stripe connectivity OK.,
2026-07-29 13:00:00,gateway-service,INFO,,Gateway routing configurations successfully reloaded. Active routes: /api/v1/*,
2026-07-29 13:00:00,auth-service,INFO,,Session cleaner worker run completed. Cleaned 0 expired tokens.,
2026-07-29 13:00:00,order-service,INFO,,Heartbeat check: Database is reachable. Active connections: 12.,
2026-07-29 13:00:00,inventory-service,INFO,,Stock sync worker ran successfully. 0 items update required.,
2026-07-29 13:00:00,payment-service,INFO,,Gateway healthcheck: stripe connectivity OK.,
2026-07-29 13:55:00,gateway-service,INFO,,"Inbound Request: POST /api/v1/orders/checkout, User: 86969",74b65c39a4dac459
2026-07-29 13:55:00,auth-service,INFO,,Token validation successful for user 86969,74b65c39a4dac459
2026-07-29 13:55:00,order-service,INFO,,Creating order 56046 for user 86969. Checking inventory...,74b65c39a4dac459
2026-07-29 13:55:00,inventory-service,INFO,,Stock check: Item available in warehouse. Reserving stock.,74b65c39a4dac459
2026-07-29 13:55:00,order-service,INFO,,Inventory reservation confirmed. Initiating payment for order 56046...,74b65c39a4dac459
2026-07-29 13:55:00,payment-service,INFO,,Authorizing payment via credit card for amount: $45.99. Order 56046,74b65c39a4dac459
2026-07-29 13:55:00,payment-service,INFO,,Payment transaction successful. AuthCode: stripe_ch_508b75c7,74b65c39a4dac459
2026-07-29 13:55:00,order-service,INFO,,Payment successful. Confirming order status to PLACED. Order 56046,74b65c39a4dac459
2026-07-29 13:55:00,gateway-service,INFO,,Inbound Request POST /api/v1/orders/checkout completed with 201 Created. Trace ID: 74b65c39a4dac459,74b65c39a4dac459
2026-07-29 14:00:00,gateway-service,INFO,,Gateway routing configurations successfully reloaded. Active routes: /api/v1/*,
2026-07-29 14:00:00,auth-service,INFO,,Session cleaner worker run completed. Cleaned 0 expired tokens.,
2026-07-29 14:00:00,order-service,INFO,,Heartbeat check: Database is reachable. Active connections: 11.,
2026-07-29 14:00:00,inventory-service,INFO,,Stock sync worker ran successfully. 0 items update required.,
2026-07-29 14:00:00,payment-service,INFO,,Gateway healthcheck: stripe connectivity OK.,
2026-07-29 15:00:00,gateway-service,INFO,,Gateway routing configurations successfully reloaded. Active routes: /api/v1/*,
2026-07-29 15:00:00,auth-service,INFO,,Session cleaner worker run completed. Cleaned 0 expired tokens.,
2026-07-29 15:00:00,order-service,INFO,,Heartbeat check: Database is reachable. Active connections: 11.,
2026-07-29 15:00:00,inventory-service,INFO,,Stock sync worker ran successfully. 0 items update required.,
2026-07-29 15:00:00,payment-service,INFO,,Gateway healthcheck: stripe connectivity OK.,
2026-07-29 15:25:00,gateway-service,INFO,,"Inbound Request: POST /api/v1/orders/checkout, User: 13339",990f480701950c52
2026-07-29 15:25:00,auth-service,INFO,,Token validation successful for user 13339,990f480701950c52
2026-07-29 15:25:00,order-service,INFO,,Creating order 58852 for user 13339. Checking inventory...,990f480701950c52
2026-07-29 15:25:00,inventory-service,INFO,,Stock check: Item available in warehouse. Reserving stock.,990f480701950c52
2026-07-29 15:25:00,order-service,INFO,,Inventory reservation confirmed. Initiating payment for order 58852...,990f480701950c52
2026-07-29 15:25:00,payment-service,INFO,,Authorizing payment via credit card for amount: $45.99. Order 58852,990f480701950c52
2026-07-29 15:25:00,payment-service,INFO,,Payment transaction successful. AuthCode: stripe_ch_63795589,990f480701950c52
2026-07-29 15:25:00,order-service,INFO,,Payment successful. Confirming order status to PLACED. Order 58852,990f480701950c52
2026-07-29 15:25:00,gateway-service,INFO,,Inbound Request POST /api/v1/orders/checkout completed with 201 Created. Trace ID: 990f480701950c52,990f480701950c52
2026-07-29 16:00:00,gateway-service,INFO,,Gateway routing configurations successfully reloaded. Active routes: /api/v1/*,
2026-07-29 16:00:00,auth-service,INFO,,Session cleaner worker run completed. Cleaned 0 expired tokens.,
2026-07-29 16:00:00,order-service,INFO,,Heartbeat check: Database is reachable. Active connections: 11.,
2026-07-29 16:00:00,inventory-service,INFO,,Stock sync worker ran successfully. 0 items update required.,
2026-07-29 16:00:00,payment-service,INFO,,Gateway healthcheck: stripe connectivity OK.,
2026-07-29 17:00:00,gateway-service,INFO,,Gateway routing configurations successfully reloaded. Active routes: /api/v1/*,
2026-07-29 17:00:00,auth-service,INFO,,Session cleaner worker run completed. Cleaned 0 expired tokens.,
2026-07-29 17:00:00,order-service,INFO,,Heartbeat check: Database is reachable. Active connections: 11.,
2026-07-29 17:00:00,inventory-service,INFO,,Stock sync worker ran successfully. 0 items update required.,
2026-07-29 17:00:00,payment-service,INFO,,Gateway healthcheck: stripe connectivity OK.,
2026-07-29 18:00:00,gateway-service,INFO,,Gateway routing configurations successfully reloaded. Active routes: /api/v1/*,
2026-07-29 18:00:00,auth-service,INFO,,Session cleaner worker run completed. Cleaned 0 expired tokens.,
2026-07-29 18:00:00,order-service,INFO,,Heartbeat check: Database is reachable. Active connections: 11.,
2026-07-29 18:00:00,inventory-service,INFO,,Stock sync worker ran successfully. 0 items update required.,
2026-07-29 18:00:00,payment-service,INFO,,Gateway healthcheck: stripe connectivity OK.,
2026-07-29 18:05:00,gateway-service,INFO,,"Inbound Request: POST /api/v1/orders/checkout, User: 40697",2219a8f411ffe388
2026-07-29 18:05:00,auth-service,INFO,,Token validation successful for user 40697,2219a8f411ffe388
2026-07-29 18:05:00,order-service,INFO,,Creating order 50389 for user 40697. Checking inventory...,2219a8f411ffe388
2026-07-29 18:05:00,inventory-service,INFO,,Stock check: Item available in warehouse. Reserving stock.,2219a8f411ffe388
2026-07-29 18:05:00,order-service,INFO,,Inventory reservation confirmed. Initiating payment for order 50389...,2219a8f411ffe388
2026-07-29 18:05:00,payment-service,INFO,,Authorizing payment via credit card for amount: $45.99. Order 50389,2219a8f411ffe388
2026-07-29 18:05:00,payment-service,INFO,,Payment transaction successful. AuthCode: stripe_ch_fba2b2f4,2219a8f411ffe388
2026-07-29 18:05:00,order-service,INFO,,Payment successful. Confirming order status to PLACED. Order 50389,2219a8f411ffe388
2026-07-29 18:05:00,gateway-service,INFO,,Inbound Request POST /api/v1/orders/checkout completed with 201 Created. Trace ID: 2219a8f411ffe388,2219a8f411ffe388
2026-07-29 18:25:00,gateway-service,INFO,,"Inbound Request: POST /api/v1/orders/checkout, User: 79740",6e455836728493f2
2026-07-29 18:25:00,auth-service,INFO,,Token validation successful for user 79740,6e455836728493f2
2026-07-29 18:25:00,order-service,INFO,,Creating order 59159 for user 79740. Checking inventory...,6e455836728493f2
2026-07-29 18:25:00,inventory-service,INFO,,Stock check: Item available in warehouse. Reserving stock.,6e455836728493f2
2026-07-29 18:25:00,order-service,INFO,,Inventory reservation confirmed. Initiating payment for order 59159...,6e455836728493f2
2026-07-29 18:25:00,payment-service,INFO,,Authorizing payment via credit card for amount: $45.99. Order 59159,6e455836728493f2
2026-07-29 18:25:00,payment-service,INFO,,Payment transaction successful. AuthCode: stripe_ch_bbe8816a,6e455836728493f2
2026-07-29 18:25:00,order-service,INFO,,Payment successful. Confirming order status to PLACED. Order 59159,6e455836728493f2
2026-07-29 18:25:00,gateway-service,INFO,,Inbound Request POST /api/v1/orders/checkout completed with 201 Created. Trace ID: 6e455836728493f2,6e455836728493f2
2026-07-29 19:00:00,gateway-service,INFO,,Gateway routing configurations successfully reloaded. Active routes: /api/v1/*,
2026-07-29 19:00:00,auth-service,INFO,,Session cleaner worker run completed. Cleaned 0 expired tokens.,
2026-07-29 19:00:00,order-service,INFO,,Heartbeat check: Database is reachable. Active connections: 10.,
2026-07-29 19:00:00,inventory-service,INFO,,Stock sync worker ran successfully. 0 items update required.,
2026-07-29 19:00:00,payment-service,INFO,,Gateway healthcheck: stripe connectivity OK.,
2026-07-29 19:35:00,gateway-service,INFO,,"Inbound Request: POST /api/v1/orders/checkout, User: 69728",e73ba8ee94aa4f94
2026-07-29 19:35:00,auth-service,INFO,,Token validation successful for user 69728,e73ba8ee94aa4f94
2026-07-29 19:35:00,order-service,INFO,,Creating order 55345 for user 69728. Checking inventory...,e73ba8ee94aa4f94
2026-07-29 19:35:00,inventory-service,INFO,,Stock check: Item available in warehouse. Reserving stock.,e73ba8ee94aa4f94
2026-07-29 19:35:00,order-service,INFO,,Inventory reservation confirmed. Initiating payment for order 55345...,e73ba8ee94aa4f94
2026-07-29 19:35:00,payment-service,INFO,,Authorizing payment via credit card for amount: $45.99. Order 55345,e73ba8ee94aa4f94
2026-07-29 19:35:00,payment-service,INFO,,Payment transaction successful. AuthCode: stripe_ch_13796ad6,e73ba8ee94aa4f94
2026-07-29 19:35:00,order-service,INFO,,Payment successful. Confirming order status to PLACED. Order 55345,e73ba8ee94aa4f94
2026-07-29 19:35:00,gateway-service,INFO,,Inbound Request POST /api/v1/orders/checkout completed with 201 Created. Trace ID: e73ba8ee94aa4f94,e73ba8ee94aa4f94
2026-07-29 20:00:00,gateway-service,INFO,,Gateway routing configurations successfully reloaded. Active routes: /api/v1/*,
2026-07-29 20:00:00,auth-service,INFO,,Session cleaner worker run completed. Cleaned 0 expired tokens.,
2026-07-29 20:00:00,order-service,INFO,,Heartbeat check: Database is reachable. Active connections: 10.,
2026-07-29 20:00:00,inventory-service,INFO,,Stock sync worker ran successfully. 0 items update required.,
2026-07-29 20:00:00,payment-service,INFO,,Gateway healthcheck: stripe connectivity OK.,
2026-07-29 21:00:00,gateway-service,INFO,,Gateway routing configurations successfully reloaded. Active routes: /api/v1/*,
2026-07-29 21:00:00,auth-service,INFO,,Session cleaner worker run completed. Cleaned 0 expired tokens.,
2026-07-29 21:00:00,order-service,INFO,,Heartbeat check: Database is reachable. Active connections: 8.,
2026-07-29 21:00:00,inventory-service,INFO,,Stock sync worker ran successfully. 0 items update required.,
2026-07-29 21:00:00,payment-service,INFO,,Gateway healthcheck: stripe connectivity OK.,
2026-07-29 22:00:00,gateway-service,INFO,,Gateway routing configurations successfully reloaded. Active routes: /api/v1/*,
2026-07-29 22:00:00,auth-service,INFO,,Session cleaner worker run completed. Cleaned 0 expired tokens.,
2026-07-29 22:00:00,order-service,INFO,,Heartbeat check: Database is reachable. Active connections: 7.,
2026-07-29 22:00:00,inventory-service,INFO,,Stock sync worker ran successfully. 0 items update required.,
2026-07-29 22:00:00,payment-service,INFO,,Gateway healthcheck: stripe connectivity OK.,
2026-07-29 23:00:00,gateway-service,INFO,,Gateway routing configurations successfully reloaded. Active routes: /api/v1/*,
2026-07-29 23:00:00,auth-service,INFO,,Session cleaner worker run completed. Cleaned 0 expired tokens.,
2026-07-29 23:00:00,order-service,INFO,,Heartbeat check: Database is reachable. Active connections: 6.,
2026-07-29 23:00:00,inventory-service,INFO,,Stock sync worker ran successfully. 0 items update required.,
2026-07-29 23:00:00,payment-service,INFO,,Gateway healthcheck: stripe connectivity OK.,
2026-07-30 00:00:00,gateway-service,INFO,,Gateway routing configurations successfully reloaded. Active routes: /api/v1/*,
2026-07-30 00:00:00,auth-service,INFO,,Session cleaner worker run completed. Cleaned 0 expired tokens.,
2026-07-30 00:00:00,order-service,INFO,,Heartbeat check: Database is reachable. Active connections: 3.,
2026-07-30 00:00:00,inventory-service,INFO,,Stock sync worker ran successfully. 0 items update required.,
2026-07-30 00:00:00,payment-service,INFO,,Gateway healthcheck: stripe connectivity OK.,
2026-07-30 00:40:00,gateway-service,INFO,,"Inbound Request: POST /api/v1/orders/checkout, User: 57755",6aa23cffc38eaa57
2026-07-30 00:40:00,auth-service,INFO,,Token validation successful for user 57755,6aa23cffc38eaa57
2026-07-30 00:40:00,order-service,INFO,,Creating order 52273 for user 57755. Checking inventory...,6aa23cffc38eaa57
2026-07-30 00:40:00,inventory-service,INFO,,Stock check: Item available in warehouse. Reserving stock.,6aa23cffc38eaa57
2026-07-30 00:40:00,order-service,INFO,,Inventory reservation confirmed. Initiating payment for order 52273...,6aa23cffc38eaa57
2026-07-30 00:40:00,payment-service,INFO,,Authorizing payment via credit card for amount: $45.99. Order 52273,6aa23cffc38eaa57
2026-07-30 00:40:00,payment-service,INFO,,Payment transaction successful. AuthCode: stripe_ch_070430f6,6aa23cffc38eaa57
2026-07-30 00:40:00,order-service,INFO,,Payment successful. Confirming order status to PLACED. Order 52273,6aa23cffc38eaa57
2026-07-30 00:40:00,gateway-service,INFO,,Inbound Request POST /api/v1/orders/checkout completed with 201 Created. Trace ID: 6aa23cffc38eaa57,6aa23cffc38eaa57
2026-07-30 00:45:00,gateway-service,INFO,,"Inbound Request: POST /api/v1/orders/checkout, User: 23778",4f47ef30954e8b09
2026-07-30 00:45:00,auth-service,INFO,,Token validation successful for user 23778,4f47ef30954e8b09
2026-07-30 00:45:00,order-service,INFO,,Creating order 50714 for user 23778. Checking inventory...,4f47ef30954e8b09
2026-07-30 00:45:00,inventory-service,INFO,,Stock check: Item available in warehouse. Reserving stock.,4f47ef30954e8b09
2026-07-30 00:45:00,order-service,INFO,,Inventory reservation confirmed. Initiating payment for order 50714...,4f47ef30954e8b09
2026-07-30 00:45:00,payment-service,INFO,,Authorizing payment via credit card for amount: $45.99. Order 50714,4f47ef30954e8b09
2026-07-30 00:45:00,payment-service,INFO,,Payment transaction successful. AuthCode: stripe_ch_d1e44350,4f47ef30954e8b09
2026-07-30 00:45:00,order-service,INFO,,Payment successful. Confirming order status to PLACED. Order 50714,4f47ef30954e8b09
2026-07-30 00:45:00,gateway-service,INFO,,Inbound Request POST /api/v1/orders/checkout completed with 201 Created. Trace ID: 4f47ef30954e8b09,4f47ef30954e8b09
2026-07-30 01:00:00,gateway-service,INFO,,Gateway routing configurations successfully reloaded. Active routes: /api/v1/*,
2026-07-30 01:00:00,auth-service,INFO,,Session cleaner worker run completed. Cleaned 0 expired tokens.,
2026-07-30 01:00:00,order-service,INFO,,Heartbeat check: Database is reachable. Active connections: 3.,
2026-07-30 01:00:00,inventory-service,INFO,,Stock sync worker ran successfully. 0 items update required.,
2026-07-30 01:00:00,payment-service,INFO,,Gateway healthcheck: stripe connectivity OK.,
2026-07-30 02:00:00,gateway-service,INFO,,Gateway routing configurations successfully reloaded. Active routes: /api/v1/*,
2026-07-30 02:00:00,auth-service,INFO,,Session cleaner worker run completed. Cleaned 0 expired tokens.,
2026-07-30 02:00:00,order-service,INFO,,Heartbeat check: Database is reachable. Active connections: 3.,
2026-07-30 02:00:00,inventory-service,INFO,,Stock sync worker ran successfully. 0 items update required.,
2026-07-30 02:00:00,payment-service,INFO,,Gateway healthcheck: stripe connectivity OK.,
2026-07-30 03:00:00,gateway-service,INFO,,Gateway routing configurations successfully reloaded. Active routes: /api/v1/*,
2026-07-30 03:00:00,auth-service,INFO,,Session cleaner worker run completed. Cleaned 0 expired tokens.,
2026-07-30 03:00:00,order-service,INFO,,Heartbeat check: Database is reachable. Active connections: 3.,
2026-07-30 03:00:00,inventory-service,INFO,,Stock sync worker ran successfully. 0 items update required.,
2026-07-30 03:00:00,payment-service,INFO,,Gateway healthcheck: stripe connectivity OK.,
2026-07-30 03:25:00,gateway-service,INFO,,"Inbound Request: POST /api/v1/orders/checkout, User: 39921",11194182c7f1b701
2026-07-30 03:25:00,auth-service,INFO,,Token validation successful for user 39921,11194182c7f1b701
2026-07-30 03:25:00,order-service,INFO,,Creating order 59363 for user 39921. Checking inventory...,11194182c7f1b701
2026-07-30 03:25:00,inventory-service,INFO,,Stock check: Item available in warehouse. Reserving stock.,11194182c7f1b701
2026-07-30 03:25:00,order-service,INFO,,Inventory reservation confirmed. Initiating payment for order 59363...,11194182c7f1b701
2026-07-30 03:25:00,payment-service,INFO,,Authorizing payment via credit card for amount: $45.99. Order 59363,11194182c7f1b701
2026-07-30 03:25:00,payment-service,INFO,,Payment transaction successful. AuthCode: stripe_ch_87f0c11c,11194182c7f1b701
2026-07-30 03:25:00,order-service,INFO,,Payment successful. Confirming order status to PLACED. Order 59363,11194182c7f1b701
2026-07-30 03:25:00,gateway-service,INFO,,Inbound Request POST /api/v1/orders/checkout completed with 201 Created. Trace ID: 11194182c7f1b701,11194182c7f1b701
2026-07-30 04:00:00,gateway-service,INFO,,Gateway routing configurations successfully reloaded. Active routes: /api/v1/*,
2026-07-30 04:00:00,auth-service,INFO,,Session cleaner worker run completed. Cleaned 0 expired tokens.,
2026-07-30 04:00:00,order-service,INFO,,Heartbeat check: Database is reachable. Active connections: 3.,
2026-07-30 04:00:00,inventory-service,INFO,,Stock sync worker ran successfully. 0 items update required.,
2026-07-30 04:00:00,payment-service,INFO,,Gateway healthcheck: stripe connectivity OK.,
2026-07-30 05:00:00,gateway-service,INFO,,Gateway routing configurations successfully reloaded. Active routes: /api/v1/*,
2026-07-30 05:00:00,auth-service,INFO,,Session cleaner worker run completed. Cleaned 0 expired tokens.,
2026-07-30 05:00:00,order-service,INFO,,Heartbeat check: Database is reachable. Active connections: 3.,
2026-07-30 05:00:00,inventory-service,INFO,,Stock sync worker ran successfully. 0 items update required.,
2026-07-30 05:00:00,payment-service,INFO,,Gateway healthcheck: stripe connectivity OK.,
2026-07-30 06:00:00,gateway-service,INFO,,Gateway routing configurations successfully reloaded. Active routes: /api/v1/*,
2026-07-30 06:00:00,auth-service,INFO,,Session cleaner worker run completed. Cleaned 0 expired tokens.,
2026-07-30 06:00:00,order-service,INFO,,Heartbeat check: Database is reachable. Active connections: 5.,
2026-07-30 06:00:00,inventory-service,INFO,,Stock sync worker ran successfully. 0 items update required.,
2026-07-30 06:00:00,payment-service,INFO,,Gateway healthcheck: stripe connectivity OK.,
2026-07-30 07:00:00,gateway-service,INFO,,Gateway routing configurations successfully reloaded. Active routes: /api/v1/*,
2026-07-30 07:00:00,auth-service,INFO,,Session cleaner worker run completed. Cleaned 0 expired tokens.,
2026-07-30 07:00:00,order-service,INFO,,Heartbeat check: Database is reachable. Active connections: 8.,
2026-07-30 07:00:00,inventory-service,INFO,,Stock sync worker ran successfully. 0 items update required.,
2026-07-30 07:00:00,payment-service,INFO,,Gateway healthcheck: stripe connectivity OK.,
2026-07-30 08:00:00,gateway-service,INFO,,Gateway routing configurations successfully reloaded. Active routes: /api/v1/*,
2026-07-30 08:00:00,auth-service,INFO,,Session cleaner worker run completed. Cleaned 0 expired tokens.,
2026-07-30 08:00:00,order-service,INFO,,Heartbeat check: Database is reachable. Active connections: 10.,
2026-07-30 08:00:00,inventory-service,INFO,,Stock sync worker ran successfully. 0 items update required.,
2026-07-30 08:00:00,payment-service,INFO,,Gateway healthcheck: stripe connectivity OK.,
2026-07-30 09:00:00,gateway-service,INFO,,Gateway routing configurations successfully reloaded. Active routes: /api/v1/*,
2026-07-30 09:00:00,auth-service,INFO,,Session cleaner worker run completed. Cleaned 0 expired tokens.,
2026-07-30 09:00:00,order-service,INFO,,Heartbeat check: Database is reachable. Active connections: 12.,
2026-07-30 09:00:00,inventory-service,INFO,,Stock sync worker ran successfully. 0 items update required.,
2026-07-30 09:00:00,payment-service,INFO,,Gateway healthcheck: stripe connectivity OK.,
2026-07-30 10:00:00,gateway-service,INFO,,Gateway routing configurations successfully reloaded. Active routes: /api/v1/*,
2026-07-30 10:00:00,auth-service,INFO,,Session cleaner worker run completed. Cleaned 0 expired tokens.,
2026-07-30 10:00:00,order-service,INFO,,Heartbeat check: Database is reachable. Active connections: 13.,
2026-07-30 10:00:00,inventory-service,INFO,,Stock sync worker ran successfully. 0 items update required.,
2026-07-30 10:00:00,payment-service,INFO,,Gateway healthcheck: stripe connectivity OK.,
2026-07-30 11:00:00,gateway-service,INFO,,Gateway routing configurations successfully reloaded. Active routes: /api/v1/*,
2026-07-30 11:00:00,auth-service,INFO,,Session cleaner worker run completed. Cleaned 0 expired tokens.,
2026-07-30 11:00:00,order-service,INFO,,Heartbeat check: Database is reachable. Active connections: 13.,
2026-07-30 11:00:00,inventory-service,INFO,,Stock sync worker ran successfully. 0 items update required.,
2026-07-30 11:00:00,payment-service,INFO,,Gateway healthcheck: stripe connectivity OK.,
2026-07-30 12:00:00,gateway-service,INFO,,Gateway routing configurations successfully reloaded. Active routes: /api/v1/*,
2026-07-30 12:00:00,auth-service,INFO,,Session cleaner worker run completed. Cleaned 0 expired tokens.,
2026-07-30 12:00:00,order-service,INFO,,Heartbeat check: Database is reachable. Active connections: 12.,
2026-07-30 12:00:00,inventory-service,INFO,,Stock sync worker ran successfully. 0 items update required.,
2026-07-30 12:00:00,payment-service,INFO,,Gateway healthcheck: stripe connectivity OK.,
2026-07-30 13:00:00,gateway-service,INFO,,Gateway routing configurations successfully reloaded. Active routes: /api/v1/*,
2026-07-30 13:00:00,auth-service,INFO,,Session cleaner worker run completed. Cleaned 0 expired tokens.,
2026-07-30 13:00:00,order-service,INFO,,Heartbeat check: Database is reachable. Active connections: 12.,
2026-07-30 13:00:00,inventory-service,INFO,,Stock sync worker ran successfully. 0 items update required.,
2026-07-30 13:00:00,payment-service,INFO,,Gateway healthcheck: stripe connectivity OK.,
2026-07-30 14:00:00,gateway-service,INFO,,Gateway routing configurations successfully reloaded. Active routes: /api/v1/*,
2026-07-30 14:00:00,auth-service,INFO,,Session cleaner worker run completed. Cleaned 0 expired tokens.,
2026-07-30 14:00:00,order-service,INFO,,Heartbeat check: Database is reachable. Active connections: 12.,
2026-07-30 14:00:00,inventory-service,INFO,,Stock sync worker ran successfully. 0 items update required.,
2026-07-30 14:00:00,payment-service,INFO,,Gateway healthcheck: stripe connectivity OK.,
2026-07-30 15:00:00,gateway-service,INFO,,Gateway routing configurations successfully reloaded. Active routes: /api/v1/*,
2026-07-30 15:00:00,auth-service,INFO,,Session cleaner worker run completed. Cleaned 0 expired tokens.,
2026-07-30 15:00:00,order-service,INFO,,Heartbeat check: Database is reachable. Active connections: 12.,
2026-07-30 15:00:00,inventory-service,INFO,,Stock sync worker ran successfully. 0 items update required.,
2026-07-30 15:00:00,payment-service,INFO,,Gateway healthcheck: stripe connectivity OK.,
2026-07-30 16:00:00,gateway-service,INFO,,Gateway routing configurations successfully reloaded. Active routes: /api/v1/*,
2026-07-30 16:00:00,auth-service,INFO,,Session cleaner worker run completed. Cleaned 0 expired tokens.,
2026-07-30 16:00:00,order-service,INFO,,Heartbeat check: Database is reachable. Active connections: 11.,
2026-07-30 16:00:00,inventory-service,INFO,,Stock sync worker ran successfully. 0 items update required.,
2026-07-30 16:00:00,payment-service,INFO,,Gateway healthcheck: stripe connectivity OK.,
2026-07-30 17:00:00,gateway-service,INFO,,Gateway routing configurations successfully reloaded. Active routes: /api/v1/*,
2026-07-30 17:00:00,auth-service,INFO,,Session cleaner worker run completed. Cleaned 0 expired tokens.,
2026-07-30 17:00:00,order-service,INFO,,Heartbeat check: Database is reachable. Active connections: 12.,
2026-07-30 17:00:00,inventory-service,INFO,,Stock sync worker ran successfully. 0 items update required.,
2026-07-30 17:00:00,payment-service,INFO,,Gateway healthcheck: stripe connectivity OK.,
2026-07-30 18:00:00,gateway-service,INFO,,Gateway routing configurations successfully reloaded. Active routes: /api/v1/*,
2026-07-30 18:00:00,auth-service,INFO,,Session cleaner worker run completed. Cleaned 0 expired tokens.,
2026-07-30 18:00:00,order-service,INFO,,Heartbeat check: Database is reachable. Active connections: 11.,
2026-07-30 18:00:00,inventory-service,INFO,,Stock sync worker ran successfully. 0 items update required.,
2026-07-30 18:00:00,payment-service,INFO,,Gateway healthcheck: stripe connectivity OK.,
2026-07-30 19:00:00,gateway-service,INFO,,Gateway routing configurations successfully reloaded. Active routes: /api/v1/*,
2026-07-30 19:00:00,auth-service,INFO,,Session cleaner worker run completed. Cleaned 0 expired tokens.,
2026-07-30 19:00:00,order-service,INFO,,Heartbeat check: Database is reachable. Active connections: 10.,
2026-07-30 19:00:00,inventory-service,INFO,,Stock sync worker ran successfully. 0 items update required.,
2026-07-30 19:00:00,payment-service,INFO,,Gateway healthcheck: stripe connectivity OK.,
2026-07-30 19:35:00,gateway-service,INFO,,"Inbound Request: POST /api/v1/orders/checkout, User: 62251",d53e89203d00e968
2026-07-30 19:35:00,auth-service,INFO,,Token validation successful for user 62251,d53e89203d00e968
2026-07-30 19:35:00,order-service,INFO,,Creating order 50991 for user 62251. Checking inventory...,d53e89203d00e968
2026-07-30 19:35:00,inventory-service,INFO,,Stock check: Item available in warehouse. Reserving stock.,d53e89203d00e968
2026-07-30 19:35:00,order-service,INFO,,Inventory reservation confirmed. Initiating payment for order 50991...,d53e89203d00e968
2026-07-30 19:35:00,payment-service,INFO,,Authorizing payment via credit card for amount: $45.99. Order 50991,d53e89203d00e968
2026-07-30 19:35:00,payment-service,INFO,,Payment transaction successful. AuthCode: stripe_ch_d785555a,d53e89203d00e968
2026-07-30 19:35:00,order-service,INFO,,Payment successful. Confirming order status to PLACED. Order 50991,d53e89203d00e968
2026-07-30 19:35:00,gateway-service,INFO,,Inbound Request POST /api/v1/orders/checkout completed with 201 Created. Trace ID: d53e89203d00e968,d53e89203d00e968
2026-07-30 20:00:00,gateway-service,INFO,,Gateway routing configurations successfully reloaded. Active routes: /api/v1/*,
2026-07-30 20:00:00,auth-service,INFO,,Session cleaner worker run completed. Cleaned 0 expired tokens.,
2026-07-30 20:00:00,order-service,INFO,,Heartbeat check: Database is reachable. Active connections: 10.,
2026-07-30 20:00:00,inventory-service,INFO,,Stock sync worker ran successfully. 0 items update required.,
2026-07-30 20:00:00,payment-service,INFO,,Gateway healthcheck: stripe connectivity OK.,
2026-07-30 21:00:00,gateway-service,INFO,,Gateway routing configurations successfully reloaded. Active routes: /api/v1/*,
2026-07-30 21:00:00,auth-service,INFO,,Session cleaner worker run completed. Cleaned 0 expired tokens.,
2026-07-30 21:00:00,order-service,INFO,,Heartbeat check: Database is reachable. Active connections: 8.,
2026-07-30 21:00:00,inventory-service,INFO,,Stock sync worker ran successfully. 0 items update required.,
2026-07-30 21:00:00,payment-service,INFO,,Gateway healthcheck: stripe connectivity OK.,
2026-07-30 22:00:00,gateway-service,INFO,,Gateway routing configurations successfully reloaded. Active routes: /api/v1/*,
2026-07-30 22:00:00,auth-service,INFO,,Session cleaner worker run completed. Cleaned 0 expired tokens.,
2026-07-30 22:00:00,order-service,INFO,,Heartbeat check: Database is reachable. Active connections: 7.,
2026-07-30 22:00:00,inventory-service,INFO,,Stock sync worker ran successfully. 0 items update required.,
2026-07-30 22:00:00,payment-service,INFO,,Gateway healthcheck: stripe connectivity OK.,
2026-07-30 23:00:00,gateway-service,INFO,,Gateway routing configurations successfully reloaded. Active routes: /api/v1/*,
2026-07-30 23:00:00,auth-service,INFO,,Session cleaner worker run completed. Cleaned 0 expired tokens.,
2026-07-30 23:00:00,order-service,INFO,,Heartbeat check: Database is reachable. Active connections: 5.,
2026-07-30 23:00:00,inventory-service,INFO,,Stock sync worker ran successfully. 0 items update required.,
2026-07-30 23:00:00,payment-service,INFO,,Gateway healthcheck: stripe connectivity OK.,
2026-07-30 23:35:00,gateway-service,INFO,,"Inbound Request: POST /api/v1/orders/checkout, User: 61304",3c2cd5e59e5ce1b1
2026-07-30 23:35:00,auth-service,INFO,,Token validation successful for user 61304,3c2cd5e59e5ce1b1
2026-07-30 23:35:00,order-service,INFO,,Creating order 55538 for user 61304. Checking inventory...,3c2cd5e59e5ce1b1
2026-07-30 23:35:00,inventory-service,INFO,,Stock check: Item available in warehouse. Reserving stock.,3c2cd5e59e5ce1b1
2026-07-30 23:35:00,order-service,INFO,,Inventory reservation confirmed. Initiating payment for order 55538...,3c2cd5e59e5ce1b1
2026-07-30 23:35:00,payment-service,INFO,,Authorizing payment via credit card for amount: $45.99. Order 55538,3c2cd5e59e5ce1b1
2026-07-30 23:35:00,payment-service,INFO,,Payment transaction successful. AuthCode: stripe_ch_5c608170,3c2cd5e59e5ce1b1
2026-07-30 23:35:00,order-service,INFO,,Payment successful. Confirming order status to PLACED. Order 55538,3c2cd5e59e5ce1b1
2026-07-30 23:35:00,gateway-service,INFO,,Inbound Request POST /api/v1/orders/checkout completed with 201 Created. Trace ID: 3c2cd5e59e5ce1b1,3c2cd5e59e5ce1b1
2026-07-31 00:00:00,gateway-service,INFO,,Gateway routing configurations successfully reloaded. Active routes: /api/v1/*,
2026-07-31 00:00:00,auth-service,INFO,,Session cleaner worker run completed. Cleaned 0 expired tokens.,
2026-07-31 00:00:00,order-service,INFO,,Heartbeat check: Database is reachable. Active connections: 3.,
2026-07-31 00:00:00,inventory-service,INFO,,Stock sync worker ran successfully. 0 items update required.,
2026-07-31 00:00:00,payment-service,INFO,,Gateway healthcheck: stripe connectivity OK.,
2026-07-31 01:00:00,gateway-service,INFO,,Gateway routing configurations successfully reloaded. Active routes: /api/v1/*,
2026-07-31 01:00:00,auth-service,INFO,,Session cleaner worker run completed. Cleaned 0 expired tokens.,
2026-07-31 01:00:00,order-service,INFO,,Heartbeat check: Database is reachable. Active connections: 3.,
2026-07-31 01:00:00,inventory-service,INFO,,Stock sync worker ran successfully. 0 items update required.,
2026-07-31 01:00:00,payment-service,INFO,,Gateway healthcheck: stripe connectivity OK.,
2026-07-31 02:00:00,gateway-service,INFO,,Gateway routing configurations successfully reloaded. Active routes: /api/v1/*,
2026-07-31 02:00:00,auth-service,INFO,,Session cleaner worker run completed. Cleaned 0 expired tokens.,
2026-07-31 02:00:00,order-service,INFO,,Heartbeat check: Database is reachable. Active connections: 3.,
2026-07-31 02:00:00,inventory-service,INFO,,Stock sync worker ran successfully. 0 items update required.,
2026-07-31 02:00:00,payment-service,INFO,,Gateway healthcheck: stripe connectivity OK.,
2026-07-31 03:00:00,gateway-service,INFO,,Gateway routing configurations successfully reloaded. Active routes: /api/v1/*,
2026-07-31 03:00:00,auth-service,INFO,,Session cleaner worker run completed. Cleaned 0 expired tokens.,
2026-07-31 03:00:00,order-service,INFO,,Heartbeat check: Database is reachable. Active connections: 3.,
2026-07-31 03:00:00,inventory-service,INFO,,Stock sync worker ran successfully. 0 items update required.,
2026-07-31 03:00:00,payment-service,INFO,,Gateway healthcheck: stripe connectivity OK.,
2026-07-31 04:00:00,gateway-service,INFO,,Gateway routing configurations successfully reloaded. Active routes: /api/v1/*,
2026-07-31 04:00:00,auth-service,INFO,,Session cleaner worker run completed. Cleaned 0 expired tokens.,
2026-07-31 04:00:00,order-service,INFO,,Heartbeat check: Database is reachable. Active connections: 3.,
2026-07-31 04:00:00,inventory-service,INFO,,Stock sync worker ran successfully. 0 items update required.,
2026-07-31 04:00:00,payment-service,INFO,,Gateway healthcheck: stripe connectivity OK.,
2026-07-31 05:00:00,gateway-service,INFO,,Gateway routing configurations successfully reloaded. Active routes: /api/v1/*,
2026-07-31 05:00:00,auth-service,INFO,,Session cleaner worker run completed. Cleaned 0 expired tokens.,
2026-07-31 05:00:00,order-service,INFO,,Heartbeat check: Database is reachable. Active connections: 3.,
2026-07-31 05:00:00,inventory-service,INFO,,Stock sync worker ran successfully. 0 items update required.,
2026-07-31 05:00:00,payment-service,INFO,,Gateway healthcheck: stripe connectivity OK.,
2026-07-31 06:00:00,gateway-service,INFO,,Gateway routing configurations successfully reloaded. Active routes: /api/v1/*,
2026-07-31 06:00:00,auth-service,INFO,,Session cleaner worker run completed. Cleaned 0 expired tokens.,
2026-07-31 06:00:00,order-service,INFO,,Heartbeat check: Database is reachable. Active connections: 5.,
2026-07-31 06:00:00,inventory-service,INFO,,Stock sync worker ran successfully. 0 items update required.,
2026-07-31 06:00:00,payment-service,INFO,,Gateway healthcheck: stripe connectivity OK.,
2026-07-31 07:00:00,gateway-service,INFO,,Gateway routing configurations successfully reloaded. Active routes: /api/v1/*,
2026-07-31 07:00:00,auth-service,INFO,,Session cleaner worker run completed. Cleaned 0 expired tokens.,
2026-07-31 07:00:00,order-service,INFO,,Heartbeat check: Database is reachable. Active connections: 8.,
2026-07-31 07:00:00,inventory-service,INFO,,Stock sync worker ran successfully. 0 items update required.,
2026-07-31 07:00:00,payment-service,INFO,,Gateway healthcheck: stripe connectivity OK.,
2026-07-31 08:00:00,gateway-service,INFO,,Gateway routing configurations successfully reloaded. Active routes: /api/v1/*,
2026-07-31 08:00:00,auth-service,INFO,,Session cleaner worker run completed. Cleaned 0 expired tokens.,
2026-07-31 08:00:00,order-service,INFO,,Heartbeat check: Database is reachable. Active connections: 10.,
2026-07-31 08:00:00,inventory-service,INFO,,Stock sync worker ran successfully. 0 items update required.,
2026-07-31 08:00:00,payment-service,INFO,,Gateway healthcheck: stripe connectivity OK.,
2026-07-31 09:00:00,gateway-service,INFO,,Gateway routing configurations successfully reloaded. Active routes: /api/v1/*,
2026-07-31 09:00:00,auth-service,INFO,,Session cleaner worker run completed. Cleaned 0 expired tokens.,
2026-07-31 09:00:00,order-service,INFO,,Heartbeat check: Database is reachable. Active connections: 11.,
2026-07-31 09:00:00,inventory-service,INFO,,Stock sync worker ran successfully. 0 items update required.,
2026-07-31 09:00:00,payment-service,INFO,,Gateway healthcheck: stripe connectivity OK.,
2026-07-31 10:00:00,gateway-service,INFO,,Gateway routing configurations successfully reloaded. Active routes: /api/v1/*,
2026-07-31 10:00:00,auth-service,INFO,,Session cleaner worker run completed. Cleaned 0 expired tokens.,
2026-07-31 10:00:00,order-service,INFO,,Heartbeat check: Database is reachable. Active connections: 12.,
2026-07-31 10:00:00,inventory-service,INFO,,Stock sync worker ran successfully. 0 items update required.,
2026-07-31 10:00:00,payment-service,INFO,,Gateway healthcheck: stripe connectivity OK.,
2026-07-31 10:50:00,gateway-service,INFO,,"Inbound Request: POST /api/v1/orders/checkout, User: 22805",8e7568a04cc166af
2026-07-31 10:50:00,auth-service,INFO,,Token validation successful for user 22805,8e7568a04cc166af
2026-07-31 10:50:00,order-service,INFO,,Creating order 53296 for user 22805. Checking inventory...,8e7568a04cc166af
2026-07-31 10:50:00,inventory-service,INFO,,Stock check: Item available in warehouse. Reserving stock.,8e7568a04cc166af
2026-07-31 10:50:00,order-service,INFO,,Inventory reservation confirmed. Initiating payment for order 53296...,8e7568a04cc166af
2026-07-31 10:50:00,payment-service,INFO,,Authorizing payment via credit card for amount: $45.99. Order 53296,8e7568a04cc166af
2026-07-31 10:50:00,payment-service,INFO,,Payment transaction successful. AuthCode: stripe_ch_c6583e1c,8e7568a04cc166af
2026-07-31 10:50:00,order-service,INFO,,Payment successful. Confirming order status to PLACED. Order 53296,8e7568a04cc166af
2026-07-31 10:50:00,gateway-service,INFO,,Inbound Request POST /api/v1/orders/checkout completed with 201 Created. Trace ID: 8e7568a04cc166af,8e7568a04cc166af
2026-07-31 11:00:00,gateway-service,INFO,,Gateway routing configurations successfully reloaded. Active routes: /api/v1/*,
2026-07-31 11:00:00,auth-service,INFO,,Session cleaner worker run completed. Cleaned 0 expired tokens.,
2026-07-31 11:00:00,order-service,INFO,,Heartbeat check: Database is reachable. Active connections: 13.,
2026-07-31 11:00:00,inventory-service,INFO,,Stock sync worker ran successfully. 0 items update required.,
2026-07-31 11:00:00,payment-service,INFO,,Gateway healthcheck: stripe connectivity OK.,
2026-07-31 12:00:00,gateway-service,INFO,,Gateway routing configurations successfully reloaded. Active routes: /api/v1/*,
2026-07-31 12:00:00,auth-service,INFO,,Session cleaner worker run completed. Cleaned 0 expired tokens.,
2026-07-31 12:00:00,order-service,INFO,,Heartbeat check: Database is reachable. Active connections: 13.,
2026-07-31 12:00:00,inventory-service,INFO,,Stock sync worker ran successfully. 0 items update required.,
2026-07-31 12:00:00,payment-service,INFO,,Gateway healthcheck: stripe connectivity OK.,
2026-07-31 12:10:00,gateway-service,INFO,,"Inbound Request: POST /api/v1/orders/checkout, User: 38339",0c4793fc5bde9eaa
2026-07-31 12:10:00,auth-service,INFO,,Token validation successful for user 38339,0c4793fc5bde9eaa
2026-07-31 12:10:00,order-service,INFO,,Creating order 58419 for user 38339. Checking inventory...,0c4793fc5bde9eaa
2026-07-31 12:10:00,inventory-service,INFO,,Stock check: Item available in warehouse. Reserving stock.,0c4793fc5bde9eaa
2026-07-31 12:10:00,order-service,INFO,,Inventory reservation confirmed. Initiating payment for order 58419...,0c4793fc5bde9eaa
2026-07-31 12:10:00,payment-service,INFO,,Authorizing payment via credit card for amount: $45.99. Order 58419,0c4793fc5bde9eaa
2026-07-31 12:10:00,payment-service,INFO,,Payment transaction successful. AuthCode: stripe_ch_a0b3e37e,0c4793fc5bde9eaa
2026-07-31 12:10:00,order-service,INFO,,Payment successful. Confirming order status to PLACED. Order 58419,0c4793fc5bde9eaa
2026-07-31 12:10:00,gateway-service,INFO,,Inbound Request POST /api/v1/orders/checkout completed with 201 Created. Trace ID: 0c4793fc5bde9eaa,0c4793fc5bde9eaa
2026-07-31 13:00:00,gateway-service,INFO,,Gateway routing configurations successfully reloaded. Active routes: /api/v1/*,
2026-07-31 13:00:00,auth-service,INFO,,Session cleaner worker run completed. Cleaned 0 expired tokens.,
2026-07-31 13:00:00,order-service,INFO,,Heartbeat check: Database is reachable. Active connections: 12.,
2026-07-31 13:00:00,inventory-service,INFO,,Stock sync worker ran successfully. 0 items update required.,
2026-07-31 13:00:00,payment-service,INFO,,Gateway healthcheck: stripe connectivity OK.,
2026-07-31 14:00:00,gateway-service,INFO,,Gateway routing configurations successfully reloaded. Active routes: /api/v1/*,
2026-07-31 14:00:00,auth-service,INFO,,Session cleaner worker run completed. Cleaned 0 expired tokens.,
2026-07-31 14:00:00,order-service,INFO,,Heartbeat check: Database is reachable. Active connections: 11.,
2026-07-31 14:00:00,inventory-service,INFO,,Stock sync worker ran successfully. 0 items update required.,
2026-07-31 14:00:00,payment-service,INFO,,Gateway healthcheck: stripe connectivity OK.,
2026-07-31 15:00:00,gateway-service,INFO,,Gateway routing configurations successfully reloaded. Active routes: /api/v1/*,
2026-07-31 15:00:00,auth-service,INFO,,Session cleaner worker run completed. Cleaned 0 expired tokens.,
2026-07-31 15:00:00,order-service,INFO,,Heartbeat check: Database is reachable. Active connections: 12.,
2026-07-31 15:00:00,inventory-service,INFO,,Stock sync worker ran successfully. 0 items update required.,
2026-07-31 15:00:00,payment-service,INFO,,Gateway healthcheck: stripe connectivity OK.,
2026-07-31 16:00:00,gateway-service,INFO,,Gateway routing configurations successfully reloaded. Active routes: /api/v1/*,
2026-07-31 16:00:00,auth-service,INFO,,Session cleaner worker run completed. Cleaned 0 expired tokens.,
2026-07-31 16:00:00,order-service,INFO,,Heartbeat check: Database is reachable. Active connections: 12.,
2026-07-31 16:00:00,inventory-service,INFO,,Stock sync worker ran successfully. 0 items update required.,
2026-07-31 16:00:00,payment-service,INFO,,Gateway healthcheck: stripe connectivity OK.,
2026-07-31 17:00:00,gateway-service,INFO,,Gateway routing configurations successfully reloaded. Active routes: /api/v1/*,
2026-07-31 17:00:00,auth-service,INFO,,Session cleaner worker run completed. Cleaned 0 expired tokens.,
2026-07-31 17:00:00,order-service,INFO,,Heartbeat check: Database is reachable. Active connections: 11.,
2026-07-31 17:00:00,inventory-service,INFO,,Stock sync worker ran successfully. 0 items update required.,
2026-07-31 17:00:00,payment-service,INFO,,Gateway healthcheck: stripe connectivity OK.,
2026-07-31 18:00:00,gateway-service,INFO,,Gateway routing configurations successfully reloaded. Active routes: /api/v1/*,
2026-07-31 18:00:00,auth-service,INFO,,Session cleaner worker run completed. Cleaned 0 expired tokens.,
2026-07-31 18:00:00,order-service,INFO,,Heartbeat check: Database is reachable. Active connections: 11.,
2026-07-31 18:00:00,inventory-service,INFO,,Stock sync worker ran successfully. 0 items update required.,
2026-07-31 18:00:00,payment-service,INFO,,Gateway healthcheck: stripe connectivity OK.,
2026-07-31 19:00:00,gateway-service,INFO,,Gateway routing configurations successfully reloaded. Active routes: /api/v1/*,
2026-07-31 19:00:00,auth-service,INFO,,Session cleaner worker run completed. Cleaned 0 expired tokens.,
2026-07-31 19:00:00,order-service,INFO,,Heartbeat check: Database is reachable. Active connections: 11.,
2026-07-31 19:00:00,inventory-service,INFO,,Stock sync worker ran successfully. 0 items update required.,
2026-07-31 19:00:00,payment-service,INFO,,Gateway healthcheck: stripe connectivity OK.,
2026-07-31 20:00:00,gateway-service,INFO,,Gateway routing configurations successfully reloaded. Active routes: /api/v1/*,
2026-07-31 20:00:00,auth-service,INFO,,Session cleaner worker run completed. Cleaned 0 expired tokens.,
2026-07-31 20:00:00,order-service,INFO,,Heartbeat check: Database is reachable. Active connections: 10.,
2026-07-31 20:00:00,inventory-service,INFO,,Stock sync worker ran successfully. 0 items update required.,
2026-07-31 20:00:00,payment-service,INFO,,Gateway healthcheck: stripe connectivity OK.,
2026-07-31 20:25:00,gateway-service,INFO,,"Inbound Request: POST /api/v1/orders/checkout, User: 60508",65329fef1186ecf5
2026-07-31 20:25:00,auth-service,INFO,,Token validation successful for user 60508,65329fef1186ecf5
2026-07-31 20:25:00,order-service,INFO,,Creating order 54807 for user 60508. Checking inventory...,65329fef1186ecf5
2026-07-31 20:25:00,inventory-service,INFO,,Stock check: Item available in warehouse. Reserving stock.,65329fef1186ecf5
2026-07-31 20:25:00,order-service,INFO,,Inventory reservation confirmed. Initiating payment for order 54807...,65329fef1186ecf5
2026-07-31 20:25:00,payment-service,INFO,,Authorizing payment via credit card for amount: $45.99. Order 54807,65329fef1186ecf5
2026-07-31 20:25:00,payment-service,INFO,,Payment transaction successful. AuthCode: stripe_ch_dcdec929,65329fef1186ecf5
2026-07-31 20:25:00,order-service,INFO,,Payment successful. Confirming order status to PLACED. Order 54807,65329fef1186ecf5
2026-07-31 20:25:00,gateway-service,INFO,,Inbound Request POST /api/v1/orders/checkout completed with 201 Created. Trace ID: 65329fef1186ecf5,65329fef1186ecf5
2026-07-31 21:00:00,gateway-service,INFO,,Gateway routing configurations successfully reloaded. Active routes: /api/v1/*,
2026-07-31 21:00:00,auth-service,INFO,,Session cleaner worker run completed. Cleaned 0 expired tokens.,
2026-07-31 21:00:00,order-service,INFO,,Heartbeat check: Database is reachable. Active connections: 9.,
2026-07-31 21:00:00,inventory-service,INFO,,Stock sync worker ran successfully. 0 items update required.,
2026-07-31 21:00:00,payment-service,INFO,,Gateway healthcheck: stripe connectivity OK.,
2026-07-31 22:00:00,gateway-service,INFO,,Gateway routing configurations successfully reloaded. Active routes: /api/v1/*,
2026-07-31 22:00:00,auth-service,INFO,,Session cleaner worker run completed. Cleaned 0 expired tokens.,
2026-07-31 22:00:00,order-service,INFO,,Heartbeat check: Database is reachable. Active connections: 7.,
2026-07-31 22:00:00,inventory-service,INFO,,Stock sync worker ran successfully. 0 items update required.,
2026-07-31 22:00:00,payment-service,INFO,,Gateway healthcheck: stripe connectivity OK.,
2026-07-31 23:00:00,gateway-service,INFO,,Gateway routing configurations successfully reloaded. Active routes: /api/v1/*,
2026-07-31 23:00:00,auth-service,INFO,,Session cleaner worker run completed. Cleaned 0 expired tokens.,
2026-07-31 23:00:00,order-service,INFO,,Heartbeat check: Database is reachable. Active connections: 5.,
2026-07-31 23:00:00,inventory-service,INFO,,Stock sync worker ran successfully. 0 items update required.,
2026-07-31 23:00:00,payment-service,INFO,,Gateway healthcheck: stripe connectivity OK.,
2026-08-01 00:00:00,gateway-service,INFO,,Gateway routing configurations successfully reloaded. Active routes: /api/v1/*,
2026-08-01 00:00:00,auth-service,INFO,,Session cleaner worker run completed. Cleaned 0 expired tokens.,
2026-08-01 00:00:00,order-service,INFO,,Heartbeat check: Database is reachable. Active connections: 3.,
2026-08-01 00:00:00,inventory-service,INFO,,Stock sync worker ran successfully. 0 items update required.,
2026-08-01 00:00:00,payment-service,INFO,,Gateway healthcheck: stripe connectivity OK.,
2026-08-01 01:00:00,gateway-service,INFO,,Gateway routing configurations successfully reloaded. Active routes: /api/v1/*,
2026-08-01 01:00:00,auth-service,INFO,,Session cleaner worker run completed. Cleaned 0 expired tokens.,
2026-08-01 01:00:00,order-service,INFO,,Heartbeat check: Database is reachable. Active connections: 3.,
2026-08-01 01:00:00,inventory-service,INFO,,Stock sync worker ran successfully. 0 items update required.,
2026-08-01 01:00:00,payment-service,INFO,,Gateway healthcheck: stripe connectivity OK.,
2026-08-01 02:00:00,gateway-service,INFO,,Gateway routing configurations successfully reloaded. Active routes: /api/v1/*,
2026-08-01 02:00:00,auth-service,INFO,,Session cleaner worker run completed. Cleaned 0 expired tokens.,
2026-08-01 02:00:00,order-service,INFO,,Heartbeat check: Database is reachable. Active connections: 3.,
2026-08-01 02:00:00,inventory-service,INFO,,Stock sync worker ran successfully. 0 items update required.,
2026-08-01 02:00:00,payment-service,INFO,,Gateway healthcheck: stripe connectivity OK.,
2026-08-01 03:00:00,gateway-service,INFO,,Gateway routing configurations successfully reloaded. Active routes: /api/v1/*,
2026-08-01 03:00:00,auth-service,INFO,,Session cleaner worker run completed. Cleaned 0 expired tokens.,
2026-08-01 03:00:00,order-service,INFO,,Heartbeat check: Database is reachable. Active connections: 3.,
2026-08-01 03:00:00,inventory-service,INFO,,Stock sync worker ran successfully. 0 items update required.,
2026-08-01 03:00:00,payment-service,INFO,,Gateway healthcheck: stripe connectivity OK.,
2026-08-01 04:00:00,gateway-service,INFO,,Gateway routing configurations successfully reloaded. Active routes: /api/v1/*,
2026-08-01 04:00:00,auth-service,INFO,,Session cleaner worker run completed. Cleaned 0 expired tokens.,
2026-08-01 04:00:00,order-service,INFO,,Heartbeat check: Database is reachable. Active connections: 3.,
2026-08-01 04:00:00,inventory-service,INFO,,Stock sync worker ran successfully. 0 items update required.,
2026-08-01 04:00:00,payment-service,INFO,,Gateway healthcheck: stripe connectivity OK.,
2026-08-01 05:00:00,gateway-service,INFO,,Gateway routing configurations successfully reloaded. Active routes: /api/v1/*,
2026-08-01 05:00:00,auth-service,INFO,,Session cleaner worker run completed. Cleaned 0 expired tokens.,
2026-08-01 05:00:00,order-service,INFO,,Heartbeat check: Database is reachable. Active connections: 4.,
2026-08-01 05:00:00,inventory-service,INFO,,Stock sync worker ran successfully. 0 items update required.,
2026-08-01 05:00:00,payment-service,INFO,,Gateway healthcheck: stripe connectivity OK.,
2026-08-01 06:00:00,gateway-service,INFO,,Gateway routing configurations successfully reloaded. Active routes: /api/v1/*,
2026-08-01 06:00:00,auth-service,INFO,,Session cleaner worker run completed. Cleaned 0 expired tokens.,
2026-08-01 06:00:00,order-service,INFO,,Heartbeat check: Database is reachable. Active connections: 4.,
2026-08-01 06:00:00,inventory-service,INFO,,Stock sync worker ran successfully. 0 items update required.,
2026-08-01 06:00:00,payment-service,INFO,,Gateway healthcheck: stripe connectivity OK.,
2026-08-01 07:00:00,gateway-service,INFO,,Gateway routing configurations successfully reloaded. Active routes: /api/v1/*,
2026-08-01 07:00:00,auth-service,INFO,,Session cleaner worker run completed. Cleaned 0 expired tokens.,
2026-08-01 07:00:00,order-service,INFO,,Heartbeat check: Database is reachable. Active connections: 7.,
2026-08-01 07:00:00,inventory-service,INFO,,Stock sync worker ran successfully. 0 items update required.,
2026-08-01 07:00:00,payment-service,INFO,,Gateway healthcheck: stripe connectivity OK.,
2026-08-01 07:10:00,gateway-service,INFO,,"Inbound Request: POST /api/v1/orders/checkout, User: 26984",98feb93094bc1df5
2026-08-01 07:10:00,auth-service,INFO,,Token validation successful for user 26984,98feb93094bc1df5
2026-08-01 07:10:00,order-service,INFO,,Creating order 55499 for user 26984. Checking inventory...,98feb93094bc1df5
2026-08-01 07:10:00,inventory-service,INFO,,Stock check: Item available in warehouse. Reserving stock.,98feb93094bc1df5
2026-08-01 07:10:00,order-service,INFO,,Inventory reservation confirmed. Initiating payment for order 55499...,98feb93094bc1df5
2026-08-01 07:10:00,payment-service,INFO,,Authorizing payment via credit card for amount: $45.99. Order 55499,98feb93094bc1df5
2026-08-01 07:10:00,payment-service,INFO,,Payment transaction successful. AuthCode: stripe_ch_d3facf5e,98feb93094bc1df5
2026-08-01 07:10:00,order-service,INFO,,Payment successful. Confirming order status to PLACED. Order 55499,98feb93094bc1df5
2026-08-01 07:10:00,gateway-service,INFO,,Inbound Request POST /api/v1/orders/checkout completed with 201 Created. Trace ID: 98feb93094bc1df5,98feb93094bc1df5
2026-08-01 08:00:00,gateway-service,INFO,,Gateway routing configurations successfully reloaded. Active routes: /api/v1/*,
2026-08-01 08:00:00,auth-service,INFO,,Session cleaner worker run completed. Cleaned 0 expired tokens.,
2026-08-01 08:00:00,order-service,INFO,,Heartbeat check: Database is reachable. Active connections: 8.,
2026-08-01 08:00:00,inventory-service,INFO,,Stock sync worker ran successfully. 0 items update required.,
2026-08-01 08:00:00,payment-service,INFO,,Gateway healthcheck: stripe connectivity OK.,
2026-08-01 09:00:00,gateway-service,INFO,,Gateway routing configurations successfully reloaded. Active routes: /api/v1/*,
2026-08-01 09:00:00,auth-service,INFO,,Session cleaner worker run completed. Cleaned 0 expired tokens.,
2026-08-01 09:00:00,order-service,INFO,,Heartbeat check: Database is reachable. Active connections: 10.,
2026-08-01 09:00:00,inventory-service,INFO,,Stock sync worker ran successfully. 0 items update required.,
2026-08-01 09:00:00,payment-service,INFO,,Gateway healthcheck: stripe connectivity OK.,
2026-08-01 09:50:00,gateway-service,INFO,,"Inbound Request: POST /api/v1/orders/checkout, User: 14808",a5b39d4348f32917
2026-08-01 09:50:00,auth-service,INFO,,Token validation successful for user 14808,a5b39d4348f32917
2026-08-01 09:50:00,order-service,INFO,,Creating order 56496 for user 14808. Checking inventory...,a5b39d4348f32917
2026-08-01 09:50:00,inventory-service,INFO,,Stock check: Item available in warehouse. Reserving stock.,a5b39d4348f32917
2026-08-01 09:50:00,order-service,INFO,,Inventory reservation confirmed. Initiating payment for order 56496...,a5b39d4348f32917
2026-08-01 09:50:00,payment-service,INFO,,Authorizing payment via credit card for amount: $45.99. Order 56496,a5b39d4348f32917
2026-08-01 09:50:00,payment-service,INFO,,Payment transaction successful. AuthCode: stripe_ch_381c16cc,a5b39d4348f32917
2026-08-01 09:50:00,order-service,INFO,,Payment successful. Confirming order status to PLACED. Order 56496,a5b39d4348f32917
2026-08-01 09:50:00,gateway-service,INFO,,Inbound Request POST /api/v1/orders/checkout completed with 201 Created. Trace ID: a5b39d4348f32917,a5b39d4348f32917
2026-08-01 10:00:00,gateway-service,INFO,,Gateway routing configurations successfully reloaded. Active routes: /api/v1/*,
2026-08-01 10:00:00,auth-service,INFO,,Session cleaner worker run completed. Cleaned 0 expired tokens.,
2026-08-01 10:00:00,order-service,INFO,,Heartbeat check: Database is reachable. Active connections: 10.,
2026-08-01 10:00:00,inventory-service,INFO,,Stock sync worker ran successfully. 0 items update required.,
2026-08-01 10:00:00,payment-service,INFO,,Gateway healthcheck: stripe connectivity OK.,
2026-08-01 10:30:00,gateway-service,INFO,,"Inbound Request: POST /api/v1/orders/checkout, User: 75001",221d86ab860794b9
2026-08-01 10:30:00,auth-service,INFO,,Token validation successful for user 75001,221d86ab860794b9
2026-08-01 10:30:00,order-service,INFO,,Creating order 52612 for user 75001. Checking inventory...,221d86ab860794b9
2026-08-01 10:30:00,inventory-service,INFO,,Stock check: Item available in warehouse. Reserving stock.,221d86ab860794b9
2026-08-01 10:30:00,order-service,INFO,,Inventory reservation confirmed. Initiating payment for order 52612...,221d86ab860794b9
2026-08-01 10:30:00,payment-service,INFO,,Authorizing payment via credit card for amount: $45.99. Order 52612,221d86ab860794b9
2026-08-01 10:30:00,payment-service,INFO,,Payment transaction successful. AuthCode: stripe_ch_c1658a4b,221d86ab860794b9
2026-08-01 10:30:00,order-service,INFO,,Payment successful. Confirming order status to PLACED. Order 52612,221d86ab860794b9
2026-08-01 10:30:00,gateway-service,INFO,,Inbound Request POST /api/v1/orders/checkout completed with 201 Created. Trace ID: 221d86ab860794b9,221d86ab860794b9
2026-08-01 11:00:00,gateway-service,INFO,,Gateway routing configurations successfully reloaded. Active routes: /api/v1/*,
2026-08-01 11:00:00,auth-service,INFO,,Session cleaner worker run completed. Cleaned 0 expired tokens.,
2026-08-01 11:00:00,order-service,INFO,,Heartbeat check: Database is reachable. Active connections: 11.,
2026-08-01 11:00:00,inventory-service,INFO,,Stock sync worker ran successfully. 0 items update required.,
2026-08-01 11:00:00,payment-service,INFO,,Gateway healthcheck: stripe connectivity OK.,
2026-08-01 12:00:00,gateway-service,INFO,,Gateway routing configurations successfully reloaded. Active routes: /api/v1/*,
2026-08-01 12:00:00,auth-service,INFO,,Session cleaner worker run completed. Cleaned 0 expired tokens.,
2026-08-01 12:00:00,order-service,INFO,,Heartbeat check: Database is reachable. Active connections: 11.,
2026-08-01 12:00:00,inventory-service,INFO,,Stock sync worker ran successfully. 0 items update required.,
2026-08-01 12:00:00,payment-service,INFO,,Gateway healthcheck: stripe connectivity OK.,
2026-08-01 13:00:00,gateway-service,INFO,,Gateway routing configurations successfully reloaded. Active routes: /api/v1/*,
2026-08-01 13:00:00,auth-service,INFO,,Session cleaner worker run completed. Cleaned 0 expired tokens.,
2026-08-01 13:00:00,order-service,INFO,,Heartbeat check: Database is reachable. Active connections: 10.,
2026-08-01 13:00:00,inventory-service,INFO,,Stock sync worker ran successfully. 0 items update required.,
2026-08-01 13:00:00,payment-service,INFO,,Gateway healthcheck: stripe connectivity OK.,
2026-08-01 14:00:00,gateway-service,INFO,,Gateway routing configurations successfully reloaded. Active routes: /api/v1/*,
2026-08-01 14:00:00,auth-service,INFO,,Session cleaner worker run completed. Cleaned 0 expired tokens.,
2026-08-01 14:00:00,order-service,INFO,,Heartbeat check: Database is reachable. Active connections: 10.,
2026-08-01 14:00:00,inventory-service,INFO,,Stock sync worker ran successfully. 0 items update required.,
2026-08-01 14:00:00,payment-service,INFO,,Gateway healthcheck: stripe connectivity OK.,
2026-08-01 15:00:00,gateway-service,INFO,,Gateway routing configurations successfully reloaded. Active routes: /api/v1/*,
2026-08-01 15:00:00,auth-service,INFO,,Session cleaner worker run completed. Cleaned 0 expired tokens.,
2026-08-01 15:00:00,order-service,INFO,,Heartbeat check: Database is reachable. Active connections: 9.,
2026-08-01 15:00:00,inventory-service,INFO,,Stock sync worker ran successfully. 0 items update required.,
2026-08-01 15:00:00,payment-service,INFO,,Gateway healthcheck: stripe connectivity OK.,
2026-08-01 16:00:00,gateway-service,INFO,,Gateway routing configurations successfully reloaded. Active routes: /api/v1/*,
2026-08-01 16:00:00,auth-service,INFO,,Session cleaner worker run completed. Cleaned 0 expired tokens.,
2026-08-01 16:00:00,order-service,INFO,,Heartbeat check: Database is reachable. Active connections: 9.,
2026-08-01 16:00:00,inventory-service,INFO,,Stock sync worker ran successfully. 0 items update required.,
2026-08-01 16:00:00,payment-service,INFO,,Gateway healthcheck: stripe connectivity OK.,
2026-08-01 17:00:00,gateway-service,INFO,,Gateway routing configurations successfully reloaded. Active routes: /api/v1/*,
2026-08-01 17:00:00,auth-service,INFO,,Session cleaner worker run completed. Cleaned 0 expired tokens.,
2026-08-01 17:00:00,order-service,INFO,,Heartbeat check: Database is reachable. Active connections: 9.,
2026-08-01 17:00:00,inventory-service,INFO,,Stock sync worker ran successfully. 0 items update required.,
2026-08-01 17:00:00,payment-service,INFO,,Gateway healthcheck: stripe connectivity OK.,
2026-08-01 18:00:00,gateway-service,INFO,,Gateway routing configurations successfully reloaded. Active routes: /api/v1/*,
2026-08-01 18:00:00,auth-service,INFO,,Session cleaner worker run completed. Cleaned 0 expired tokens.,
2026-08-01 18:00:00,order-service,INFO,,Heartbeat check: Database is reachable. Active connections: 9.,
2026-08-01 18:00:00,inventory-service,INFO,,Stock sync worker ran successfully. 0 items update required.,
2026-08-01 18:00:00,payment-service,INFO,,Gateway healthcheck: stripe connectivity OK.,
2026-08-01 19:00:00,gateway-service,INFO,,Gateway routing configurations successfully reloaded. Active routes: /api/v1/*,
2026-08-01 19:00:00,auth-service,INFO,,Session cleaner worker run completed. Cleaned 0 expired tokens.,
2026-08-01 19:00:00,order-service,INFO,,Heartbeat check: Database is reachable. Active connections: 9.,
2026-08-01 19:00:00,inventory-service,INFO,,Stock sync worker ran successfully. 0 items update required.,
2026-08-01 19:00:00,payment-service,INFO,,Gateway healthcheck: stripe connectivity OK.,
2026-08-01 20:00:00,gateway-service,INFO,,Gateway routing configurations successfully reloaded. Active routes: /api/v1/*,
2026-08-01 20:00:00,auth-service,INFO,,Session cleaner worker run completed. Cleaned 0 expired tokens.,
2026-08-01 20:00:00,order-service,INFO,,Heartbeat check: Database is reachable. Active connections: 8.,
2026-08-01 20:00:00,inventory-service,INFO,,Stock sync worker ran successfully. 0 items update required.,
2026-08-01 20:00:00,payment-service,INFO,,Gateway healthcheck: stripe connectivity OK.,
2026-08-01 21:00:00,gateway-service,INFO,,Gateway routing configurations successfully reloaded. Active routes: /api/v1/*,
2026-08-01 21:00:00,auth-service,INFO,,Session cleaner worker run completed. Cleaned 0 expired tokens.,
2026-08-01 21:00:00,order-service,INFO,,Heartbeat check: Database is reachable. Active connections: 7.,
2026-08-01 21:00:00,inventory-service,INFO,,Stock sync worker ran successfully. 0 items update required.,
2026-08-01 21:00:00,payment-service,INFO,,Gateway healthcheck: stripe connectivity OK.,
2026-08-01 21:25:00,gateway-service,INFO,,"Inbound Request: POST /api/v1/orders/checkout, User: 44556",5ae30612feb04abf
2026-08-01 21:25:00,auth-service,INFO,,Token validation successful for user 44556,5ae30612feb04abf
2026-08-01 21:25:00,order-service,INFO,,Creating order 54884 for user 44556. Checking inventory...,5ae30612feb04abf
2026-08-01 21:25:00,inventory-service,INFO,,Stock check: Item available in warehouse. Reserving stock.,5ae30612feb04abf
2026-08-01 21:25:00,order-service,INFO,,Inventory reservation confirmed. Initiating payment for order 54884...,5ae30612feb04abf
2026-08-01 21:25:00,payment-service,INFO,,Authorizing payment via credit card for amount: $45.99. Order 54884,5ae30612feb04abf
2026-08-01 21:25:00,payment-service,INFO,,Payment transaction successful. AuthCode: stripe_ch_7a39b1dd,5ae30612feb04abf
2026-08-01 21:25:00,order-service,INFO,,Payment successful. Confirming order status to PLACED. Order 54884,5ae30612feb04abf
2026-08-01 21:25:00,gateway-service,INFO,,Inbound Request POST /api/v1/orders/checkout completed with 201 Created. Trace ID: 5ae30612feb04abf,5ae30612feb04abf
2026-08-01 22:00:00,gateway-service,INFO,,Gateway routing configurations successfully reloaded. Active routes: /api/v1/*,
2026-08-01 22:00:00,auth-service,INFO,,Session cleaner worker run completed. Cleaned 0 expired tokens.,
2026-08-01 22:00:00,order-service,INFO,,Heartbeat check: Database is reachable. Active connections: 6.,
2026-08-01 22:00:00,inventory-service,INFO,,Stock sync worker ran successfully. 0 items update required.,
2026-08-01 22:00:00,payment-service,INFO,,Gateway healthcheck: stripe connectivity OK.,
2026-08-01 23:00:00,gateway-service,INFO,,Gateway routing configurations successfully reloaded. Active routes: /api/v1/*,
2026-08-01 23:00:00,auth-service,INFO,,Session cleaner worker run completed. Cleaned 0 expired tokens.,
2026-08-01 23:00:00,order-service,INFO,,Heartbeat check: Database is reachable. Active connections: 5.,
2026-08-01 23:00:00,inventory-service,INFO,,Stock sync worker ran successfully. 0 items update required.,
2026-08-01 23:00:00,payment-service,INFO,,Gateway healthcheck: stripe connectivity OK.,
2026-08-02 00:00:00,gateway-service,INFO,,Gateway routing configurations successfully reloaded. Active routes: /api/v1/*,
2026-08-02 00:00:00,auth-service,INFO,,Session cleaner worker run completed. Cleaned 0 expired tokens.,
2026-08-02 00:00:00,order-service,INFO,,Heartbeat check: Database is reachable. Active connections: 3.,
2026-08-02 00:00:00,inventory-service,INFO,,Stock sync worker ran successfully. 0 items update required.,
2026-08-02 00:00:00,payment-service,INFO,,Gateway healthcheck: stripe connectivity OK.,
2026-08-02 01:00:00,gateway-service,INFO,,Gateway routing configurations successfully reloaded. Active routes: /api/v1/*,
2026-08-02 01:00:00,auth-service,INFO,,Session cleaner worker run completed. Cleaned 0 expired tokens.,
2026-08-02 01:00:00,order-service,INFO,,Heartbeat check: Database is reachable. Active connections: 3.,
2026-08-02 01:00:00,inventory-service,INFO,,Stock sync worker ran successfully. 0 items update required.,
2026-08-02 01:00:00,payment-service,INFO,,Gateway healthcheck: stripe connectivity OK.,
2026-08-02 02:00:00,gateway-service,INFO,,Gateway routing configurations successfully reloaded. Active routes: /api/v1/*,
2026-08-02 02:00:00,auth-service,INFO,,Session cleaner worker run completed. Cleaned 0 expired tokens.,
2026-08-02 02:00:00,order-service,INFO,,Heartbeat check: Database is reachable. Active connections: 3.,
2026-08-02 02:00:00,inventory-service,INFO,,Stock sync worker ran successfully. 0 items update required.,
2026-08-02 02:00:00,payment-service,INFO,,Gateway healthcheck: stripe connectivity OK.,
2026-08-02 02:00:00,gateway-service,INFO,,"Inbound Request: POST /api/v1/orders/checkout, User: 88026",50f6c5d94ac3c395
2026-08-02 02:00:00,auth-service,INFO,,Token validation successful for user 88026,50f6c5d94ac3c395
2026-08-02 02:00:00,order-service,INFO,,Creating order 55219 for user 88026. Checking inventory...,50f6c5d94ac3c395
2026-08-02 02:00:00,inventory-service,INFO,,Stock check: Item available in warehouse. Reserving stock.,50f6c5d94ac3c395
2026-08-02 02:00:00,order-service,INFO,,Inventory reservation confirmed. Initiating payment for order 55219...,50f6c5d94ac3c395
2026-08-02 02:00:00,payment-service,INFO,,Authorizing payment via credit card for amount: $45.99. Order 55219,50f6c5d94ac3c395
2026-08-02 02:00:00,payment-service,INFO,,Payment transaction successful. AuthCode: stripe_ch_6d720067,50f6c5d94ac3c395
2026-08-02 02:00:00,order-service,INFO,,Payment successful. Confirming order status to PLACED. Order 55219,50f6c5d94ac3c395
2026-08-02 02:00:00,gateway-service,INFO,,Inbound Request POST /api/v1/orders/checkout completed with 201 Created. Trace ID: 50f6c5d94ac3c395,50f6c5d94ac3c395
2026-08-02 03:00:00,gateway-service,INFO,,Gateway routing configurations successfully reloaded. Active routes: /api/v1/*,
2026-08-02 03:00:00,auth-service,INFO,,Session cleaner worker run completed. Cleaned 0 expired tokens.,
2026-08-02 03:00:00,order-service,INFO,,Heartbeat check: Database is reachable. Active connections: 3.,
2026-08-02 03:00:00,inventory-service,INFO,,Stock sync worker ran successfully. 0 items update required.,
2026-08-02 03:00:00,payment-service,INFO,,Gateway healthcheck: stripe connectivity OK.,
2026-08-02 04:00:00,gateway-service,INFO,,Gateway routing configurations successfully reloaded. Active routes: /api/v1/*,
2026-08-02 04:00:00,auth-service,INFO,,Session cleaner worker run completed. Cleaned 0 expired tokens.,
2026-08-02 04:00:00,order-service,INFO,,Heartbeat check: Database is reachable. Active connections: 3.,
2026-08-02 04:00:00,inventory-service,INFO,,Stock sync worker ran successfully. 0 items update required.,
2026-08-02 04:00:00,payment-service,INFO,,Gateway healthcheck: stripe connectivity OK.,
2026-08-02 04:10:00,gateway-service,INFO,,"Inbound Request: POST /api/v1/orders/checkout, User: 93051",fc91709b27ac7575
2026-08-02 04:10:00,auth-service,INFO,,Token validation successful for user 93051,fc91709b27ac7575
2026-08-02 04:10:00,order-service,INFO,,Creating order 59191 for user 93051. Checking inventory...,fc91709b27ac7575
2026-08-02 04:10:00,inventory-service,INFO,,Stock check: Item available in warehouse. Reserving stock.,fc91709b27ac7575
2026-08-02 04:10:00,order-service,INFO,,Inventory reservation confirmed. Initiating payment for order 59191...,fc91709b27ac7575
2026-08-02 04:10:00,payment-service,INFO,,Authorizing payment via credit card for amount: $45.99. Order 59191,fc91709b27ac7575
2026-08-02 04:10:00,payment-service,INFO,,Payment transaction successful. AuthCode: stripe_ch_76117bbf,fc91709b27ac7575
2026-08-02 04:10:00,order-service,INFO,,Payment successful. Confirming order status to PLACED. Order 59191,fc91709b27ac7575
2026-08-02 04:10:00,gateway-service,INFO,,Inbound Request POST /api/v1/orders/checkout completed with 201 Created. Trace ID: fc91709b27ac7575,fc91709b27ac7575
2026-08-02 05:00:00,gateway-service,INFO,,Gateway routing configurations successfully reloaded. Active routes: /api/v1/*,
2026-08-02 05:00:00,auth-service,INFO,,Session cleaner worker run completed. Cleaned 0 expired tokens.,
2026-08-02 05:00:00,order-service,INFO,,Heartbeat check: Database is reachable. Active connections: 3.,
2026-08-02 05:00:00,inventory-service,INFO,,Stock sync worker ran successfully. 0 items update required.,
2026-08-02 05:00:00,payment-service,INFO,,Gateway healthcheck: stripe connectivity OK.,
2026-08-02 06:00:00,gateway-service,INFO,,Gateway routing configurations successfully reloaded. Active routes: /api/v1/*,
2026-08-02 06:00:00,auth-service,INFO,,Session cleaner worker run completed. Cleaned 0 expired tokens.,
2026-08-02 06:00:00,order-service,INFO,,Heartbeat check: Database is reachable. Active connections: 4.,
2026-08-02 06:00:00,inventory-service,INFO,,Stock sync worker ran successfully. 0 items update required.,
2026-08-02 06:00:00,payment-service,INFO,,Gateway healthcheck: stripe connectivity OK.,
2026-08-02 07:00:00,gateway-service,INFO,,Gateway routing configurations successfully reloaded. Active routes: /api/v1/*,
2026-08-02 07:00:00,auth-service,INFO,,Session cleaner worker run completed. Cleaned 0 expired tokens.,
2026-08-02 07:00:00,order-service,INFO,,Heartbeat check: Database is reachable. Active connections: 6.,
2026-08-02 07:00:00,inventory-service,INFO,,Stock sync worker ran successfully. 0 items update required.,
2026-08-02 07:00:00,payment-service,INFO,,Gateway healthcheck: stripe connectivity OK.,
2026-08-02 08:00:00,gateway-service,INFO,,Gateway routing configurations successfully reloaded. Active routes: /api/v1/*,
2026-08-02 08:00:00,auth-service,INFO,,Session cleaner worker run completed. Cleaned 0 expired tokens.,
2026-08-02 08:00:00,order-service,INFO,,Heartbeat check: Database is reachable. Active connections: 8.,
2026-08-02 08:00:00,inventory-service,INFO,,Stock sync worker ran successfully. 0 items update required.,
2026-08-02 08:00:00,payment-service,INFO,,Gateway healthcheck: stripe connectivity OK.,
2026-08-02 09:00:00,gateway-service,INFO,,Gateway routing configurations successfully reloaded. Active routes: /api/v1/*,
2026-08-02 09:00:00,auth-service,INFO,,Session cleaner worker run completed. Cleaned 0 expired tokens.,
2026-08-02 09:00:00,order-service,INFO,,Heartbeat check: Database is reachable. Active connections: 9.,
2026-08-02 09:00:00,inventory-service,INFO,,Stock sync worker ran successfully. 0 items update required.,
2026-08-02 09:00:00,payment-service,INFO,,Gateway healthcheck: stripe connectivity OK.,
2026-08-02 09:00:00,gateway-service,INFO,,"Inbound Request: POST /api/v1/orders/checkout, User: 25073",0f6f9793f64e64f2
2026-08-02 09:00:00,auth-service,INFO,,Token validation successful for user 25073,0f6f9793f64e64f2
2026-08-02 09:00:00,order-service,INFO,,Creating order 56599 for user 25073. Checking inventory...,0f6f9793f64e64f2
2026-08-02 09:00:00,inventory-service,INFO,,Stock check: Item available in warehouse. Reserving stock.,0f6f9793f64e64f2
2026-08-02 09:00:00,order-service,INFO,,Inventory reservation confirmed. Initiating payment for order 56599...,0f6f9793f64e64f2
2026-08-02 09:00:00,payment-service,INFO,,Authorizing payment via credit card for amount: $45.99. Order 56599,0f6f9793f64e64f2
2026-08-02 09:00:00,payment-service,INFO,,Payment transaction successful. AuthCode: stripe_ch_9d8cb67c,0f6f9793f64e64f2
2026-08-02 09:00:00,order-service,INFO,,Payment successful. Confirming order status to PLACED. Order 56599,0f6f9793f64e64f2
2026-08-02 09:00:00,gateway-service,INFO,,Inbound Request POST /api/v1/orders/checkout completed with 201 Created. Trace ID: 0f6f9793f64e64f2,0f6f9793f64e64f2
2026-08-02 10:00:00,gateway-service,INFO,,Gateway routing configurations successfully reloaded. Active routes: /api/v1/*,
2026-08-02 10:00:00,auth-service,INFO,,Session cleaner worker run completed. Cleaned 0 expired tokens.,
2026-08-02 10:00:00,order-service,INFO,,Heartbeat check: Database is reachable. Active connections: 11.,
2026-08-02 10:00:00,inventory-service,INFO,,Stock sync worker ran successfully. 0 items update required.,
2026-08-02 10:00:00,payment-service,INFO,,Gateway healthcheck: stripe connectivity OK.,
2026-08-02 11:00:00,gateway-service,INFO,,Gateway routing configurations successfully reloaded. Active routes: /api/v1/*,
2026-08-02 11:00:00,auth-service,INFO,,Session cleaner worker run completed. Cleaned 0 expired tokens.,
2026-08-02 11:00:00,order-service,INFO,,Heartbeat check: Database is reachable. Active connections: 10.,
2026-08-02 11:00:00,inventory-service,INFO,,Stock sync worker ran successfully. 0 items update required.,
2026-08-02 11:00:00,payment-service,INFO,,Gateway healthcheck: stripe connectivity OK.,
2026-08-02 12:00:00,gateway-service,INFO,,Gateway routing configurations successfully reloaded. Active routes: /api/v1/*,
2026-08-02 12:00:00,auth-service,INFO,,Session cleaner worker run completed. Cleaned 0 expired tokens.,
2026-08-02 12:00:00,order-service,INFO,,Heartbeat check: Database is reachable. Active connections: 10.,
2026-08-02 12:00:00,inventory-service,INFO,,Stock sync worker ran successfully. 0 items update required.,
2026-08-02 12:00:00,payment-service,INFO,,Gateway healthcheck: stripe connectivity OK.,
2026-08-02 13:00:00,gateway-service,INFO,,Gateway routing configurations successfully reloaded. Active routes: /api/v1/*,
2026-08-02 13:00:00,auth-service,INFO,,Session cleaner worker run completed. Cleaned 0 expired tokens.,
2026-08-02 13:00:00,order-service,INFO,,Heartbeat check: Database is reachable. Active connections: 10.,
2026-08-02 13:00:00,inventory-service,INFO,,Stock sync worker ran successfully. 0 items update required.,
2026-08-02 13:00:00,payment-service,INFO,,Gateway healthcheck: stripe connectivity OK.,
2026-08-02 14:00:00,gateway-service,INFO,,Gateway routing configurations successfully reloaded. Active routes: /api/v1/*,
2026-08-02 14:00:00,auth-service,INFO,,Session cleaner worker run completed. Cleaned 0 expired tokens.,
2026-08-02 14:00:00,order-service,INFO,,Heartbeat check: Database is reachable. Active connections: 10.,
2026-08-02 14:00:00,inventory-service,INFO,,Stock sync worker ran successfully. 0 items update required.,
2026-08-02 14:00:00,payment-service,INFO,,Gateway healthcheck: stripe connectivity OK.,
2026-08-02 15:00:00,gateway-service,INFO,,Gateway routing configurations successfully reloaded. Active routes: /api/v1/*,
2026-08-02 15:00:00,auth-service,INFO,,Session cleaner worker run completed. Cleaned 0 expired tokens.,
2026-08-02 15:00:00,order-service,INFO,,Heartbeat check: Database is reachable. Active connections: 9.,
2026-08-02 15:00:00,inventory-service,INFO,,Stock sync worker ran successfully. 0 items update required.,
2026-08-02 15:00:00,payment-service,INFO,,Gateway healthcheck: stripe connectivity OK.,
2026-08-02 16:00:00,gateway-service,INFO,,Gateway routing configurations successfully reloaded. Active routes: /api/v1/*,
2026-08-02 16:00:00,auth-service,INFO,,Session cleaner worker run completed. Cleaned 0 expired tokens.,
2026-08-02 16:00:00,order-service,INFO,,Heartbeat check: Database is reachable. Active connections: 9.,
2026-08-02 16:00:00,inventory-service,INFO,,Stock sync worker ran successfully. 0 items update required.,
2026-08-02 16:00:00,payment-service,INFO,,Gateway healthcheck: stripe connectivity OK.,
2026-08-02 17:00:00,gateway-service,INFO,,Gateway routing configurations successfully reloaded. Active routes: /api/v1/*,
2026-08-02 17:00:00,auth-service,INFO,,Session cleaner worker run completed. Cleaned 0 expired tokens.,
2026-08-02 17:00:00,order-service,INFO,,Heartbeat check: Database is reachable. Active connections: 9.,
2026-08-02 17:00:00,inventory-service,INFO,,Stock sync worker ran successfully. 0 items update required.,
2026-08-02 17:00:00,payment-service,INFO,,Gateway healthcheck: stripe connectivity OK.,
2026-08-02 18:00:00,gateway-service,INFO,,Gateway routing configurations successfully reloaded. Active routes: /api/v1/*,
2026-08-02 18:00:00,auth-service,INFO,,Session cleaner worker run completed. Cleaned 0 expired tokens.,
2026-08-02 18:00:00,order-service,INFO,,Heartbeat check: Database is reachable. Active connections: 9.,
2026-08-02 18:00:00,inventory-service,INFO,,Stock sync worker ran successfully. 0 items update required.,
2026-08-02 18:00:00,payment-service,INFO,,Gateway healthcheck: stripe connectivity OK.,
2026-08-02 19:00:00,gateway-service,INFO,,Gateway routing configurations successfully reloaded. Active routes: /api/v1/*,
2026-08-02 19:00:00,auth-service,INFO,,Session cleaner worker run completed. Cleaned 0 expired tokens.,
2026-08-02 19:00:00,order-service,INFO,,Heartbeat check: Database is reachable. Active connections: 9.,
2026-08-02 19:00:00,inventory-service,INFO,,Stock sync worker ran successfully. 0 items update required.,
2026-08-02 19:00:00,payment-service,INFO,,Gateway healthcheck: stripe connectivity OK.,
2026-08-02 20:00:00,gateway-service,INFO,,Gateway routing configurations successfully reloaded. Active routes: /api/v1/*,
2026-08-02 20:00:00,auth-service,INFO,,Session cleaner worker run completed. Cleaned 0 expired tokens.,
2026-08-02 20:00:00,order-service,INFO,,Heartbeat check: Database is reachable. Active connections: 8.,
2026-08-02 20:00:00,inventory-service,INFO,,Stock sync worker ran successfully. 0 items update required.,
2026-08-02 20:00:00,payment-service,INFO,,Gateway healthcheck: stripe connectivity OK.,
2026-08-02 21:00:00,gateway-service,INFO,,Gateway routing configurations successfully reloaded. Active routes: /api/v1/*,
2026-08-02 21:00:00,auth-service,INFO,,Session cleaner worker run completed. Cleaned 0 expired tokens.,
2026-08-02 21:00:00,order-service,INFO,,Heartbeat check: Database is reachable. Active connections: 7.,
2026-08-02 21:00:00,inventory-service,INFO,,Stock sync worker ran successfully. 0 items update required.,
2026-08-02 21:00:00,payment-service,INFO,,Gateway healthcheck: stripe connectivity OK.,
2026-08-02 22:00:00,gateway-service,INFO,,Gateway routing configurations successfully reloaded. Active routes: /api/v1/*,
2026-08-02 22:00:00,auth-service,INFO,,Session cleaner worker run completed. Cleaned 0 expired tokens.,
2026-08-02 22:00:00,order-service,INFO,,Heartbeat check: Database is reachable. Active connections: 6.,
2026-08-02 22:00:00,inventory-service,INFO,,Stock sync worker ran successfully. 0 items update required.,
2026-08-02 22:00:00,payment-service,INFO,,Gateway healthcheck: stripe connectivity OK.,
2026-08-02 23:00:00,gateway-service,INFO,,Gateway routing configurations successfully reloaded. Active routes: /api/v1/*,
2026-08-02 23:00:00,auth-service,INFO,,Session cleaner worker run completed. Cleaned 0 expired tokens.,
2026-08-02 23:00:00,order-service,INFO,,Heartbeat check: Database is reachable. Active connections: 5.,
2026-08-02 23:00:00,inventory-service,INFO,,Stock sync worker ran successfully. 0 items update required.,
2026-08-02 23:00:00,payment-service,INFO,,Gateway healthcheck: stripe connectivity OK.,
2026-08-03 00:00:00,gateway-service,INFO,,Gateway routing configurations successfully reloaded. Active routes: /api/v1/*,
2026-08-03 00:00:00,auth-service,INFO,,Session cleaner worker run completed. Cleaned 0 expired tokens.,
2026-08-03 00:00:00,order-service,INFO,,Heartbeat check: Database is reachable. Active connections: 4.,
2026-08-03 00:00:00,inventory-service,INFO,,Stock sync worker ran successfully. 0 items update required.,
2026-08-03 00:00:00,payment-service,INFO,,Gateway healthcheck: stripe connectivity OK.,
2026-08-03 01:00:00,gateway-service,INFO,,Gateway routing configurations successfully reloaded. Active routes: /api/v1/*,
2026-08-03 01:00:00,auth-service,INFO,,Session cleaner worker run completed. Cleaned 0 expired tokens.,
2026-08-03 01:00:00,order-service,INFO,,Heartbeat check: Database is reachable. Active connections: 3.,
2026-08-03 01:00:00,inventory-service,INFO,,Stock sync worker ran successfully. 0 items update required.,
2026-08-03 01:00:00,payment-service,INFO,,Gateway healthcheck: stripe connectivity OK.,
2026-08-03 02:00:00,gateway-service,INFO,,Gateway routing configurations successfully reloaded. Active routes: /api/v1/*,
2026-08-03 02:00:00,auth-service,INFO,,Session cleaner worker run completed. Cleaned 0 expired tokens.,
2026-08-03 02:00:00,order-service,INFO,,Heartbeat check: Database is reachable. Active connections: 3.,
2026-08-03 02:00:00,inventory-service,INFO,,Stock sync worker ran successfully. 0 items update required.,
2026-08-03 02:00:00,payment-service,INFO,,Gateway healthcheck: stripe connectivity OK.,
2026-08-03 02:20:00,gateway-service,INFO,,"Inbound Request: POST /api/v1/orders/checkout, User: 18638",d68ba8c3193878e4
2026-08-03 02:20:00,auth-service,INFO,,Token validation successful for user 18638,d68ba8c3193878e4
2026-08-03 02:20:00,order-service,INFO,,Creating order 52463 for user 18638. Checking inventory...,d68ba8c3193878e4
2026-08-03 02:20:00,inventory-service,INFO,,Stock check: Item available in warehouse. Reserving stock.,d68ba8c3193878e4
2026-08-03 02:20:00,order-service,INFO,,Inventory reservation confirmed. Initiating payment for order 52463...,d68ba8c3193878e4
2026-08-03 02:20:00,payment-service,INFO,,Authorizing payment via credit card for amount: $45.99. Order 52463,d68ba8c3193878e4
2026-08-03 02:20:00,payment-service,INFO,,Payment transaction successful. AuthCode: stripe_ch_191c6da7,d68ba8c3193878e4
2026-08-03 02:20:00,order-service,INFO,,Payment successful. Confirming order status to PLACED. Order 52463,d68ba8c3193878e4
2026-08-03 02:20:00,gateway-service,INFO,,Inbound Request POST /api/v1/orders/checkout completed with 201 Created. Trace ID: d68ba8c3193878e4,d68ba8c3193878e4
2026-08-03 03:00:00,gateway-service,INFO,,Gateway routing configurations successfully reloaded. Active routes: /api/v1/*,
2026-08-03 03:00:00,auth-service,INFO,,Session cleaner worker run completed. Cleaned 0 expired tokens.,
2026-08-03 03:00:00,order-service,INFO,,Heartbeat check: Database is reachable. Active connections: 3.,
2026-08-03 03:00:00,inventory-service,INFO,,Stock sync worker ran successfully. 0 items update required.,
2026-08-03 03:00:00,payment-service,INFO,,Gateway healthcheck: stripe connectivity OK.,
2026-08-03 04:00:00,gateway-service,INFO,,Gateway routing configurations successfully reloaded. Active routes: /api/v1/*,
2026-08-03 04:00:00,auth-service,INFO,,Session cleaner worker run completed. Cleaned 0 expired tokens.,
2026-08-03 04:00:00,order-service,INFO,,Heartbeat check: Database is reachable. Active connections: 3.,
2026-08-03 04:00:00,inventory-service,INFO,,Stock sync worker ran successfully. 0 items update required.,
2026-08-03 04:00:00,payment-service,INFO,,Gateway healthcheck: stripe connectivity OK.,
2026-08-03 05:00:00,gateway-service,INFO,,Gateway routing configurations successfully reloaded. Active routes: /api/v1/*,
2026-08-03 05:00:00,auth-service,INFO,,Session cleaner worker run completed. Cleaned 0 expired tokens.,
2026-08-03 05:00:00,order-service,INFO,,Heartbeat check: Database is reachable. Active connections: 4.,
2026-08-03 05:00:00,inventory-service,INFO,,Stock sync worker ran successfully. 0 items update required.,
2026-08-03 05:00:00,payment-service,INFO,,Gateway healthcheck: stripe connectivity OK.,
2026-08-03 06:00:00,gateway-service,INFO,,Gateway routing configurations successfully reloaded. Active routes: /api/v1/*,
2026-08-03 06:00:00,auth-service,INFO,,Session cleaner worker run completed. Cleaned 0 expired tokens.,
2026-08-03 06:00:00,order-service,INFO,,Heartbeat check: Database is reachable. Active connections: 6.,
2026-08-03 06:00:00,inventory-service,INFO,,Stock sync worker ran successfully. 0 items update required.,
2026-08-03 06:00:00,payment-service,INFO,,Gateway healthcheck: stripe connectivity OK.,
2026-08-03 07:00:00,gateway-service,INFO,,Gateway routing configurations successfully reloaded. Active routes: /api/v1/*,
2026-08-03 07:00:00,auth-service,INFO,,Session cleaner worker run completed. Cleaned 0 expired tokens.,
2026-08-03 07:00:00,order-service,INFO,,Heartbeat check: Database is reachable. Active connections: 8.,
2026-08-03 07:00:00,inventory-service,INFO,,Stock sync worker ran successfully. 0 items update required.,
2026-08-03 07:00:00,payment-service,INFO,,Gateway healthcheck: stripe connectivity OK.,
2026-08-03 08:00:00,gateway-service,INFO,,Gateway routing configurations successfully reloaded. Active routes: /api/v1/*,
2026-08-03 08:00:00,auth-service,INFO,,Session cleaner worker run completed. Cleaned 0 expired tokens.,
2026-08-03 08:00:00,order-service,INFO,,Heartbeat check: Database is reachable. Active connections: 10.,
2026-08-03 08:00:00,inventory-service,INFO,,Stock sync worker ran successfully. 0 items update required.,
2026-08-03 08:00:00,payment-service,INFO,,Gateway healthcheck: stripe connectivity OK.,
2026-08-03 09:00:00,gateway-service,INFO,,Gateway routing configurations successfully reloaded. Active routes: /api/v1/*,
2026-08-03 09:00:00,auth-service,INFO,,Session cleaner worker run completed. Cleaned 0 expired tokens.,
2026-08-03 09:00:00,order-service,INFO,,Heartbeat check: Database is reachable. Active connections: 11.,
2026-08-03 09:00:00,inventory-service,INFO,,Stock sync worker ran successfully. 0 items update required.,
2026-08-03 09:00:00,payment-service,INFO,,Gateway healthcheck: stripe connectivity OK.,
2026-08-03 09:15:00,gateway-service,INFO,,"Inbound Request: POST /api/v1/orders/checkout, User: 68431",aa180ff612137934
2026-08-03 09:15:00,auth-service,INFO,,Token validation successful for user 68431,aa180ff612137934
2026-08-03 09:15:00,order-service,INFO,,Creating order 52989 for user 68431. Checking inventory...,aa180ff612137934
2026-08-03 09:15:00,inventory-service,INFO,,Stock check: Item available in warehouse. Reserving stock.,aa180ff612137934
2026-08-03 09:15:00,order-service,INFO,,Inventory reservation confirmed. Initiating payment for order 52989...,aa180ff612137934
2026-08-03 09:15:00,payment-service,INFO,,Authorizing payment via credit card for amount: $45.99. Order 52989,aa180ff612137934
2026-08-03 09:15:00,payment-service,INFO,,Payment transaction successful. AuthCode: stripe_ch_dc9d64cb,aa180ff612137934
2026-08-03 09:15:00,order-service,INFO,,Payment successful. Confirming order status to PLACED. Order 52989,aa180ff612137934
2026-08-03 09:15:00,gateway-service,INFO,,Inbound Request POST /api/v1/orders/checkout completed with 201 Created. Trace ID: aa180ff612137934,aa180ff612137934
2026-08-03 09:35:00,gateway-service,INFO,,"Inbound Request: POST /api/v1/orders/checkout, User: 33826",eee76a7a0d88cd51
2026-08-03 09:35:00,auth-service,INFO,,Token validation successful for user 33826,eee76a7a0d88cd51
2026-08-03 09:35:00,order-service,INFO,,Creating order 59677 for user 33826. Checking inventory...,eee76a7a0d88cd51
2026-08-03 09:35:00,inventory-service,INFO,,Stock check: Item available in warehouse. Reserving stock.,eee76a7a0d88cd51
2026-08-03 09:35:00,order-service,INFO,,Inventory reservation confirmed. Initiating payment for order 59677...,eee76a7a0d88cd51
2026-08-03 09:35:00,payment-service,INFO,,Authorizing payment via credit card for amount: $45.99. Order 59677,eee76a7a0d88cd51
2026-08-03 09:35:00,payment-service,INFO,,Payment transaction successful. AuthCode: stripe_ch_4893b199,eee76a7a0d88cd51
2026-08-03 09:35:00,order-service,INFO,,Payment successful. Confirming order status to PLACED. Order 59677,eee76a7a0d88cd51
2026-08-03 09:35:00,gateway-service,INFO,,Inbound Request POST /api/v1/orders/checkout completed with 201 Created. Trace ID: eee76a7a0d88cd51,eee76a7a0d88cd51
2026-08-03 09:40:00,gateway-service,INFO,,"Inbound Request: POST /api/v1/orders/checkout, User: 44806",cbe6282c55853254
2026-08-03 09:40:00,auth-service,INFO,,Token validation successful for user 44806,cbe6282c55853254
2026-08-03 09:40:00,order-service,INFO,,Creating order 52520 for user 44806. Checking inventory...,cbe6282c55853254
2026-08-03 09:40:00,inventory-service,INFO,,Stock check: Item available in warehouse. Reserving stock.,cbe6282c55853254
2026-08-03 09:40:00,order-service,INFO,,Inventory reservation confirmed. Initiating payment for order 52520...,cbe6282c55853254
2026-08-03 09:40:00,payment-service,INFO,,Authorizing payment via credit card for amount: $45.99. Order 52520,cbe6282c55853254
2026-08-03 09:40:00,payment-service,INFO,,Payment transaction successful. AuthCode: stripe_ch_f91446cf,cbe6282c55853254
2026-08-03 09:40:00,order-service,INFO,,Payment successful. Confirming order status to PLACED. Order 52520,cbe6282c55853254
2026-08-03 09:40:00,gateway-service,INFO,,Inbound Request POST /api/v1/orders/checkout completed with 201 Created. Trace ID: cbe6282c55853254,cbe6282c55853254
2026-08-03 10:00:00,inventory-service,ERROR,ERR-NPE,java.lang.NullPointerException: Cannot invoke 'com.aegis.inventory.InventoryService.getItemStock(String)' because 'this.inventoryStore' is null at com.aegis.inventory.InventoryController.checkAvailability(InventoryController.java:45),02195b5dac682c70
2026-08-03 10:00:00,order-service,ERROR,ERR-DOWNSTREAM-FAIL,Failed downstream gRPC call to inventory-service. checkAvailability failed. Trace ID: 02195b5dac682c70,02195b5dac682c70
2026-08-03 10:00:00,gateway-service,ERROR,ERR-CHECKOUT-FAIL,Internal Server Error on route POST /api/v1/orders/checkout. Trace ID: 02195b5dac682c70,02195b5dac682c70
2026-08-03 10:00:00,inventory-service,ERROR,ERR-NPE,java.lang.NullPointerException: Cannot invoke 'com.aegis.inventory.InventoryService.getItemStock(String)' because 'this.inventoryStore' is null at com.aegis.inventory.InventoryController.checkAvailability(InventoryController.java:45),2eeeafac6749e344
2026-08-03 10:00:00,order-service,ERROR,ERR-DOWNSTREAM-FAIL,Failed downstream gRPC call to inventory-service. checkAvailability failed. Trace ID: 2eeeafac6749e344,2eeeafac6749e344
2026-08-03 10:00:00,gateway-service,ERROR,ERR-CHECKOUT-FAIL,Internal Server Error on route POST /api/v1/orders/checkout. Trace ID: 2eeeafac6749e344,2eeeafac6749e344
2026-08-03 10:00:00,gateway-service,INFO,,Gateway routing configurations successfully reloaded. Active routes: /api/v1/*,
2026-08-03 10:00:00,auth-service,INFO,,Session cleaner worker run completed. Cleaned 0 expired tokens.,
2026-08-03 10:00:00,order-service,INFO,,Heartbeat check: Database is reachable. Active connections: 13.,
2026-08-03 10:00:00,inventory-service,INFO,,Stock sync worker ran successfully. 0 items update required.,
2026-08-03 10:00:00,payment-service,INFO,,Gateway healthcheck: stripe connectivity OK.,
2026-08-03 10:05:00,inventory-service,ERROR,ERR-NPE,java.lang.NullPointerException: Cannot invoke 'com.aegis.inventory.InventoryService.getItemStock(String)' because 'this.inventoryStore' is null at com.aegis.inventory.InventoryController.checkAvailability(InventoryController.java:45),4d22fe92122c3720
2026-08-03 10:05:00,order-service,ERROR,ERR-DOWNSTREAM-FAIL,Failed downstream gRPC call to inventory-service. checkAvailability failed. Trace ID: 4d22fe92122c3720,4d22fe92122c3720
2026-08-03 10:05:00,gateway-service,ERROR,ERR-CHECKOUT-FAIL,Internal Server Error on route POST /api/v1/orders/checkout. Trace ID: 4d22fe92122c3720,4d22fe92122c3720
2026-08-03 10:05:00,inventory-service,ERROR,ERR-NPE,java.lang.NullPointerException: Cannot invoke 'com.aegis.inventory.InventoryService.getItemStock(String)' because 'this.inventoryStore' is null at com.aegis.inventory.InventoryController.checkAvailability(InventoryController.java:45),d8b4f76cad559c42
2026-08-03 10:05:00,order-service,ERROR,ERR-DOWNSTREAM-FAIL,Failed downstream gRPC call to inventory-service. checkAvailability failed. Trace ID: d8b4f76cad559c42,d8b4f76cad559c42
2026-08-03 10:05:00,gateway-service,ERROR,ERR-CHECKOUT-FAIL,Internal Server Error on route POST /api/v1/orders/checkout. Trace ID: d8b4f76cad559c42,d8b4f76cad559c42
2026-08-03 10:10:00,inventory-service,ERROR,ERR-NPE,java.lang.NullPointerException: Cannot invoke 'com.aegis.inventory.InventoryService.getItemStock(String)' because 'this.inventoryStore' is null at com.aegis.inventory.InventoryController.checkAvailability(InventoryController.java:45),7025919c8a4dedea
2026-08-03 10:10:00,order-service,ERROR,ERR-DOWNSTREAM-FAIL,Failed downstream gRPC call to inventory-service. checkAvailability failed. Trace ID: 7025919c8a4dedea,7025919c8a4dedea
2026-08-03 10:10:00,gateway-service,ERROR,ERR-CHECKOUT-FAIL,Internal Server Error on route POST /api/v1/orders/checkout. Trace ID: 7025919c8a4dedea,7025919c8a4dedea
2026-08-03 10:10:00,inventory-service,ERROR,ERR-NPE,java.lang.NullPointerException: Cannot invoke 'com.aegis.inventory.InventoryService.getItemStock(String)' because 'this.inventoryStore' is null at com.aegis.inventory.InventoryController.checkAvailability(InventoryController.java:45),9d6baf662062c5f3
2026-08-03 10:10:00,order-service,ERROR,ERR-DOWNSTREAM-FAIL,Failed downstream gRPC call to inventory-service. checkAvailability failed. Trace ID: 9d6baf662062c5f3,9d6baf662062c5f3
2026-08-03 10:10:00,gateway-service,ERROR,ERR-CHECKOUT-FAIL,Internal Server Error on route POST /api/v1/orders/checkout. Trace ID: 9d6baf662062c5f3,9d6baf662062c5f3
2026-08-03 10:15:00,inventory-service,ERROR,ERR-NPE,java.lang.NullPointerException: Cannot invoke 'com.aegis.inventory.InventoryService.getItemStock(String)' because 'this.inventoryStore' is null at com.aegis.inventory.InventoryController.checkAvailability(InventoryController.java:45),95707c445741a229
2026-08-03 10:15:00,order-service,ERROR,ERR-DOWNSTREAM-FAIL,Failed downstream gRPC call to inventory-service. checkAvailability failed. Trace ID: 95707c445741a229,95707c445741a229
2026-08-03 10:15:00,gateway-service,ERROR,ERR-CHECKOUT-FAIL,Internal Server Error on route POST /api/v1/orders/checkout. Trace ID: 95707c445741a229,95707c445741a229
2026-08-03 10:15:00,inventory-service,ERROR,ERR-NPE,java.lang.NullPointerException: Cannot invoke 'com.aegis.inventory.InventoryService.getItemStock(String)' because 'this.inventoryStore' is null at com.aegis.inventory.InventoryController.checkAvailability(InventoryController.java:45),185f9f81b5db9408
2026-08-03 10:15:00,order-service,ERROR,ERR-DOWNSTREAM-FAIL,Failed downstream gRPC call to inventory-service. checkAvailability failed. Trace ID: 185f9f81b5db9408,185f9f81b5db9408
2026-08-03 10:15:00,gateway-service,ERROR,ERR-CHECKOUT-FAIL,Internal Server Error on route POST /api/v1/orders/checkout. Trace ID: 185f9f81b5db9408,185f9f81b5db9408
2026-08-03 10:20:00,inventory-service,ERROR,ERR-NPE,java.lang.NullPointerException: Cannot invoke 'com.aegis.inventory.InventoryService.getItemStock(String)' because 'this.inventoryStore' is null at com.aegis.inventory.InventoryController.checkAvailability(InventoryController.java:45),29b9f4c7e7872815
2026-08-03 10:20:00,order-service,ERROR,ERR-DOWNSTREAM-FAIL,Failed downstream gRPC call to inventory-service. checkAvailability failed. Trace ID: 29b9f4c7e7872815,29b9f4c7e7872815
2026-08-03 10:20:00,gateway-service,ERROR,ERR-CHECKOUT-FAIL,Internal Server Error on route POST /api/v1/orders/checkout. Trace ID: 29b9f4c7e7872815,29b9f4c7e7872815
2026-08-03 10:20:00,inventory-service,ERROR,ERR-NPE,java.lang.NullPointerException: Cannot invoke 'com.aegis.inventory.InventoryService.getItemStock(String)' because 'this.inventoryStore' is null at com.aegis.inventory.InventoryController.checkAvailability(InventoryController.java:45),52a93795eebe2406
2026-08-03 10:20:00,order-service,ERROR,ERR-DOWNSTREAM-FAIL,Failed downstream gRPC call to inventory-service. checkAvailability failed. Trace ID: 52a93795eebe2406,52a93795eebe2406
2026-08-03 10:20:00,gateway-service,ERROR,ERR-CHECKOUT-FAIL,Internal Server Error on route POST /api/v1/orders/checkout. Trace ID: 52a93795eebe2406,52a93795eebe2406
2026-08-03 10:25:00,inventory-service,ERROR,ERR-NPE,java.lang.NullPointerException: Cannot invoke 'com.aegis.inventory.InventoryService.getItemStock(String)' because 'this.inventoryStore' is null at com.aegis.inventory.InventoryController.checkAvailability(InventoryController.java:45),00fc79e7bbfda18a
2026-08-03 10:25:00,order-service,ERROR,ERR-DOWNSTREAM-FAIL,Failed downstream gRPC call to inventory-service. checkAvailability failed. Trace ID: 00fc79e7bbfda18a,00fc79e7bbfda18a
2026-08-03 10:25:00,gateway-service,ERROR,ERR-CHECKOUT-FAIL,Internal Server Error on route POST /api/v1/orders/checkout. Trace ID: 00fc79e7bbfda18a,00fc79e7bbfda18a
2026-08-03 10:25:00,inventory-service,ERROR,ERR-NPE,java.lang.NullPointerException: Cannot invoke 'com.aegis.inventory.InventoryService.getItemStock(String)' because 'this.inventoryStore' is null at com.aegis.inventory.InventoryController.checkAvailability(InventoryController.java:45),a1458d652eb8f508
2026-08-03 10:25:00,order-service,ERROR,ERR-DOWNSTREAM-FAIL,Failed downstream gRPC call to inventory-service. checkAvailability failed. Trace ID: a1458d652eb8f508,a1458d652eb8f508
2026-08-03 10:25:00,gateway-service,ERROR,ERR-CHECKOUT-FAIL,Internal Server Error on route POST /api/v1/orders/checkout. Trace ID: a1458d652eb8f508,a1458d652eb8f508
2026-08-03 10:30:00,inventory-service,ERROR,ERR-NPE,java.lang.NullPointerException: Cannot invoke 'com.aegis.inventory.InventoryService.getItemStock(String)' because 'this.inventoryStore' is null at com.aegis.inventory.InventoryController.checkAvailability(InventoryController.java:45),73c6fb8003b22550
2026-08-03 10:30:00,order-service,ERROR,ERR-DOWNSTREAM-FAIL,Failed downstream gRPC call to inventory-service. checkAvailability failed. Trace ID: 73c6fb8003b22550,73c6fb8003b22550
2026-08-03 10:30:00,gateway-service,ERROR,ERR-CHECKOUT-FAIL,Internal Server Error on route POST /api/v1/orders/checkout. Trace ID: 73c6fb8003b22550,73c6fb8003b22550
2026-08-03 10:30:00,inventory-service,ERROR,ERR-NPE,java.lang.NullPointerException: Cannot invoke 'com.aegis.inventory.InventoryService.getItemStock(String)' because 'this.inventoryStore' is null at com.aegis.inventory.InventoryController.checkAvailability(InventoryController.java:45),4b07bfda60e00ae4
2026-08-03 10:30:00,order-service,ERROR,ERR-DOWNSTREAM-FAIL,Failed downstream gRPC call to inventory-service. checkAvailability failed. Trace ID: 4b07bfda60e00ae4,4b07bfda60e00ae4
2026-08-03 10:30:00,gateway-service,ERROR,ERR-CHECKOUT-FAIL,Internal Server Error on route POST /api/v1/orders/checkout. Trace ID: 4b07bfda60e00ae4,4b07bfda60e00ae4
2026-08-03 10:35:00,inventory-service,ERROR,ERR-NPE,java.lang.NullPointerException: Cannot invoke 'com.aegis.inventory.InventoryService.getItemStock(String)' because 'this.inventoryStore' is null at com.aegis.inventory.InventoryController.checkAvailability(InventoryController.java:45),78b7261527760078
2026-08-03 10:35:00,order-service,ERROR,ERR-DOWNSTREAM-FAIL,Failed downstream gRPC call to inventory-service. checkAvailability failed. Trace ID: 78b7261527760078,78b7261527760078
2026-08-03 10:35:00,gateway-service,ERROR,ERR-CHECKOUT-FAIL,Internal Server Error on route POST /api/v1/orders/checkout. Trace ID: 78b7261527760078,78b7261527760078
2026-08-03 10:35:00,inventory-service,ERROR,ERR-NPE,java.lang.NullPointerException: Cannot invoke 'com.aegis.inventory.InventoryService.getItemStock(String)' because 'this.inventoryStore' is null at com.aegis.inventory.InventoryController.checkAvailability(InventoryController.java:45),b3010a49554db3af
2026-08-03 10:35:00,order-service,ERROR,ERR-DOWNSTREAM-FAIL,Failed downstream gRPC call to inventory-service. checkAvailability failed. Trace ID: b3010a49554db3af,b3010a49554db3af
2026-08-03 10:35:00,gateway-service,ERROR,ERR-CHECKOUT-FAIL,Internal Server Error on route POST /api/v1/orders/checkout. Trace ID: b3010a49554db3af,b3010a49554db3af
2026-08-03 10:40:00,inventory-service,ERROR,ERR-NPE,java.lang.NullPointerException: Cannot invoke 'com.aegis.inventory.InventoryService.getItemStock(String)' because 'this.inventoryStore' is null at com.aegis.inventory.InventoryController.checkAvailability(InventoryController.java:45),a1ab1b46a363b189
2026-08-03 10:40:00,order-service,ERROR,ERR-DOWNSTREAM-FAIL,Failed downstream gRPC call to inventory-service. checkAvailability failed. Trace ID: a1ab1b46a363b189,a1ab1b46a363b189
2026-08-03 10:40:00,gateway-service,ERROR,ERR-CHECKOUT-FAIL,Internal Server Error on route POST /api/v1/orders/checkout. Trace ID: a1ab1b46a363b189,a1ab1b46a363b189
2026-08-03 10:40:00,inventory-service,ERROR,ERR-NPE,java.lang.NullPointerException: Cannot invoke 'com.aegis.inventory.InventoryService.getItemStock(String)' because 'this.inventoryStore' is null at com.aegis.inventory.InventoryController.checkAvailability(InventoryController.java:45),7dd78d484d162f37
2026-08-03 10:40:00,order-service,ERROR,ERR-DOWNSTREAM-FAIL,Failed downstream gRPC call to inventory-service. checkAvailability failed. Trace ID: 7dd78d484d162f37,7dd78d484d162f37
2026-08-03 10:40:00,gateway-service,ERROR,ERR-CHECKOUT-FAIL,Internal Server Error on route POST /api/v1/orders/checkout. Trace ID: 7dd78d484d162f37,7dd78d484d162f37
2026-08-03 10:45:00,gateway-service,INFO,,"Inbound Request: POST /api/v1/orders/checkout, User: 95047",74eec420d592b7da
2026-08-03 10:45:00,auth-service,INFO,,Token validation successful for user 95047,74eec420d592b7da
2026-08-03 10:45:00,order-service,INFO,,Creating order 52454 for user 95047. Checking inventory...,74eec420d592b7da
2026-08-03 10:45:00,inventory-service,INFO,,Stock check: Item available in warehouse. Reserving stock.,74eec420d592b7da
2026-08-03 10:45:00,order-service,INFO,,Inventory reservation confirmed. Initiating payment for order 52454...,74eec420d592b7da
2026-08-03 10:45:00,payment-service,INFO,,Authorizing payment via credit card for amount: $45.99. Order 52454,74eec420d592b7da
2026-08-03 10:45:00,payment-service,INFO,,Payment transaction successful. AuthCode: stripe_ch_6da1b67f,74eec420d592b7da
2026-08-03 10:45:00,order-service,INFO,,Payment successful. Confirming order status to PLACED. Order 52454,74eec420d592b7da
2026-08-03 10:45:00,gateway-service,INFO,,Inbound Request POST /api/v1/orders/checkout completed with 201 Created. Trace ID: 74eec420d592b7da,74eec420d592b7da
2026-08-03 11:00:00,gateway-service,INFO,,Gateway routing configurations successfully reloaded. Active routes: /api/v1/*,
2026-08-03 11:00:00,auth-service,INFO,,Session cleaner worker run completed. Cleaned 0 expired tokens.,
2026-08-03 11:00:00,order-service,INFO,,Heartbeat check: Database is reachable. Active connections: 13.,
2026-08-03 11:00:00,inventory-service,INFO,,Stock sync worker ran successfully. 0 items update required.,
2026-08-03 11:00:00,payment-service,INFO,,Gateway healthcheck: stripe connectivity OK.,
2026-08-03 11:00:00,gateway-service,INFO,,"Inbound Request: POST /api/v1/orders/checkout, User: 45700",10853abd48293ecc
2026-08-03 11:00:00,auth-service,INFO,,Token validation successful for user 45700,10853abd48293ecc
2026-08-03 11:00:00,order-service,INFO,,Creating order 51475 for user 45700. Checking inventory...,10853abd48293ecc
2026-08-03 11:00:00,inventory-service,INFO,,Stock check: Item available in warehouse. Reserving stock.,10853abd48293ecc
2026-08-03 11:00:00,order-service,INFO,,Inventory reservation confirmed. Initiating payment for order 51475...,10853abd48293ecc
2026-08-03 11:00:00,payment-service,INFO,,Authorizing payment via credit card for amount: $45.99. Order 51475,10853abd48293ecc
2026-08-03 11:00:00,payment-service,INFO,,Payment transaction successful. AuthCode: stripe_ch_ae8f772f,10853abd48293ecc
2026-08-03 11:00:00,order-service,INFO,,Payment successful. Confirming order status to PLACED. Order 51475,10853abd48293ecc
2026-08-03 11:00:00,gateway-service,INFO,,Inbound Request POST /api/v1/orders/checkout completed with 201 Created. Trace ID: 10853abd48293ecc,10853abd48293ecc
2026-08-03 11:50:00,gateway-service,INFO,,"Inbound Request: POST /api/v1/orders/checkout, User: 84299",feee939b22dfc04f
2026-08-03 11:50:00,auth-service,INFO,,Token validation successful for user 84299,feee939b22dfc04f
2026-08-03 11:50:00,order-service,INFO,,Creating order 58028 for user 84299. Checking inventory...,feee939b22dfc04f
2026-08-03 11:50:00,inventory-service,INFO,,Stock check: Item available in warehouse. Reserving stock.,feee939b22dfc04f
2026-08-03 11:50:00,order-service,INFO,,Inventory reservation confirmed. Initiating payment for order 58028...,feee939b22dfc04f
2026-08-03 11:50:00,payment-service,INFO,,Authorizing payment via credit card for amount: $45.99. Order 58028,feee939b22dfc04f
2026-08-03 11:50:00,payment-service,INFO,,Payment transaction successful. AuthCode: stripe_ch_80504e31,feee939b22dfc04f
2026-08-03 11:50:00,order-service,INFO,,Payment successful. Confirming order status to PLACED. Order 58028,feee939b22dfc04f
2026-08-03 11:50:00,gateway-service,INFO,,Inbound Request POST /api/v1/orders/checkout completed with 201 Created. Trace ID: feee939b22dfc04f,feee939b22dfc04f
2026-08-03 12:00:00,gateway-service,INFO,,Gateway routing configurations successfully reloaded. Active routes: /api/v1/*,
2026-08-03 12:00:00,auth-service,INFO,,Session cleaner worker run completed. Cleaned 0 expired tokens.,
2026-08-03 12:00:00,order-service,INFO,,Heartbeat check: Database is reachable. Active connections: 13.,
2026-08-03 12:00:00,inventory-service,INFO,,Stock sync worker ran successfully. 0 items update required.,
2026-08-03 12:00:00,payment-service,INFO,,Gateway healthcheck: stripe connectivity OK.,
2026-08-03 13:00:00,gateway-service,INFO,,Gateway routing configurations successfully reloaded. Active routes: /api/v1/*,
2026-08-03 13:00:00,auth-service,INFO,,Session cleaner worker run completed. Cleaned 0 expired tokens.,
2026-08-03 13:00:00,order-service,INFO,,Heartbeat check: Database is reachable. Active connections: 13.,
2026-08-03 13:00:00,inventory-service,INFO,,Stock sync worker ran successfully. 0 items update required.,
2026-08-03 13:00:00,payment-service,INFO,,Gateway healthcheck: stripe connectivity OK.,
2026-08-03 14:00:00,gateway-service,INFO,,Gateway routing configurations successfully reloaded. Active routes: /api/v1/*,
2026-08-03 14:00:00,auth-service,INFO,,Session cleaner worker run completed. Cleaned 0 expired tokens.,
2026-08-03 14:00:00,order-service,INFO,,Heartbeat check: Database is reachable. Active connections: 12.,
2026-08-03 14:00:00,inventory-service,INFO,,Stock sync worker ran successfully. 0 items update required.,
2026-08-03 14:00:00,payment-service,INFO,,Gateway healthcheck: stripe connectivity OK.,
2026-08-03 14:00:00,gateway-service,INFO,,"Inbound Request: POST /api/v1/orders/checkout, User: 59017",987a6a594179dd6f
2026-08-03 14:00:00,auth-service,INFO,,Token validation successful for user 59017,987a6a594179dd6f
2026-08-03 14:00:00,order-service,INFO,,Creating order 58340 for user 59017. Checking inventory...,987a6a594179dd6f
2026-08-03 14:00:00,inventory-service,INFO,,Stock check: Item available in warehouse. Reserving stock.,987a6a594179dd6f
2026-08-03 14:00:00,order-service,INFO,,Inventory reservation confirmed. Initiating payment for order 58340...,987a6a594179dd6f
2026-08-03 14:00:00,payment-service,INFO,,Authorizing payment via credit card for amount: $45.99. Order 58340,987a6a594179dd6f
2026-08-03 14:00:00,payment-service,INFO,,Payment transaction successful. AuthCode: stripe_ch_18cb34bb,987a6a594179dd6f
2026-08-03 14:00:00,order-service,INFO,,Payment successful. Confirming order status to PLACED. Order 58340,987a6a594179dd6f
2026-08-03 14:00:00,gateway-service,INFO,,Inbound Request POST /api/v1/orders/checkout completed with 201 Created. Trace ID: 987a6a594179dd6f,987a6a594179dd6f
2026-08-03 15:00:00,gateway-service,INFO,,Gateway routing configurations successfully reloaded. Active routes: /api/v1/*,
2026-08-03 15:00:00,auth-service,INFO,,Session cleaner worker run completed. Cleaned 0 expired tokens.,
2026-08-03 15:00:00,order-service,INFO,,Heartbeat check: Database is reachable. Active connections: 12.,
2026-08-03 15:00:00,inventory-service,INFO,,Stock sync worker ran successfully. 0 items update required.,
2026-08-03 15:00:00,payment-service,INFO,,Gateway healthcheck: stripe connectivity OK.,
2026-08-03 16:00:00,gateway-service,INFO,,Gateway routing configurations successfully reloaded. Active routes: /api/v1/*,
2026-08-03 16:00:00,auth-service,INFO,,Session cleaner worker run completed. Cleaned 0 expired tokens.,
2026-08-03 16:00:00,order-service,INFO,,Heartbeat check: Database is reachable. Active connections: 11.,
2026-08-03 16:00:00,inventory-service,INFO,,Stock sync worker ran successfully. 0 items update required.,
2026-08-03 16:00:00,payment-service,INFO,,Gateway healthcheck: stripe connectivity OK.,
2026-08-03 17:00:00,gateway-service,INFO,,Gateway routing configurations successfully reloaded. Active routes: /api/v1/*,
2026-08-03 17:00:00,auth-service,INFO,,Session cleaner worker run completed. Cleaned 0 expired tokens.,
2026-08-03 17:00:00,order-service,INFO,,Heartbeat check: Database is reachable. Active connections: 12.,
2026-08-03 17:00:00,inventory-service,INFO,,Stock sync worker ran successfully. 0 items update required.,
2026-08-03 17:00:00,payment-service,INFO,,Gateway healthcheck: stripe connectivity OK.,
2026-08-03 18:00:00,gateway-service,INFO,,Gateway routing configurations successfully reloaded. Active routes: /api/v1/*,
2026-08-03 18:00:00,auth-service,INFO,,Session cleaner worker run completed. Cleaned 0 expired tokens.,
2026-08-03 18:00:00,order-service,INFO,,Heartbeat check: Database is reachable. Active connections: 11.,
2026-08-03 18:00:00,inventory-service,INFO,,Stock sync worker ran successfully. 0 items update required.,
2026-08-03 18:00:00,payment-service,INFO,,Gateway healthcheck: stripe connectivity OK.,
2026-08-03 19:00:00,gateway-service,INFO,,Gateway routing configurations successfully reloaded. Active routes: /api/v1/*,
2026-08-03 19:00:00,auth-service,INFO,,Session cleaner worker run completed. Cleaned 0 expired tokens.,
2026-08-03 19:00:00,order-service,INFO,,Heartbeat check: Database is reachable. Active connections: 11.,
2026-08-03 19:00:00,inventory-service,INFO,,Stock sync worker ran successfully. 0 items update required.,
2026-08-03 19:00:00,payment-service,INFO,,Gateway healthcheck: stripe connectivity OK.,
2026-08-03 20:00:00,gateway-service,INFO,,Gateway routing configurations successfully reloaded. Active routes: /api/v1/*,
2026-08-03 20:00:00,auth-service,INFO,,Session cleaner worker run completed. Cleaned 0 expired tokens.,
2026-08-03 20:00:00,order-service,INFO,,Heartbeat check: Database is reachable. Active connections: 9.,
2026-08-03 20:00:00,inventory-service,INFO,,Stock sync worker ran successfully. 0 items update required.,
2026-08-03 20:00:00,payment-service,INFO,,Gateway healthcheck: stripe connectivity OK.,
2026-08-03 21:00:00,gateway-service,INFO,,Gateway routing configurations successfully reloaded. Active routes: /api/v1/*,
2026-08-03 21:00:00,auth-service,INFO,,Session cleaner worker run completed. Cleaned 0 expired tokens.,
2026-08-03 21:00:00,order-service,INFO,,Heartbeat check: Database is reachable. Active connections: 8.,
2026-08-03 21:00:00,inventory-service,INFO,,Stock sync worker ran successfully. 0 items update required.,
2026-08-03 21:00:00,payment-service,INFO,,Gateway healthcheck: stripe connectivity OK.,
2026-08-03 22:00:00,gateway-service,INFO,,Gateway routing configurations successfully reloaded. Active routes: /api/v1/*,
2026-08-03 22:00:00,auth-service,INFO,,Session cleaner worker run completed. Cleaned 0 expired tokens.,
2026-08-03 22:00:00,order-service,INFO,,Heartbeat check: Database is reachable. Active connections: 7.,
2026-08-03 22:00:00,inventory-service,INFO,,Stock sync worker ran successfully. 0 items update required.,
2026-08-03 22:00:00,payment-service,INFO,,Gateway healthcheck: stripe connectivity OK.,
2026-08-03 23:00:00,gateway-service,INFO,,Gateway routing configurations successfully reloaded. Active routes: /api/v1/*,
2026-08-03 23:00:00,auth-service,INFO,,Session cleaner worker run completed. Cleaned 0 expired tokens.,
2026-08-03 23:00:00,order-service,INFO,,Heartbeat check: Database is reachable. Active connections: 5.,
2026-08-03 23:00:00,inventory-service,INFO,,Stock sync worker ran successfully. 0 items update required.,
2026-08-03 23:00:00,payment-service,INFO,,Gateway healthcheck: stripe connectivity OK.,
2026-08-03 23:05:00,gateway-service,INFO,,"Inbound Request: POST /api/v1/orders/checkout, User: 16149",74bd91f0a1cdab28
2026-08-03 23:05:00,auth-service,INFO,,Token validation successful for user 16149,74bd91f0a1cdab28
2026-08-03 23:05:00,order-service,INFO,,Creating order 55704 for user 16149. Checking inventory...,74bd91f0a1cdab28
2026-08-03 23:05:00,inventory-service,INFO,,Stock check: Item available in warehouse. Reserving stock.,74bd91f0a1cdab28
2026-08-03 23:05:00,order-service,INFO,,Inventory reservation confirmed. Initiating payment for order 55704...,74bd91f0a1cdab28
2026-08-03 23:05:00,payment-service,INFO,,Authorizing payment via credit card for amount: $45.99. Order 55704,74bd91f0a1cdab28
2026-08-03 23:05:00,payment-service,INFO,,Payment transaction successful. AuthCode: stripe_ch_561990b3,74bd91f0a1cdab28
2026-08-03 23:05:00,order-service,INFO,,Payment successful. Confirming order status to PLACED. Order 55704,74bd91f0a1cdab28
2026-08-03 23:05:00,gateway-service,INFO,,Inbound Request POST /api/v1/orders/checkout completed with 201 Created. Trace ID: 74bd91f0a1cdab28,74bd91f0a1cdab28
2026-08-04 00:00:00,gateway-service,INFO,,Gateway routing configurations successfully reloaded. Active routes: /api/v1/*,
2026-08-04 00:00:00,auth-service,INFO,,Session cleaner worker run completed. Cleaned 0 expired tokens.,
2026-08-04 00:00:00,order-service,INFO,,Heartbeat check: Database is reachable. Active connections: 4.,
2026-08-04 00:00:00,inventory-service,INFO,,Stock sync worker ran successfully. 0 items update required.,
2026-08-04 00:00:00,payment-service,INFO,,Gateway healthcheck: stripe connectivity OK.,
2026-08-04 01:00:00,gateway-service,INFO,,Gateway routing configurations successfully reloaded. Active routes: /api/v1/*,
2026-08-04 01:00:00,auth-service,INFO,,Session cleaner worker run completed. Cleaned 0 expired tokens.,
2026-08-04 01:00:00,order-service,INFO,,Heartbeat check: Database is reachable. Active connections: 3.,
2026-08-04 01:00:00,inventory-service,INFO,,Stock sync worker ran successfully. 0 items update required.,
2026-08-04 01:00:00,payment-service,INFO,,Gateway healthcheck: stripe connectivity OK.,
2026-08-04 02:00:00,gateway-service,INFO,,Gateway routing configurations successfully reloaded. Active routes: /api/v1/*,
2026-08-04 02:00:00,auth-service,INFO,,Session cleaner worker run completed. Cleaned 0 expired tokens.,
2026-08-04 02:00:00,order-service,INFO,,Heartbeat check: Database is reachable. Active connections: 3.,
2026-08-04 02:00:00,inventory-service,INFO,,Stock sync worker ran successfully. 0 items update required.,
2026-08-04 02:00:00,payment-service,INFO,,Gateway healthcheck: stripe connectivity OK.,
2026-08-04 03:00:00,gateway-service,INFO,,Gateway routing configurations successfully reloaded. Active routes: /api/v1/*,
2026-08-04 03:00:00,auth-service,INFO,,Session cleaner worker run completed. Cleaned 0 expired tokens.,
2026-08-04 03:00:00,order-service,INFO,,Heartbeat check: Database is reachable. Active connections: 3.,
2026-08-04 03:00:00,inventory-service,INFO,,Stock sync worker ran successfully. 0 items update required.,
2026-08-04 03:00:00,payment-service,INFO,,Gateway healthcheck: stripe connectivity OK.,
2026-08-04 04:00:00,gateway-service,INFO,,Gateway routing configurations successfully reloaded. Active routes: /api/v1/*,
2026-08-04 04:00:00,auth-service,INFO,,Session cleaner worker run completed. Cleaned 0 expired tokens.,
2026-08-04 04:00:00,order-service,INFO,,Heartbeat check: Database is reachable. Active connections: 3.,
2026-08-04 04:00:00,inventory-service,INFO,,Stock sync worker ran successfully. 0 items update required.,
2026-08-04 04:00:00,payment-service,INFO,,Gateway healthcheck: stripe connectivity OK.,
2026-08-04 05:00:00,gateway-service,INFO,,Gateway routing configurations successfully reloaded. Active routes: /api/v1/*,
2026-08-04 05:00:00,auth-service,INFO,,Session cleaner worker run completed. Cleaned 0 expired tokens.,
2026-08-04 05:00:00,order-service,INFO,,Heartbeat check: Database is reachable. Active connections: 3.,
2026-08-04 05:00:00,inventory-service,INFO,,Stock sync worker ran successfully. 0 items update required.,
2026-08-04 05:00:00,payment-service,INFO,,Gateway healthcheck: stripe connectivity OK.,
2026-08-04 06:00:00,gateway-service,INFO,,Gateway routing configurations successfully reloaded. Active routes: /api/v1/*,
2026-08-04 06:00:00,auth-service,INFO,,Session cleaner worker run completed. Cleaned 0 expired tokens.,
2026-08-04 06:00:00,order-service,INFO,,Heartbeat check: Database is reachable. Active connections: 6.,
2026-08-04 06:00:00,inventory-service,INFO,,Stock sync worker ran successfully. 0 items update required.,
2026-08-04 06:00:00,payment-service,INFO,,Gateway healthcheck: stripe connectivity OK.,
2026-08-04 06:05:00,gateway-service,INFO,,"Inbound Request: POST /api/v1/orders/checkout, User: 62941",b9f66362382c5f19
2026-08-04 06:05:00,auth-service,INFO,,Token validation successful for user 62941,b9f66362382c5f19
2026-08-04 06:05:00,order-service,INFO,,Creating order 53164 for user 62941. Checking inventory...,b9f66362382c5f19
2026-08-04 06:05:00,inventory-service,INFO,,Stock check: Item available in warehouse. Reserving stock.,b9f66362382c5f19
2026-08-04 06:05:00,order-service,INFO,,Inventory reservation confirmed. Initiating payment for order 53164...,b9f66362382c5f19
2026-08-04 06:05:00,payment-service,INFO,,Authorizing payment via credit card for amount: $45.99. Order 53164,b9f66362382c5f19
2026-08-04 06:05:00,payment-service,INFO,,Payment transaction successful. AuthCode: stripe_ch_291464ea,b9f66362382c5f19
2026-08-04 06:05:00,order-service,INFO,,Payment successful. Confirming order status to PLACED. Order 53164,b9f66362382c5f19
2026-08-04 06:05:00,gateway-service,INFO,,Inbound Request POST /api/v1/orders/checkout completed with 201 Created. Trace ID: b9f66362382c5f19,b9f66362382c5f19
2026-08-04 07:00:00,gateway-service,INFO,,Gateway routing configurations successfully reloaded. Active routes: /api/v1/*,
2026-08-04 07:00:00,auth-service,INFO,,Session cleaner worker run completed. Cleaned 0 expired tokens.,
2026-08-04 07:00:00,order-service,INFO,,Heartbeat check: Database is reachable. Active connections: 7.,
2026-08-04 07:00:00,inventory-service,INFO,,Stock sync worker ran successfully. 0 items update required.,
2026-08-04 07:00:00,payment-service,INFO,,Gateway healthcheck: stripe connectivity OK.,
2026-08-04 08:00:00,gateway-service,INFO,,Gateway routing configurations successfully reloaded. Active routes: /api/v1/*,
2026-08-04 08:00:00,auth-service,INFO,,Session cleaner worker run completed. Cleaned 0 expired tokens.,
2026-08-04 08:00:00,order-service,INFO,,Heartbeat check: Database is reachable. Active connections: 10.,
2026-08-04 08:00:00,inventory-service,INFO,,Stock sync worker ran successfully. 0 items update required.,
2026-08-04 08:00:00,payment-service,INFO,,Gateway healthcheck: stripe connectivity OK.,
2026-08-04 09:00:00,gateway-service,INFO,,Gateway routing configurations successfully reloaded. Active routes: /api/v1/*,
2026-08-04 09:00:00,auth-service,INFO,,Session cleaner worker run completed. Cleaned 0 expired tokens.,
2026-08-04 09:00:00,order-service,INFO,,Heartbeat check: Database is reachable. Active connections: 11.,
2026-08-04 09:00:00,inventory-service,INFO,,Stock sync worker ran successfully. 0 items update required.,
2026-08-04 09:00:00,payment-service,INFO,,Gateway healthcheck: stripe connectivity OK.,
2026-08-04 10:00:00,gateway-service,INFO,,Gateway routing configurations successfully reloaded. Active routes: /api/v1/*,
2026-08-04 10:00:00,auth-service,INFO,,Session cleaner worker run completed. Cleaned 0 expired tokens.,
2026-08-04 10:00:00,order-service,INFO,,Heartbeat check: Database is reachable. Active connections: 12.,
2026-08-04 10:00:00,inventory-service,INFO,,Stock sync worker ran successfully. 0 items update required.,
2026-08-04 10:00:00,payment-service,INFO,,Gateway healthcheck: stripe connectivity OK.,
2026-08-04 11:00:00,gateway-service,INFO,,Gateway routing configurations successfully reloaded. Active routes: /api/v1/*,
2026-08-04 11:00:00,auth-service,INFO,,Session cleaner worker run completed. Cleaned 0 expired tokens.,
2026-08-04 11:00:00,order-service,INFO,,Heartbeat check: Database is reachable. Active connections: 13.,
2026-08-04 11:00:00,inventory-service,INFO,,Stock sync worker ran successfully. 0 items update required.,
2026-08-04 11:00:00,payment-service,INFO,,Gateway healthcheck: stripe connectivity OK.,
2026-08-04 12:00:00,gateway-service,INFO,,Gateway routing configurations successfully reloaded. Active routes: /api/v1/*,
2026-08-04 12:00:00,auth-service,INFO,,Session cleaner worker run completed. Cleaned 0 expired tokens.,
2026-08-04 12:00:00,order-service,INFO,,Heartbeat check: Database is reachable. Active connections: 13.,
2026-08-04 12:00:00,inventory-service,INFO,,Stock sync worker ran successfully. 0 items update required.,
2026-08-04 12:00:00,payment-service,INFO,,Gateway healthcheck: stripe connectivity OK.,
2026-08-04 13:00:00,gateway-service,INFO,,Gateway routing configurations successfully reloaded. Active routes: /api/v1/*,
2026-08-04 13:00:00,auth-service,INFO,,Session cleaner worker run completed. Cleaned 0 expired tokens.,
2026-08-04 13:00:00,order-service,INFO,,Heartbeat check: Database is reachable. Active connections: 12.,
2026-08-04 13:00:00,inventory-service,INFO,,Stock sync worker ran successfully. 0 items update required.,
2026-08-04 13:00:00,payment-service,INFO,,Gateway healthcheck: stripe connectivity OK.,
2026-08-04 14:00:00,gateway-service,INFO,,Gateway routing configurations successfully reloaded. Active routes: /api/v1/*,
2026-08-04 14:00:00,auth-service,INFO,,Session cleaner worker run completed. Cleaned 0 expired tokens.,
2026-08-04 14:00:00,order-service,INFO,,Heartbeat check: Database is reachable. Active connections: 12.,
2026-08-04 14:00:00,inventory-service,INFO,,Stock sync worker ran successfully. 0 items update required.,
2026-08-04 14:00:00,payment-service,INFO,,Gateway healthcheck: stripe connectivity OK.,
2026-08-04 15:00:00,gateway-service,INFO,,Gateway routing configurations successfully reloaded. Active routes: /api/v1/*,
2026-08-04 15:00:00,auth-service,INFO,,Session cleaner worker run completed. Cleaned 0 expired tokens.,
2026-08-04 15:00:00,order-service,INFO,,Heartbeat check: Database is reachable. Active connections: 12.,
2026-08-04 15:00:00,inventory-service,INFO,,Stock sync worker ran successfully. 0 items update required.,
2026-08-04 15:00:00,payment-service,INFO,,Gateway healthcheck: stripe connectivity OK.,
2026-08-04 16:00:00,gateway-service,INFO,,Gateway routing configurations successfully reloaded. Active routes: /api/v1/*,
2026-08-04 16:00:00,auth-service,INFO,,Session cleaner worker run completed. Cleaned 0 expired tokens.,
2026-08-04 16:00:00,order-service,INFO,,Heartbeat check: Database is reachable. Active connections: 11.,
2026-08-04 16:00:00,inventory-service,INFO,,Stock sync worker ran successfully. 0 items update required.,
2026-08-04 16:00:00,payment-service,INFO,,Gateway healthcheck: stripe connectivity OK.,
2026-08-04 17:00:00,gateway-service,INFO,,Gateway routing configurations successfully reloaded. Active routes: /api/v1/*,
2026-08-04 17:00:00,auth-service,INFO,,Session cleaner worker run completed. Cleaned 0 expired tokens.,
2026-08-04 17:00:00,order-service,INFO,,Heartbeat check: Database is reachable. Active connections: 12.,
2026-08-04 17:00:00,inventory-service,INFO,,Stock sync worker ran successfully. 0 items update required.,
2026-08-04 17:00:00,payment-service,INFO,,Gateway healthcheck: stripe connectivity OK.,
2026-08-04 18:00:00,gateway-service,INFO,,Gateway routing configurations successfully reloaded. Active routes: /api/v1/*,
2026-08-04 18:00:00,auth-service,INFO,,Session cleaner worker run completed. Cleaned 0 expired tokens.,
2026-08-04 18:00:00,order-service,INFO,,Heartbeat check: Database is reachable. Active connections: 11.,
2026-08-04 18:00:00,inventory-service,INFO,,Stock sync worker ran successfully. 0 items update required.,
2026-08-04 18:00:00,payment-service,INFO,,Gateway healthcheck: stripe connectivity OK.,
2026-08-04 19:00:00,gateway-service,INFO,,Gateway routing configurations successfully reloaded. Active routes: /api/v1/*,
2026-08-04 19:00:00,auth-service,INFO,,Session cleaner worker run completed. Cleaned 0 expired tokens.,
2026-08-04 19:00:00,order-service,INFO,,Heartbeat check: Database is reachable. Active connections: 10.,
2026-08-04 19:00:00,inventory-service,INFO,,Stock sync worker ran successfully. 0 items update required.,
2026-08-04 19:00:00,payment-service,INFO,,Gateway healthcheck: stripe connectivity OK.,
2026-08-04 20:00:00,gateway-service,INFO,,Gateway routing configurations successfully reloaded. Active routes: /api/v1/*,
2026-08-04 20:00:00,auth-service,INFO,,Session cleaner worker run completed. Cleaned 0 expired tokens.,
2026-08-04 20:00:00,order-service,INFO,,Heartbeat check: Database is reachable. Active connections: 10.,
2026-08-04 20:00:00,inventory-service,INFO,,Stock sync worker ran successfully. 0 items update required.,
2026-08-04 20:00:00,payment-service,INFO,,Gateway healthcheck: stripe connectivity OK.,
2026-08-04 21:00:00,gateway-service,INFO,,Gateway routing configurations successfully reloaded. Active routes: /api/v1/*,
2026-08-04 21:00:00,auth-service,INFO,,Session cleaner worker run completed. Cleaned 0 expired tokens.,
2026-08-04 21:00:00,order-service,INFO,,Heartbeat check: Database is reachable. Active connections: 9.,
2026-08-04 21:00:00,inventory-service,INFO,,Stock sync worker ran successfully. 0 items update required.,
2026-08-04 21:00:00,payment-service,INFO,,Gateway healthcheck: stripe connectivity OK.,
2026-08-04 22:00:00,gateway-service,INFO,,Gateway routing configurations successfully reloaded. Active routes: /api/v1/*,
2026-08-04 22:00:00,auth-service,INFO,,Session cleaner worker run completed. Cleaned 0 expired tokens.,
2026-08-04 22:00:00,order-service,INFO,,Heartbeat check: Database is reachable. Active connections: 8.,
2026-08-04 22:00:00,inventory-service,INFO,,Stock sync worker ran successfully. 0 items update required.,
2026-08-04 22:00:00,payment-service,INFO,,Gateway healthcheck: stripe connectivity OK.,
2026-08-04 23:00:00,gateway-service,INFO,,Gateway routing configurations successfully reloaded. Active routes: /api/v1/*,
2026-08-04 23:00:00,auth-service,INFO,,Session cleaner worker run completed. Cleaned 0 expired tokens.,
2026-08-04 23:00:00,order-service,INFO,,Heartbeat check: Database is reachable. Active connections: 6.,
2026-08-04 23:00:00,inventory-service,INFO,,Stock sync worker ran successfully. 0 items update required.,
2026-08-04 23:00:00,payment-service,INFO,,Gateway healthcheck: stripe connectivity OK.,
2026-08-05 00:00:00,gateway-service,INFO,,Gateway routing configurations successfully reloaded. Active routes: /api/v1/*,
2026-08-05 00:00:00,auth-service,INFO,,Session cleaner worker run completed. Cleaned 0 expired tokens.,
2026-08-05 00:00:00,order-service,INFO,,Heartbeat check: Database is reachable. Active connections: 4.,
2026-08-05 00:00:00,inventory-service,INFO,,Stock sync worker ran successfully. 0 items update required.,
2026-08-05 00:00:00,payment-service,INFO,,Gateway healthcheck: stripe connectivity OK.,
2026-08-05 01:00:00,gateway-service,INFO,,Gateway routing configurations successfully reloaded. Active routes: /api/v1/*,
2026-08-05 01:00:00,auth-service,INFO,,Session cleaner worker run completed. Cleaned 0 expired tokens.,
2026-08-05 01:00:00,order-service,INFO,,Heartbeat check: Database is reachable. Active connections: 3.,
2026-08-05 01:00:00,inventory-service,INFO,,Stock sync worker ran successfully. 0 items update required.,
2026-08-05 01:00:00,payment-service,INFO,,Gateway healthcheck: stripe connectivity OK.,
2026-08-05 02:00:00,gateway-service,INFO,,Gateway routing configurations successfully reloaded. Active routes: /api/v1/*,
2026-08-05 02:00:00,auth-service,INFO,,Session cleaner worker run completed. Cleaned 0 expired tokens.,
2026-08-05 02:00:00,order-service,INFO,,Heartbeat check: Database is reachable. Active connections: 3.,
2026-08-05 02:00:00,inventory-service,INFO,,Stock sync worker ran successfully. 0 items update required.,
2026-08-05 02:00:00,payment-service,INFO,,Gateway healthcheck: stripe connectivity OK.,
2026-08-05 03:00:00,gateway-service,INFO,,Gateway routing configurations successfully reloaded. Active routes: /api/v1/*,
2026-08-05 03:00:00,auth-service,INFO,,Session cleaner worker run completed. Cleaned 0 expired tokens.,
2026-08-05 03:00:00,order-service,INFO,,Heartbeat check: Database is reachable. Active connections: 3.,
2026-08-05 03:00:00,inventory-service,INFO,,Stock sync worker ran successfully. 0 items update required.,
2026-08-05 03:00:00,payment-service,INFO,,Gateway healthcheck: stripe connectivity OK.,
2026-08-05 04:00:00,gateway-service,INFO,,Gateway routing configurations successfully reloaded. Active routes: /api/v1/*,
2026-08-05 04:00:00,auth-service,INFO,,Session cleaner worker run completed. Cleaned 0 expired tokens.,
2026-08-05 04:00:00,order-service,INFO,,Heartbeat check: Database is reachable. Active connections: 3.,
2026-08-05 04:00:00,inventory-service,INFO,,Stock sync worker ran successfully. 0 items update required.,
2026-08-05 04:00:00,payment-service,INFO,,Gateway healthcheck: stripe connectivity OK.,
2026-08-05 05:00:00,gateway-service,INFO,,Gateway routing configurations successfully reloaded. Active routes: /api/v1/*,
2026-08-05 05:00:00,auth-service,INFO,,Session cleaner worker run completed. Cleaned 0 expired tokens.,
2026-08-05 05:00:00,order-service,INFO,,Heartbeat check: Database is reachable. Active connections: 4.,
2026-08-05 05:00:00,inventory-service,INFO,,Stock sync worker ran successfully. 0 items update required.,
2026-08-05 05:00:00,payment-service,INFO,,Gateway healthcheck: stripe connectivity OK.,
2026-08-05 06:00:00,gateway-service,INFO,,Gateway routing configurations successfully reloaded. Active routes: /api/v1/*,
2026-08-05 06:00:00,auth-service,INFO,,Session cleaner worker run completed. Cleaned 0 expired tokens.,
2026-08-05 06:00:00,order-service,INFO,,Heartbeat check: Database is reachable. Active connections: 5.,
2026-08-05 06:00:00,inventory-service,INFO,,Stock sync worker ran successfully. 0 items update required.,
2026-08-05 06:00:00,payment-service,INFO,,Gateway healthcheck: stripe connectivity OK.,
2026-08-05 07:00:00,gateway-service,INFO,,Gateway routing configurations successfully reloaded. Active routes: /api/v1/*,
2026-08-05 07:00:00,auth-service,INFO,,Session cleaner worker run completed. Cleaned 0 expired tokens.,
2026-08-05 07:00:00,order-service,INFO,,Heartbeat check: Database is reachable. Active connections: 8.,
2026-08-05 07:00:00,inventory-service,INFO,,Stock sync worker ran successfully. 0 items update required.,
2026-08-05 07:00:00,payment-service,INFO,,Gateway healthcheck: stripe connectivity OK.,
2026-08-05 08:00:00,gateway-service,INFO,,Gateway routing configurations successfully reloaded. Active routes: /api/v1/*,
2026-08-05 08:00:00,auth-service,INFO,,Session cleaner worker run completed. Cleaned 0 expired tokens.,
2026-08-05 08:00:00,order-service,INFO,,Heartbeat check: Database is reachable. Active connections: 9.,
2026-08-05 08:00:00,inventory-service,INFO,,Stock sync worker ran successfully. 0 items update required.,
2026-08-05 08:00:00,payment-service,INFO,,Gateway healthcheck: stripe connectivity OK.,
2026-08-05 09:00:00,gateway-service,INFO,,Gateway routing configurations successfully reloaded. Active routes: /api/v1/*,
2026-08-05 09:00:00,auth-service,INFO,,Session cleaner worker run completed. Cleaned 0 expired tokens.,
2026-08-05 09:00:00,order-service,INFO,,Heartbeat check: Database is reachable. Active connections: 11.,
2026-08-05 09:00:00,inventory-service,INFO,,Stock sync worker ran successfully. 0 items update required.,
2026-08-05 09:00:00,payment-service,INFO,,Gateway healthcheck: stripe connectivity OK.,
2026-08-05 10:00:00,gateway-service,INFO,,Gateway routing configurations successfully reloaded. Active routes: /api/v1/*,
2026-08-05 10:00:00,auth-service,INFO,,Session cleaner worker run completed. Cleaned 0 expired tokens.,
2026-08-05 10:00:00,order-service,INFO,,Heartbeat check: Database is reachable. Active connections: 12.,
2026-08-05 10:00:00,inventory-service,INFO,,Stock sync worker ran successfully. 0 items update required.,
2026-08-05 10:00:00,payment-service,INFO,,Gateway healthcheck: stripe connectivity OK.,
2026-08-05 11:00:00,gateway-service,INFO,,Gateway routing configurations successfully reloaded. Active routes: /api/v1/*,
2026-08-05 11:00:00,auth-service,INFO,,Session cleaner worker run completed. Cleaned 0 expired tokens.,
2026-08-05 11:00:00,order-service,INFO,,Heartbeat check: Database is reachable. Active connections: 13.,
2026-08-05 11:00:00,inventory-service,INFO,,Stock sync worker ran successfully. 0 items update required.,
2026-08-05 11:00:00,payment-service,INFO,,Gateway healthcheck: stripe connectivity OK.,
2026-08-05 11:15:00,gateway-service,INFO,,"Inbound Request: POST /api/v1/orders/checkout, User: 19086",306871c75897bcc2
2026-08-05 11:15:00,auth-service,INFO,,Token validation successful for user 19086,306871c75897bcc2
2026-08-05 11:15:00,order-service,INFO,,Creating order 50734 for user 19086. Checking inventory...,306871c75897bcc2
2026-08-05 11:15:00,inventory-service,INFO,,Stock check: Item available in warehouse. Reserving stock.,306871c75897bcc2
2026-08-05 11:15:00,order-service,INFO,,Inventory reservation confirmed. Initiating payment for order 50734...,306871c75897bcc2
2026-08-05 11:15:00,payment-service,INFO,,Authorizing payment via credit card for amount: $45.99. Order 50734,306871c75897bcc2
2026-08-05 11:15:00,payment-service,INFO,,Payment transaction successful. AuthCode: stripe_ch_ab39a865,306871c75897bcc2
2026-08-05 11:15:00,order-service,INFO,,Payment successful. Confirming order status to PLACED. Order 50734,306871c75897bcc2
2026-08-05 11:15:00,gateway-service,INFO,,Inbound Request POST /api/v1/orders/checkout completed with 201 Created. Trace ID: 306871c75897bcc2,306871c75897bcc2
2026-08-05 12:00:00,gateway-service,INFO,,Gateway routing configurations successfully reloaded. Active routes: /api/v1/*,
2026-08-05 12:00:00,auth-service,INFO,,Session cleaner worker run completed. Cleaned 0 expired tokens.,
2026-08-05 12:00:00,order-service,INFO,,Heartbeat check: Database is reachable. Active connections: 13.,
2026-08-05 12:00:00,inventory-service,INFO,,Stock sync worker ran successfully. 0 items update required.,
2026-08-05 12:00:00,payment-service,INFO,,Gateway healthcheck: stripe connectivity OK.,
2026-08-05 13:00:00,gateway-service,INFO,,Gateway routing configurations successfully reloaded. Active routes: /api/v1/*,
2026-08-05 13:00:00,auth-service,INFO,,Session cleaner worker run completed. Cleaned 0 expired tokens.,
2026-08-05 13:00:00,order-service,INFO,,Heartbeat check: Database is reachable. Active connections: 12.,
2026-08-05 13:00:00,inventory-service,INFO,,Stock sync worker ran successfully. 0 items update required.,
2026-08-05 13:00:00,payment-service,INFO,,Gateway healthcheck: stripe connectivity OK.,
2026-08-05 14:00:00,gateway-service,INFO,,Gateway routing configurations successfully reloaded. Active routes: /api/v1/*,
2026-08-05 14:00:00,auth-service,INFO,,Session cleaner worker run completed. Cleaned 0 expired tokens.,
2026-08-05 14:00:00,order-service,INFO,,Heartbeat check: Database is reachable. Active connections: 12.,
2026-08-05 14:00:00,inventory-service,INFO,,Stock sync worker ran successfully. 0 items update required.,
2026-08-05 14:00:00,payment-service,INFO,,Gateway healthcheck: stripe connectivity OK.,
2026-08-05 15:00:00,gateway-service,INFO,,Gateway routing configurations successfully reloaded. Active routes: /api/v1/*,
2026-08-05 15:00:00,auth-service,INFO,,Session cleaner worker run completed. Cleaned 0 expired tokens.,
2026-08-05 15:00:00,order-service,INFO,,Heartbeat check: Database is reachable. Active connections: 12.,
2026-08-05 15:00:00,inventory-service,INFO,,Stock sync worker ran successfully. 0 items update required.,
2026-08-05 15:00:00,payment-service,INFO,,Gateway healthcheck: stripe connectivity OK.,
2026-08-05 16:00:00,gateway-service,INFO,,Gateway routing configurations successfully reloaded. Active routes: /api/v1/*,
2026-08-05 16:00:00,auth-service,INFO,,Session cleaner worker run completed. Cleaned 0 expired tokens.,
2026-08-05 16:00:00,order-service,INFO,,Heartbeat check: Database is reachable. Active connections: 11.,
2026-08-05 16:00:00,inventory-service,INFO,,Stock sync worker ran successfully. 0 items update required.,
2026-08-05 16:00:00,payment-service,INFO,,Gateway healthcheck: stripe connectivity OK.,
2026-08-05 16:10:00,gateway-service,INFO,,"Inbound Request: POST /api/v1/orders/checkout, User: 49408",e860a2a5e2ed4b56
2026-08-05 16:10:00,auth-service,INFO,,Token validation successful for user 49408,e860a2a5e2ed4b56
2026-08-05 16:10:00,order-service,INFO,,Creating order 53731 for user 49408. Checking inventory...,e860a2a5e2ed4b56
2026-08-05 16:10:00,inventory-service,INFO,,Stock check: Item available in warehouse. Reserving stock.,e860a2a5e2ed4b56
2026-08-05 16:10:00,order-service,INFO,,Inventory reservation confirmed. Initiating payment for order 53731...,e860a2a5e2ed4b56
2026-08-05 16:10:00,payment-service,INFO,,Authorizing payment via credit card for amount: $45.99. Order 53731,e860a2a5e2ed4b56
2026-08-05 16:10:00,payment-service,INFO,,Payment transaction successful. AuthCode: stripe_ch_9b505d86,e860a2a5e2ed4b56
2026-08-05 16:10:00,order-service,INFO,,Payment successful. Confirming order status to PLACED. Order 53731,e860a2a5e2ed4b56
2026-08-05 16:10:00,gateway-service,INFO,,Inbound Request POST /api/v1/orders/checkout completed with 201 Created. Trace ID: e860a2a5e2ed4b56,e860a2a5e2ed4b56
2026-08-05 16:25:00,gateway-service,INFO,,"Inbound Request: POST /api/v1/orders/checkout, User: 51884",4142d9d5428a9c35
2026-08-05 16:25:00,auth-service,INFO,,Token validation successful for user 51884,4142d9d5428a9c35
2026-08-05 16:25:00,order-service,INFO,,Creating order 53478 for user 51884. Checking inventory...,4142d9d5428a9c35
2026-08-05 16:25:00,inventory-service,INFO,,Stock check: Item available in warehouse. Reserving stock.,4142d9d5428a9c35
2026-08-05 16:25:00,order-service,INFO,,Inventory reservation confirmed. Initiating payment for order 53478...,4142d9d5428a9c35
2026-08-05 16:25:00,payment-service,INFO,,Authorizing payment via credit card for amount: $45.99. Order 53478,4142d9d5428a9c35
2026-08-05 16:25:00,payment-service,INFO,,Payment transaction successful. AuthCode: stripe_ch_400478e1,4142d9d5428a9c35
2026-08-05 16:25:00,order-service,INFO,,Payment successful. Confirming order status to PLACED. Order 53478,4142d9d5428a9c35
2026-08-05 16:25:00,gateway-service,INFO,,Inbound Request POST /api/v1/orders/checkout completed with 201 Created. Trace ID: 4142d9d5428a9c35,4142d9d5428a9c35
2026-08-05 17:00:00,gateway-service,INFO,,Gateway routing configurations successfully reloaded. Active routes: /api/v1/*,
2026-08-05 17:00:00,auth-service,INFO,,Session cleaner worker run completed. Cleaned 0 expired tokens.,
2026-08-05 17:00:00,order-service,INFO,,Heartbeat check: Database is reachable. Active connections: 11.,
2026-08-05 17:00:00,inventory-service,INFO,,Stock sync worker ran successfully. 0 items update required.,
2026-08-05 17:00:00,payment-service,INFO,,Gateway healthcheck: stripe connectivity OK.,
2026-08-05 17:45:00,gateway-service,INFO,,"Inbound Request: POST /api/v1/orders/checkout, User: 76809",e981655c9540e3c0
2026-08-05 17:45:00,auth-service,INFO,,Token validation successful for user 76809,e981655c9540e3c0
2026-08-05 17:45:00,order-service,INFO,,Creating order 52084 for user 76809. Checking inventory...,e981655c9540e3c0
2026-08-05 17:45:00,inventory-service,INFO,,Stock check: Item available in warehouse. Reserving stock.,e981655c9540e3c0
2026-08-05 17:45:00,order-service,INFO,,Inventory reservation confirmed. Initiating payment for order 52084...,e981655c9540e3c0
2026-08-05 17:45:00,payment-service,INFO,,Authorizing payment via credit card for amount: $45.99. Order 52084,e981655c9540e3c0
2026-08-05 17:45:00,payment-service,INFO,,Payment transaction successful. AuthCode: stripe_ch_2765da86,e981655c9540e3c0
2026-08-05 17:45:00,order-service,INFO,,Payment successful. Confirming order status to PLACED. Order 52084,e981655c9540e3c0
2026-08-05 17:45:00,gateway-service,INFO,,Inbound Request POST /api/v1/orders/checkout completed with 201 Created. Trace ID: e981655c9540e3c0,e981655c9540e3c0
2026-08-05 18:00:00,gateway-service,INFO,,Gateway routing configurations successfully reloaded. Active routes: /api/v1/*,
2026-08-05 18:00:00,auth-service,INFO,,Session cleaner worker run completed. Cleaned 0 expired tokens.,
2026-08-05 18:00:00,order-service,INFO,,Heartbeat check: Database is reachable. Active connections: 11.,
2026-08-05 18:00:00,inventory-service,INFO,,Stock sync worker ran successfully. 0 items update required.,
2026-08-05 18:00:00,payment-service,INFO,,Gateway healthcheck: stripe connectivity OK.,
2026-08-05 19:00:00,gateway-service,INFO,,Gateway routing configurations successfully reloaded. Active routes: /api/v1/*,
2026-08-05 19:00:00,auth-service,INFO,,Session cleaner worker run completed. Cleaned 0 expired tokens.,
2026-08-05 19:00:00,order-service,INFO,,Heartbeat check: Database is reachable. Active connections: 10.,
2026-08-05 19:00:00,inventory-service,INFO,,Stock sync worker ran successfully. 0 items update required.,
2026-08-05 19:00:00,payment-service,INFO,,Gateway healthcheck: stripe connectivity OK.,
2026-08-05 20:00:00,gateway-service,INFO,,Gateway routing configurations successfully reloaded. Active routes: /api/v1/*,
2026-08-05 20:00:00,auth-service,INFO,,Session cleaner worker run completed. Cleaned 0 expired tokens.,
2026-08-05 20:00:00,order-service,INFO,,Heartbeat check: Database is reachable. Active connections: 9.,
2026-08-05 20:00:00,inventory-service,INFO,,Stock sync worker ran successfully. 0 items update required.,
2026-08-05 20:00:00,payment-service,INFO,,Gateway healthcheck: stripe connectivity OK.,
2026-08-05 21:00:00,gateway-service,INFO,,Gateway routing configurations successfully reloaded. Active routes: /api/v1/*,
2026-08-05 21:00:00,auth-service,INFO,,Session cleaner worker run completed. Cleaned 0 expired tokens.,
2026-08-05 21:00:00,order-service,INFO,,Heartbeat check: Database is reachable. Active connections: 9.,
2026-08-05 21:00:00,inventory-service,INFO,,Stock sync worker ran successfully. 0 items update required.,
2026-08-05 21:00:00,payment-service,INFO,,Gateway healthcheck: stripe connectivity OK.,
2026-08-05 22:00:00,gateway-service,INFO,,Gateway routing configurations successfully reloaded. Active routes: /api/v1/*,
2026-08-05 22:00:00,auth-service,INFO,,Session cleaner worker run completed. Cleaned 0 expired tokens.,
2026-08-05 22:00:00,order-service,INFO,,Heartbeat check: Database is reachable. Active connections: 7.,
2026-08-05 22:00:00,inventory-service,INFO,,Stock sync worker ran successfully. 0 items update required.,
2026-08-05 22:00:00,payment-service,INFO,,Gateway healthcheck: stripe connectivity OK.,
2026-08-05 23:00:00,gateway-service,INFO,,Gateway routing configurations successfully reloaded. Active routes: /api/v1/*,
2026-08-05 23:00:00,auth-service,INFO,,Session cleaner worker run completed. Cleaned 0 expired tokens.,
2026-08-05 23:00:00,order-service,INFO,,Heartbeat check: Database is reachable. Active connections: 6.,
2026-08-05 23:00:00,inventory-service,INFO,,Stock sync worker ran successfully. 0 items update required.,
2026-08-05 23:00:00,payment-service,INFO,,Gateway healthcheck: stripe connectivity OK.,
2026-08-06 00:00:00,gateway-service,INFO,,Gateway routing configurations successfully reloaded. Active routes: /api/v1/*,
2026-08-06 00:00:00,auth-service,INFO,,Session cleaner worker run completed. Cleaned 0 expired tokens.,
2026-08-06 00:00:00,order-service,INFO,,Heartbeat check: Database is reachable. Active connections: 3.,
2026-08-06 00:00:00,inventory-service,INFO,,Stock sync worker ran successfully. 0 items update required.,
2026-08-06 00:00:00,payment-service,INFO,,Gateway healthcheck: stripe connectivity OK.,
2026-08-06 01:00:00,gateway-service,INFO,,Gateway routing configurations successfully reloaded. Active routes: /api/v1/*,
2026-08-06 01:00:00,auth-service,INFO,,Session cleaner worker run completed. Cleaned 0 expired tokens.,
2026-08-06 01:00:00,order-service,INFO,,Heartbeat check: Database is reachable. Active connections: 3.,
2026-08-06 01:00:00,inventory-service,INFO,,Stock sync worker ran successfully. 0 items update required.,
2026-08-06 01:00:00,payment-service,INFO,,Gateway healthcheck: stripe connectivity OK.,
2026-08-06 02:00:00,gateway-service,INFO,,Gateway routing configurations successfully reloaded. Active routes: /api/v1/*,
2026-08-06 02:00:00,auth-service,INFO,,Session cleaner worker run completed. Cleaned 0 expired tokens.,
2026-08-06 02:00:00,order-service,INFO,,Heartbeat check: Database is reachable. Active connections: 3.,
2026-08-06 02:00:00,inventory-service,INFO,,Stock sync worker ran successfully. 0 items update required.,
2026-08-06 02:00:00,payment-service,INFO,,Gateway healthcheck: stripe connectivity OK.,
2026-08-06 03:00:00,gateway-service,INFO,,Gateway routing configurations successfully reloaded. Active routes: /api/v1/*,
2026-08-06 03:00:00,auth-service,INFO,,Session cleaner worker run completed. Cleaned 0 expired tokens.,
2026-08-06 03:00:00,order-service,INFO,,Heartbeat check: Database is reachable. Active connections: 3.,
2026-08-06 03:00:00,inventory-service,INFO,,Stock sync worker ran successfully. 0 items update required.,
2026-08-06 03:00:00,payment-service,INFO,,Gateway healthcheck: stripe connectivity OK.,
2026-08-06 04:00:00,gateway-service,INFO,,Gateway routing configurations successfully reloaded. Active routes: /api/v1/*,
2026-08-06 04:00:00,auth-service,INFO,,Session cleaner worker run completed. Cleaned 0 expired tokens.,
2026-08-06 04:00:00,order-service,INFO,,Heartbeat check: Database is reachable. Active connections: 3.,
2026-08-06 04:00:00,inventory-service,INFO,,Stock sync worker ran successfully. 0 items update required.,
2026-08-06 04:00:00,payment-service,INFO,,Gateway healthcheck: stripe connectivity OK.,
2026-08-06 05:00:00,gateway-service,INFO,,Gateway routing configurations successfully reloaded. Active routes: /api/v1/*,
2026-08-06 05:00:00,auth-service,INFO,,Session cleaner worker run completed. Cleaned 0 expired tokens.,
2026-08-06 05:00:00,order-service,INFO,,Heartbeat check: Database is reachable. Active connections: 3.,
2026-08-06 05:00:00,inventory-service,INFO,,Stock sync worker ran successfully. 0 items update required.,
2026-08-06 05:00:00,payment-service,INFO,,Gateway healthcheck: stripe connectivity OK.,
2026-08-06 06:00:00,gateway-service,INFO,,Gateway routing configurations successfully reloaded. Active routes: /api/v1/*,
2026-08-06 06:00:00,auth-service,INFO,,Session cleaner worker run completed. Cleaned 0 expired tokens.,
2026-08-06 06:00:00,order-service,INFO,,Heartbeat check: Database is reachable. Active connections: 6.,
2026-08-06 06:00:00,inventory-service,INFO,,Stock sync worker ran successfully. 0 items update required.,
2026-08-06 06:00:00,payment-service,INFO,,Gateway healthcheck: stripe connectivity OK.,
2026-08-06 07:00:00,gateway-service,INFO,,Gateway routing configurations successfully reloaded. Active routes: /api/v1/*,
2026-08-06 07:00:00,auth-service,INFO,,Session cleaner worker run completed. Cleaned 0 expired tokens.,
2026-08-06 07:00:00,order-service,INFO,,Heartbeat check: Database is reachable. Active connections: 8.,
2026-08-06 07:00:00,inventory-service,INFO,,Stock sync worker ran successfully. 0 items update required.,
2026-08-06 07:00:00,payment-service,INFO,,Gateway healthcheck: stripe connectivity OK.,
2026-08-06 08:00:00,gateway-service,INFO,,Gateway routing configurations successfully reloaded. Active routes: /api/v1/*,
2026-08-06 08:00:00,auth-service,INFO,,Session cleaner worker run completed. Cleaned 0 expired tokens.,
2026-08-06 08:00:00,order-service,INFO,,Heartbeat check: Database is reachable. Active connections: 10.,
2026-08-06 08:00:00,inventory-service,INFO,,Stock sync worker ran successfully. 0 items update required.,
2026-08-06 08:00:00,payment-service,INFO,,Gateway healthcheck: stripe connectivity OK.,
2026-08-06 09:00:00,gateway-service,INFO,,Gateway routing configurations successfully reloaded. Active routes: /api/v1/*,
2026-08-06 09:00:00,auth-service,INFO,,Session cleaner worker run completed. Cleaned 0 expired tokens.,
2026-08-06 09:00:00,order-service,INFO,,Heartbeat check: Database is reachable. Active connections: 11.,
2026-08-06 09:00:00,inventory-service,INFO,,Stock sync worker ran successfully. 0 items update required.,
2026-08-06 09:00:00,payment-service,INFO,,Gateway healthcheck: stripe connectivity OK.,
2026-08-06 10:00:00,gateway-service,INFO,,Gateway routing configurations successfully reloaded. Active routes: /api/v1/*,
2026-08-06 10:00:00,auth-service,INFO,,Session cleaner worker run completed. Cleaned 0 expired tokens.,
2026-08-06 10:00:00,order-service,INFO,,Heartbeat check: Database is reachable. Active connections: 13.,
2026-08-06 10:00:00,inventory-service,INFO,,Stock sync worker ran successfully. 0 items update required.,
2026-08-06 10:00:00,payment-service,INFO,,Gateway healthcheck: stripe connectivity OK.,
2026-08-06 11:00:00,gateway-service,INFO,,Gateway routing configurations successfully reloaded. Active routes: /api/v1/*,
2026-08-06 11:00:00,auth-service,INFO,,Session cleaner worker run completed. Cleaned 0 expired tokens.,
2026-08-06 11:00:00,order-service,INFO,,Heartbeat check: Database is reachable. Active connections: 13.,
2026-08-06 11:00:00,inventory-service,INFO,,Stock sync worker ran successfully. 0 items update required.,
2026-08-06 11:00:00,payment-service,INFO,,Gateway healthcheck: stripe connectivity OK.,
2026-08-06 12:00:00,gateway-service,INFO,,Gateway routing configurations successfully reloaded. Active routes: /api/v1/*,
2026-08-06 12:00:00,auth-service,INFO,,Session cleaner worker run completed. Cleaned 0 expired tokens.,
2026-08-06 12:00:00,order-service,INFO,,Heartbeat check: Database is reachable. Active connections: 13.,
2026-08-06 12:00:00,inventory-service,INFO,,Stock sync worker ran successfully. 0 items update required.,
2026-08-06 12:00:00,payment-service,INFO,,Gateway healthcheck: stripe connectivity OK.,
2026-08-06 13:00:00,gateway-service,INFO,,Gateway routing configurations successfully reloaded. Active routes: /api/v1/*,
2026-08-06 13:00:00,auth-service,INFO,,Session cleaner worker run completed. Cleaned 0 expired tokens.,
2026-08-06 13:00:00,order-service,INFO,,Heartbeat check: Database is reachable. Active connections: 13.,
2026-08-06 13:00:00,inventory-service,INFO,,Stock sync worker ran successfully. 0 items update required.,
2026-08-06 13:00:00,payment-service,INFO,,Gateway healthcheck: stripe connectivity OK.,
2026-08-06 14:00:00,gateway-service,INFO,,Gateway routing configurations successfully reloaded. Active routes: /api/v1/*,
2026-08-06 14:00:00,auth-service,INFO,,Session cleaner worker run completed. Cleaned 0 expired tokens.,
2026-08-06 14:00:00,order-service,INFO,,Heartbeat check: Database is reachable. Active connections: 12.,
2026-08-06 14:00:00,inventory-service,INFO,,Stock sync worker ran successfully. 0 items update required.,
2026-08-06 14:00:00,payment-service,INFO,,Gateway healthcheck: stripe connectivity OK.,
2026-08-06 15:00:00,gateway-service,INFO,,Gateway routing configurations successfully reloaded. Active routes: /api/v1/*,
2026-08-06 15:00:00,auth-service,INFO,,Session cleaner worker run completed. Cleaned 0 expired tokens.,
2026-08-06 15:00:00,order-service,INFO,,Heartbeat check: Database is reachable. Active connections: 11.,
2026-08-06 15:00:00,inventory-service,INFO,,Stock sync worker ran successfully. 0 items update required.,
2026-08-06 15:00:00,payment-service,INFO,,Gateway healthcheck: stripe connectivity OK.,
2026-08-06 16:00:00,gateway-service,INFO,,Gateway routing configurations successfully reloaded. Active routes: /api/v1/*,
2026-08-06 16:00:00,auth-service,INFO,,Session cleaner worker run completed. Cleaned 0 expired tokens.,
2026-08-06 16:00:00,order-service,INFO,,Heartbeat check: Database is reachable. Active connections: 11.,
2026-08-06 16:00:00,inventory-service,INFO,,Stock sync worker ran successfully. 0 items update required.,
2026-08-06 16:00:00,payment-service,INFO,,Gateway healthcheck: stripe connectivity OK.,
2026-08-06 17:00:00,gateway-service,INFO,,Gateway routing configurations successfully reloaded. Active routes: /api/v1/*,
2026-08-06 17:00:00,auth-service,INFO,,Session cleaner worker run completed. Cleaned 0 expired tokens.,
2026-08-06 17:00:00,order-service,INFO,,Heartbeat check: Database is reachable. Active connections: 11.,
2026-08-06 17:00:00,inventory-service,INFO,,Stock sync worker ran successfully. 0 items update required.,
2026-08-06 17:00:00,payment-service,INFO,,Gateway healthcheck: stripe connectivity OK.,
2026-08-06 17:15:00,gateway-service,INFO,,"Inbound Request: POST /api/v1/orders/checkout, User: 11606",f88131a438077243
2026-08-06 17:15:00,auth-service,INFO,,Token validation successful for user 11606,f88131a438077243
2026-08-06 17:15:00,order-service,INFO,,Creating order 56487 for user 11606. Checking inventory...,f88131a438077243
2026-08-06 17:15:00,inventory-service,INFO,,Stock check: Item available in warehouse. Reserving stock.,f88131a438077243
2026-08-06 17:15:00,order-service,INFO,,Inventory reservation confirmed. Initiating payment for order 56487...,f88131a438077243
2026-08-06 17:15:00,payment-service,INFO,,Authorizing payment via credit card for amount: $45.99. Order 56487,f88131a438077243
2026-08-06 17:15:00,payment-service,INFO,,Payment transaction successful. AuthCode: stripe_ch_9b42301e,f88131a438077243
2026-08-06 17:15:00,order-service,INFO,,Payment successful. Confirming order status to PLACED. Order 56487,f88131a438077243
2026-08-06 17:15:00,gateway-service,INFO,,Inbound Request POST /api/v1/orders/checkout completed with 201 Created. Trace ID: f88131a438077243,f88131a438077243
2026-08-06 18:00:00,gateway-service,INFO,,Gateway routing configurations successfully reloaded. Active routes: /api/v1/*,
2026-08-06 18:00:00,auth-service,INFO,,Session cleaner worker run completed. Cleaned 0 expired tokens.,
2026-08-06 18:00:00,order-service,INFO,,Heartbeat check: Database is reachable. Active connections: 10.,
2026-08-06 18:00:00,inventory-service,INFO,,Stock sync worker ran successfully. 0 items update required.,
2026-08-06 18:00:00,payment-service,INFO,,Gateway healthcheck: stripe connectivity OK.,
2026-08-06 19:00:00,gateway-service,INFO,,Gateway routing configurations successfully reloaded. Active routes: /api/v1/*,
2026-08-06 19:00:00,auth-service,INFO,,Session cleaner worker run completed. Cleaned 0 expired tokens.,
2026-08-06 19:00:00,order-service,INFO,,Heartbeat check: Database is reachable. Active connections: 11.,
2026-08-06 19:00:00,inventory-service,INFO,,Stock sync worker ran successfully. 0 items update required.,
2026-08-06 19:00:00,payment-service,INFO,,Gateway healthcheck: stripe connectivity OK.,
2026-08-06 20:00:00,gateway-service,INFO,,Gateway routing configurations successfully reloaded. Active routes: /api/v1/*,
2026-08-06 20:00:00,auth-service,INFO,,Session cleaner worker run completed. Cleaned 0 expired tokens.,
2026-08-06 20:00:00,order-service,INFO,,Heartbeat check: Database is reachable. Active connections: 10.,
2026-08-06 20:00:00,inventory-service,INFO,,Stock sync worker ran successfully. 0 items update required.,
2026-08-06 20:00:00,payment-service,INFO,,Gateway healthcheck: stripe connectivity OK.,
2026-08-06 21:00:00,gateway-service,INFO,,Gateway routing configurations successfully reloaded. Active routes: /api/v1/*,
2026-08-06 21:00:00,auth-service,INFO,,Session cleaner worker run completed. Cleaned 0 expired tokens.,
2026-08-06 21:00:00,order-service,INFO,,Heartbeat check: Database is reachable. Active connections: 9.,
2026-08-06 21:00:00,inventory-service,INFO,,Stock sync worker ran successfully. 0 items update required.,
2026-08-06 21:00:00,payment-service,INFO,,Gateway healthcheck: stripe connectivity OK.,
2026-08-06 22:00:00,gateway-service,INFO,,Gateway routing configurations successfully reloaded. Active routes: /api/v1/*,
2026-08-06 22:00:00,auth-service,INFO,,Session cleaner worker run completed. Cleaned 0 expired tokens.,
2026-08-06 22:00:00,order-service,INFO,,Heartbeat check: Database is reachable. Active connections: 7.,
2026-08-06 22:00:00,inventory-service,INFO,,Stock sync worker ran successfully. 0 items update required.,
2026-08-06 22:00:00,payment-service,INFO,,Gateway healthcheck: stripe connectivity OK.,
2026-08-06 23:00:00,gateway-service,INFO,,Gateway routing configurations successfully reloaded. Active routes: /api/v1/*,
2026-08-06 23:00:00,auth-service,INFO,,Session cleaner worker run completed. Cleaned 0 expired tokens.,
2026-08-06 23:00:00,order-service,INFO,,Heartbeat check: Database is reachable. Active connections: 6.,
2026-08-06 23:00:00,inventory-service,INFO,,Stock sync worker ran successfully. 0 items update required.,
2026-08-06 23:00:00,payment-service,INFO,,Gateway healthcheck: stripe connectivity OK.,
2026-08-07 00:00:00,gateway-service,INFO,,Gateway routing configurations successfully reloaded. Active routes: /api/v1/*,
2026-08-07 00:00:00,auth-service,INFO,,Session cleaner worker run completed. Cleaned 0 expired tokens.,
2026-08-07 00:00:00,order-service,INFO,,Heartbeat check: Database is reachable. Active connections: 3.,
2026-08-07 00:00:00,inventory-service,INFO,,Stock sync worker ran successfully. 0 items update required.,
2026-08-07 00:00:00,payment-service,INFO,,Gateway healthcheck: stripe connectivity OK.,
2026-08-07 01:00:00,gateway-service,INFO,,Gateway routing configurations successfully reloaded. Active routes: /api/v1/*,
2026-08-07 01:00:00,auth-service,INFO,,Session cleaner worker run completed. Cleaned 0 expired tokens.,
2026-08-07 01:00:00,order-service,INFO,,Heartbeat check: Database is reachable. Active connections: 3.,
2026-08-07 01:00:00,inventory-service,INFO,,Stock sync worker ran successfully. 0 items update required.,
2026-08-07 01:00:00,payment-service,INFO,,Gateway healthcheck: stripe connectivity OK.,
2026-08-07 02:00:00,gateway-service,INFO,,Gateway routing configurations successfully reloaded. Active routes: /api/v1/*,
2026-08-07 02:00:00,auth-service,INFO,,Session cleaner worker run completed. Cleaned 0 expired tokens.,
2026-08-07 02:00:00,order-service,INFO,,Heartbeat check: Database is reachable. Active connections: 3.,
2026-08-07 02:00:00,inventory-service,INFO,,Stock sync worker ran successfully. 0 items update required.,
2026-08-07 02:00:00,payment-service,INFO,,Gateway healthcheck: stripe connectivity OK.,
2026-08-07 03:00:00,gateway-service,INFO,,Gateway routing configurations successfully reloaded. Active routes: /api/v1/*,
2026-08-07 03:00:00,auth-service,INFO,,Session cleaner worker run completed. Cleaned 0 expired tokens.,
2026-08-07 03:00:00,order-service,INFO,,Heartbeat check: Database is reachable. Active connections: 3.,
2026-08-07 03:00:00,inventory-service,INFO,,Stock sync worker ran successfully. 0 items update required.,
2026-08-07 03:00:00,payment-service,INFO,,Gateway healthcheck: stripe connectivity OK.,
2026-08-07 04:00:00,gateway-service,INFO,,Gateway routing configurations successfully reloaded. Active routes: /api/v1/*,
2026-08-07 04:00:00,auth-service,INFO,,Session cleaner worker run completed. Cleaned 0 expired tokens.,
2026-08-07 04:00:00,order-service,INFO,,Heartbeat check: Database is reachable. Active connections: 3.,
2026-08-07 04:00:00,inventory-service,INFO,,Stock sync worker ran successfully. 0 items update required.,
2026-08-07 04:00:00,payment-service,INFO,,Gateway healthcheck: stripe connectivity OK.,
2026-08-07 05:00:00,gateway-service,INFO,,Gateway routing configurations successfully reloaded. Active routes: /api/v1/*,
2026-08-07 05:00:00,auth-service,INFO,,Session cleaner worker run completed. Cleaned 0 expired tokens.,
2026-08-07 05:00:00,order-service,INFO,,Heartbeat check: Database is reachable. Active connections: 3.,
2026-08-07 05:00:00,inventory-service,INFO,,Stock sync worker ran successfully. 0 items update required.,
2026-08-07 05:00:00,payment-service,INFO,,Gateway healthcheck: stripe connectivity OK.,
2026-08-07 05:55:00,gateway-service,INFO,,"Inbound Request: POST /api/v1/orders/checkout, User: 54318",68df3d5cd462cd12
2026-08-07 05:55:00,auth-service,INFO,,Token validation successful for user 54318,68df3d5cd462cd12
2026-08-07 05:55:00,order-service,INFO,,Creating order 51587 for user 54318. Checking inventory...,68df3d5cd462cd12
2026-08-07 05:55:00,inventory-service,INFO,,Stock check: Item available in warehouse. Reserving stock.,68df3d5cd462cd12
2026-08-07 05:55:00,order-service,INFO,,Inventory reservation confirmed. Initiating payment for order 51587...,68df3d5cd462cd12
2026-08-07 05:55:00,payment-service,INFO,,Authorizing payment via credit card for amount: $45.99. Order 51587,68df3d5cd462cd12
2026-08-07 05:55:00,payment-service,INFO,,Payment transaction successful. AuthCode: stripe_ch_755c4fcc,68df3d5cd462cd12
2026-08-07 05:55:00,order-service,INFO,,Payment successful. Confirming order status to PLACED. Order 51587,68df3d5cd462cd12
2026-08-07 05:55:00,gateway-service,INFO,,Inbound Request POST /api/v1/orders/checkout completed with 201 Created. Trace ID: 68df3d5cd462cd12,68df3d5cd462cd12
2026-08-07 06:00:00,gateway-service,INFO,,Gateway routing configurations successfully reloaded. Active routes: /api/v1/*,
2026-08-07 06:00:00,auth-service,INFO,,Session cleaner worker run completed. Cleaned 0 expired tokens.,
2026-08-07 06:00:00,order-service,INFO,,Heartbeat check: Database is reachable. Active connections: 5.,
2026-08-07 06:00:00,inventory-service,INFO,,Stock sync worker ran successfully. 0 items update required.,
2026-08-07 06:00:00,payment-service,INFO,,Gateway healthcheck: stripe connectivity OK.,
2026-08-07 07:00:00,gateway-service,INFO,,Gateway routing configurations successfully reloaded. Active routes: /api/v1/*,
2026-08-07 07:00:00,auth-service,INFO,,Session cleaner worker run completed. Cleaned 0 expired tokens.,
2026-08-07 07:00:00,order-service,INFO,,Heartbeat check: Database is reachable. Active connections: 8.,
2026-08-07 07:00:00,inventory-service,INFO,,Stock sync worker ran successfully. 0 items update required.,
2026-08-07 07:00:00,payment-service,INFO,,Gateway healthcheck: stripe connectivity OK.,
2026-08-07 08:00:00,gateway-service,INFO,,Gateway routing configurations successfully reloaded. Active routes: /api/v1/*,
2026-08-07 08:00:00,auth-service,INFO,,Session cleaner worker run completed. Cleaned 0 expired tokens.,
2026-08-07 08:00:00,order-service,INFO,,Heartbeat check: Database is reachable. Active connections: 9.,
2026-08-07 08:00:00,inventory-service,INFO,,Stock sync worker ran successfully. 0 items update required.,
2026-08-07 08:00:00,payment-service,INFO,,Gateway healthcheck: stripe connectivity OK.,
2026-08-07 09:00:00,gateway-service,INFO,,Gateway routing configurations successfully reloaded. Active routes: /api/v1/*,
2026-08-07 09:00:00,auth-service,INFO,,Session cleaner worker run completed. Cleaned 0 expired tokens.,
2026-08-07 09:00:00,order-service,INFO,,Heartbeat check: Database is reachable. Active connections: 12.,
2026-08-07 09:00:00,inventory-service,INFO,,Stock sync worker ran successfully. 0 items update required.,
2026-08-07 09:00:00,payment-service,INFO,,Gateway healthcheck: stripe connectivity OK.,
2026-08-07 10:00:00,gateway-service,INFO,,Gateway routing configurations successfully reloaded. Active routes: /api/v1/*,
2026-08-07 10:00:00,auth-service,INFO,,Session cleaner worker run completed. Cleaned 0 expired tokens.,
2026-08-07 10:00:00,order-service,INFO,,Heartbeat check: Database is reachable. Active connections: 13.,
2026-08-07 10:00:00,inventory-service,INFO,,Stock sync worker ran successfully. 0 items update required.,
2026-08-07 10:00:00,payment-service,INFO,,Gateway healthcheck: stripe connectivity OK.,
2026-08-07 10:55:00,gateway-service,INFO,,"Inbound Request: POST /api/v1/orders/checkout, User: 29687",afd98f349d5d982d
2026-08-07 10:55:00,auth-service,INFO,,Token validation successful for user 29687,afd98f349d5d982d
2026-08-07 10:55:00,order-service,INFO,,Creating order 54881 for user 29687. Checking inventory...,afd98f349d5d982d
2026-08-07 10:55:00,inventory-service,INFO,,Stock check: Item available in warehouse. Reserving stock.,afd98f349d5d982d
2026-08-07 10:55:00,order-service,INFO,,Inventory reservation confirmed. Initiating payment for order 54881...,afd98f349d5d982d
2026-08-07 10:55:00,payment-service,INFO,,Authorizing payment via credit card for amount: $45.99. Order 54881,afd98f349d5d982d
2026-08-07 10:55:00,payment-service,INFO,,Payment transaction successful. AuthCode: stripe_ch_71e6ad7d,afd98f349d5d982d
2026-08-07 10:55:00,order-service,INFO,,Payment successful. Confirming order status to PLACED. Order 54881,afd98f349d5d982d
2026-08-07 10:55:00,gateway-service,INFO,,Inbound Request POST /api/v1/orders/checkout completed with 201 Created. Trace ID: afd98f349d5d982d,afd98f349d5d982d
2026-08-07 11:00:00,gateway-service,INFO,,Gateway routing configurations successfully reloaded. Active routes: /api/v1/*,
2026-08-07 11:00:00,auth-service,INFO,,Session cleaner worker run completed. Cleaned 0 expired tokens.,
2026-08-07 11:00:00,order-service,INFO,,Heartbeat check: Database is reachable. Active connections: 14.,
2026-08-07 11:00:00,inventory-service,INFO,,Stock sync worker ran successfully. 0 items update required.,
2026-08-07 11:00:00,payment-service,INFO,,Gateway healthcheck: stripe connectivity OK.,
2026-08-07 11:20:00,gateway-service,INFO,,"Inbound Request: POST /api/v1/orders/checkout, User: 95612",5a7ca9aaac29ec82
2026-08-07 11:20:00,auth-service,INFO,,Token validation successful for user 95612,5a7ca9aaac29ec82
2026-08-07 11:20:00,order-service,INFO,,Creating order 59489 for user 95612. Checking inventory...,5a7ca9aaac29ec82
2026-08-07 11:20:00,inventory-service,INFO,,Stock check: Item available in warehouse. Reserving stock.,5a7ca9aaac29ec82
2026-08-07 11:20:00,order-service,INFO,,Inventory reservation confirmed. Initiating payment for order 59489...,5a7ca9aaac29ec82
2026-08-07 11:20:00,payment-service,INFO,,Authorizing payment via credit card for amount: $45.99. Order 59489,5a7ca9aaac29ec82
2026-08-07 11:20:00,payment-service,INFO,,Payment transaction successful. AuthCode: stripe_ch_ff376200,5a7ca9aaac29ec82
2026-08-07 11:20:00,order-service,INFO,,Payment successful. Confirming order status to PLACED. Order 59489,5a7ca9aaac29ec82
2026-08-07 11:20:00,gateway-service,INFO,,Inbound Request POST /api/v1/orders/checkout completed with 201 Created. Trace ID: 5a7ca9aaac29ec82,5a7ca9aaac29ec82
2026-08-07 12:00:00,gateway-service,INFO,,Gateway routing configurations successfully reloaded. Active routes: /api/v1/*,
2026-08-07 12:00:00,auth-service,INFO,,Session cleaner worker run completed. Cleaned 0 expired tokens.,
2026-08-07 12:00:00,order-service,INFO,,Heartbeat check: Database is reachable. Active connections: 13.,
2026-08-07 12:00:00,inventory-service,INFO,,Stock sync worker ran successfully. 0 items update required.,
2026-08-07 12:00:00,payment-service,INFO,,Gateway healthcheck: stripe connectivity OK.,
2026-08-07 13:00:00,gateway-service,INFO,,Gateway routing configurations successfully reloaded. Active routes: /api/v1/*,
2026-08-07 13:00:00,auth-service,INFO,,Session cleaner worker run completed. Cleaned 0 expired tokens.,
2026-08-07 13:00:00,order-service,INFO,,Heartbeat check: Database is reachable. Active connections: 13.,
2026-08-07 13:00:00,inventory-service,INFO,,Stock sync worker ran successfully. 0 items update required.,
2026-08-07 13:00:00,payment-service,INFO,,Gateway healthcheck: stripe connectivity OK.,
2026-08-07 14:00:00,gateway-service,INFO,,Gateway routing configurations successfully reloaded. Active routes: /api/v1/*,
2026-08-07 14:00:00,auth-service,INFO,,Session cleaner worker run completed. Cleaned 0 expired tokens.,
2026-08-07 14:00:00,order-service,INFO,,Heartbeat check: Database is reachable. Active connections: 12.,
2026-08-07 14:00:00,inventory-service,INFO,,Stock sync worker ran successfully. 0 items update required.,
2026-08-07 14:00:00,payment-service,INFO,,Gateway healthcheck: stripe connectivity OK.,
2026-08-07 15:00:00,gateway-service,INFO,,Gateway routing configurations successfully reloaded. Active routes: /api/v1/*,
2026-08-07 15:00:00,auth-service,INFO,,Session cleaner worker run completed. Cleaned 0 expired tokens.,
2026-08-07 15:00:00,order-service,INFO,,Heartbeat check: Database is reachable. Active connections: 12.,
2026-08-07 15:00:00,inventory-service,INFO,,Stock sync worker ran successfully. 0 items update required.,
2026-08-07 15:00:00,payment-service,INFO,,Gateway healthcheck: stripe connectivity OK.,
2026-08-07 16:00:00,gateway-service,INFO,,Gateway routing configurations successfully reloaded. Active routes: /api/v1/*,
2026-08-07 16:00:00,auth-service,INFO,,Session cleaner worker run completed. Cleaned 0 expired tokens.,
2026-08-07 16:00:00,order-service,INFO,,Heartbeat check: Database is reachable. Active connections: 12.,
2026-08-07 16:00:00,inventory-service,INFO,,Stock sync worker ran successfully. 0 items update required.,
2026-08-07 16:00:00,payment-service,INFO,,Gateway healthcheck: stripe connectivity OK.,
2026-08-07 17:00:00,gateway-service,INFO,,Gateway routing configurations successfully reloaded. Active routes: /api/v1/*,
2026-08-07 17:00:00,auth-service,INFO,,Session cleaner worker run completed. Cleaned 0 expired tokens.,
2026-08-07 17:00:00,order-service,INFO,,Heartbeat check: Database is reachable. Active connections: 11.,
2026-08-07 17:00:00,inventory-service,INFO,,Stock sync worker ran successfully. 0 items update required.,
2026-08-07 17:00:00,payment-service,INFO,,Gateway healthcheck: stripe connectivity OK.,
2026-08-07 18:00:00,gateway-service,INFO,,Gateway routing configurations successfully reloaded. Active routes: /api/v1/*,
2026-08-07 18:00:00,auth-service,INFO,,Session cleaner worker run completed. Cleaned 0 expired tokens.,
2026-08-07 18:00:00,order-service,INFO,,Heartbeat check: Database is reachable. Active connections: 11.,
2026-08-07 18:00:00,inventory-service,INFO,,Stock sync worker ran successfully. 0 items update required.,
2026-08-07 18:00:00,payment-service,INFO,,Gateway healthcheck: stripe connectivity OK.,
2026-08-07 19:00:00,gateway-service,INFO,,Gateway routing configurations successfully reloaded. Active routes: /api/v1/*,
2026-08-07 19:00:00,auth-service,INFO,,Session cleaner worker run completed. Cleaned 0 expired tokens.,
2026-08-07 19:00:00,order-service,INFO,,Heartbeat check: Database is reachable. Active connections: 11.,
2026-08-07 19:00:00,inventory-service,INFO,,Stock sync worker ran successfully. 0 items update required.,
2026-08-07 19:00:00,payment-service,INFO,,Gateway healthcheck: stripe connectivity OK.,
2026-08-07 20:00:00,gateway-service,INFO,,Gateway routing configurations successfully reloaded. Active routes: /api/v1/*,
2026-08-07 20:00:00,auth-service,INFO,,Session cleaner worker run completed. Cleaned 0 expired tokens.,
2026-08-07 20:00:00,order-service,INFO,,Heartbeat check: Database is reachable. Active connections: 10.,
2026-08-07 20:00:00,inventory-service,INFO,,Stock sync worker ran successfully. 0 items update required.,
2026-08-07 20:00:00,payment-service,INFO,,Gateway healthcheck: stripe connectivity OK.,
2026-08-07 21:00:00,gateway-service,INFO,,Gateway routing configurations successfully reloaded. Active routes: /api/v1/*,
2026-08-07 21:00:00,auth-service,INFO,,Session cleaner worker run completed. Cleaned 0 expired tokens.,
2026-08-07 21:00:00,order-service,INFO,,Heartbeat check: Database is reachable. Active connections: 8.,
2026-08-07 21:00:00,inventory-service,INFO,,Stock sync worker ran successfully. 0 items update required.,
2026-08-07 21:00:00,payment-service,INFO,,Gateway healthcheck: stripe connectivity OK.,
2026-08-07 21:45:00,gateway-service,INFO,,"Inbound Request: POST /api/v1/orders/checkout, User: 25134",5301c2072a462386
2026-08-07 21:45:00,auth-service,INFO,,Token validation successful for user 25134,5301c2072a462386
2026-08-07 21:45:00,order-service,INFO,,Creating order 55486 for user 25134. Checking inventory...,5301c2072a462386
2026-08-07 21:45:00,inventory-service,INFO,,Stock check: Item available in warehouse. Reserving stock.,5301c2072a462386
2026-08-07 21:45:00,order-service,INFO,,Inventory reservation confirmed. Initiating payment for order 55486...,5301c2072a462386
2026-08-07 21:45:00,payment-service,INFO,,Authorizing payment via credit card for amount: $45.99. Order 55486,5301c2072a462386
2026-08-07 21:45:00,payment-service,INFO,,Payment transaction successful. AuthCode: stripe_ch_8e95733c,5301c2072a462386
2026-08-07 21:45:00,order-service,INFO,,Payment successful. Confirming order status to PLACED. Order 55486,5301c2072a462386
2026-08-07 21:45:00,gateway-service,INFO,,Inbound Request POST /api/v1/orders/checkout completed with 201 Created. Trace ID: 5301c2072a462386,5301c2072a462386
2026-08-07 22:00:00,gateway-service,INFO,,Gateway routing configurations successfully reloaded. Active routes: /api/v1/*,
2026-08-07 22:00:00,auth-service,INFO,,Session cleaner worker run completed. Cleaned 0 expired tokens.,
2026-08-07 22:00:00,order-service,INFO,,Heartbeat check: Database is reachable. Active connections: 7.,
2026-08-07 22:00:00,inventory-service,INFO,,Stock sync worker ran successfully. 0 items update required.,
2026-08-07 22:00:00,payment-service,INFO,,Gateway healthcheck: stripe connectivity OK.,
2026-08-07 22:25:00,gateway-service,INFO,,"Inbound Request: POST /api/v1/orders/checkout, User: 67314",08162b96872331e7
2026-08-07 22:25:00,auth-service,INFO,,Token validation successful for user 67314,08162b96872331e7
2026-08-07 22:25:00,order-service,INFO,,Creating order 58946 for user 67314. Checking inventory...,08162b96872331e7
2026-08-07 22:25:00,inventory-service,INFO,,Stock check: Item available in warehouse. Reserving stock.,08162b96872331e7
2026-08-07 22:25:00,order-service,INFO,,Inventory reservation confirmed. Initiating payment for order 58946...,08162b96872331e7
2026-08-07 22:25:00,payment-service,INFO,,Authorizing payment via credit card for amount: $45.99. Order 58946,08162b96872331e7
2026-08-07 22:25:00,payment-service,INFO,,Payment transaction successful. AuthCode: stripe_ch_0af88add,08162b96872331e7
2026-08-07 22:25:00,order-service,INFO,,Payment successful. Confirming order status to PLACED. Order 58946,08162b96872331e7
2026-08-07 22:25:00,gateway-service,INFO,,Inbound Request POST /api/v1/orders/checkout completed with 201 Created. Trace ID: 08162b96872331e7,08162b96872331e7
2026-08-07 23:00:00,gateway-service,INFO,,Gateway routing configurations successfully reloaded. Active routes: /api/v1/*,
2026-08-07 23:00:00,auth-service,INFO,,Session cleaner worker run completed. Cleaned 0 expired tokens.,
2026-08-07 23:00:00,order-service,INFO,,Heartbeat check: Database is reachable. Active connections: 5.,
2026-08-07 23:00:00,inventory-service,INFO,,Stock sync worker ran successfully. 0 items update required.,
2026-08-07 23:00:00,payment-service,INFO,,Gateway healthcheck: stripe connectivity OK.,
2026-08-08 00:00:00,gateway-service,INFO,,Gateway routing configurations successfully reloaded. Active routes: /api/v1/*,
2026-08-08 00:00:00,auth-service,INFO,,Session cleaner worker run completed. Cleaned 0 expired tokens.,
2026-08-08 00:00:00,order-service,INFO,,Heartbeat check: Database is reachable. Active connections: 3.,
2026-08-08 00:00:00,inventory-service,INFO,,Stock sync worker ran successfully. 0 items update required.,
2026-08-08 00:00:00,payment-service,INFO,,Gateway healthcheck: stripe connectivity OK.,
2026-08-08 01:00:00,gateway-service,INFO,,Gateway routing configurations successfully reloaded. Active routes: /api/v1/*,
2026-08-08 01:00:00,auth-service,INFO,,Session cleaner worker run completed. Cleaned 0 expired tokens.,
2026-08-08 01:00:00,order-service,INFO,,Heartbeat check: Database is reachable. Active connections: 3.,
2026-08-08 01:00:00,inventory-service,INFO,,Stock sync worker ran successfully. 0 items update required.,
2026-08-08 01:00:00,payment-service,INFO,,Gateway healthcheck: stripe connectivity OK.,
2026-08-08 02:00:00,gateway-service,INFO,,Gateway routing configurations successfully reloaded. Active routes: /api/v1/*,
2026-08-08 02:00:00,auth-service,INFO,,Session cleaner worker run completed. Cleaned 0 expired tokens.,
2026-08-08 02:00:00,order-service,INFO,,Heartbeat check: Database is reachable. Active connections: 3.,
2026-08-08 02:00:00,inventory-service,INFO,,Stock sync worker ran successfully. 0 items update required.,
2026-08-08 02:00:00,payment-service,INFO,,Gateway healthcheck: stripe connectivity OK.,
2026-08-08 03:00:00,gateway-service,INFO,,Gateway routing configurations successfully reloaded. Active routes: /api/v1/*,
2026-08-08 03:00:00,auth-service,INFO,,Session cleaner worker run completed. Cleaned 0 expired tokens.,
2026-08-08 03:00:00,order-service,INFO,,Heartbeat check: Database is reachable. Active connections: 3.,
2026-08-08 03:00:00,inventory-service,INFO,,Stock sync worker ran successfully. 0 items update required.,
2026-08-08 03:00:00,payment-service,INFO,,Gateway healthcheck: stripe connectivity OK.,
2026-08-08 04:00:00,gateway-service,INFO,,Gateway routing configurations successfully reloaded. Active routes: /api/v1/*,
2026-08-08 04:00:00,auth-service,INFO,,Session cleaner worker run completed. Cleaned 0 expired tokens.,
2026-08-08 04:00:00,order-service,INFO,,Heartbeat check: Database is reachable. Active connections: 3.,
2026-08-08 04:00:00,inventory-service,INFO,,Stock sync worker ran successfully. 0 items update required.,
2026-08-08 04:00:00,payment-service,INFO,,Gateway healthcheck: stripe connectivity OK.,
2026-08-08 05:00:00,gateway-service,INFO,,Gateway routing configurations successfully reloaded. Active routes: /api/v1/*,
2026-08-08 05:00:00,auth-service,INFO,,Session cleaner worker run completed. Cleaned 0 expired tokens.,
2026-08-08 05:00:00,order-service,INFO,,Heartbeat check: Database is reachable. Active connections: 3.,
2026-08-08 05:00:00,inventory-service,INFO,,Stock sync worker ran successfully. 0 items update required.,
2026-08-08 05:00:00,payment-service,INFO,,Gateway healthcheck: stripe connectivity OK.,
2026-08-08 05:45:00,gateway-service,INFO,,"Inbound Request: POST /api/v1/orders/checkout, User: 18975",abfd5369eb432dc0
2026-08-08 05:45:00,auth-service,INFO,,Token validation successful for user 18975,abfd5369eb432dc0
2026-08-08 05:45:00,order-service,INFO,,Creating order 57449 for user 18975. Checking inventory...,abfd5369eb432dc0
2026-08-08 05:45:00,inventory-service,INFO,,Stock check: Item available in warehouse. Reserving stock.,abfd5369eb432dc0
2026-08-08 05:45:00,order-service,INFO,,Inventory reservation confirmed. Initiating payment for order 57449...,abfd5369eb432dc0
2026-08-08 05:45:00,payment-service,INFO,,Authorizing payment via credit card for amount: $45.99. Order 57449,abfd5369eb432dc0
2026-08-08 05:45:00,payment-service,INFO,,Payment transaction successful. AuthCode: stripe_ch_d33c4000,abfd5369eb432dc0
2026-08-08 05:45:00,order-service,INFO,,Payment successful. Confirming order status to PLACED. Order 57449,abfd5369eb432dc0
2026-08-08 05:45:00,gateway-service,INFO,,Inbound Request POST /api/v1/orders/checkout completed with 201 Created. Trace ID: abfd5369eb432dc0,abfd5369eb432dc0
2026-08-08 06:00:00,gateway-service,INFO,,Gateway routing configurations successfully reloaded. Active routes: /api/v1/*,
2026-08-08 06:00:00,auth-service,INFO,,Session cleaner worker run completed. Cleaned 0 expired tokens.,
2026-08-08 06:00:00,order-service,INFO,,Heartbeat check: Database is reachable. Active connections: 5.,
2026-08-08 06:00:00,inventory-service,INFO,,Stock sync worker ran successfully. 0 items update required.,
2026-08-08 06:00:00,payment-service,INFO,,Gateway healthcheck: stripe connectivity OK.,
2026-08-08 07:00:00,gateway-service,INFO,,Gateway routing configurations successfully reloaded. Active routes: /api/v1/*,
2026-08-08 07:00:00,auth-service,INFO,,Session cleaner worker run completed. Cleaned 0 expired tokens.,
2026-08-08 07:00:00,order-service,INFO,,Heartbeat check: Database is reachable. Active connections: 7.,
2026-08-08 07:00:00,inventory-service,INFO,,Stock sync worker ran successfully. 0 items update required.,
2026-08-08 07:00:00,payment-service,INFO,,Gateway healthcheck: stripe connectivity OK.,
2026-08-08 08:00:00,gateway-service,INFO,,Gateway routing configurations successfully reloaded. Active routes: /api/v1/*,
2026-08-08 08:00:00,auth-service,INFO,,Session cleaner worker run completed. Cleaned 0 expired tokens.,
2026-08-08 08:00:00,order-service,INFO,,Heartbeat check: Database is reachable. Active connections: 8.,
2026-08-08 08:00:00,inventory-service,INFO,,Stock sync worker ran successfully. 0 items update required.,
2026-08-08 08:00:00,payment-service,INFO,,Gateway healthcheck: stripe connectivity OK.,
2026-08-08 09:00:00,gateway-service,INFO,,Gateway routing configurations successfully reloaded. Active routes: /api/v1/*,
2026-08-08 09:00:00,auth-service,INFO,,Session cleaner worker run completed. Cleaned 0 expired tokens.,
2026-08-08 09:00:00,order-service,INFO,,Heartbeat check: Database is reachable. Active connections: 9.,
2026-08-08 09:00:00,inventory-service,INFO,,Stock sync worker ran successfully. 0 items update required.,
2026-08-08 09:00:00,payment-service,INFO,,Gateway healthcheck: stripe connectivity OK.,
2026-08-08 10:00:00,gateway-service,INFO,,Gateway routing configurations successfully reloaded. Active routes: /api/v1/*,
2026-08-08 10:00:00,auth-service,INFO,,Session cleaner worker run completed. Cleaned 0 expired tokens.,
2026-08-08 10:00:00,order-service,INFO,,Heartbeat check: Database is reachable. Active connections: 10.,
2026-08-08 10:00:00,inventory-service,INFO,,Stock sync worker ran successfully. 0 items update required.,
2026-08-08 10:00:00,payment-service,INFO,,Gateway healthcheck: stripe connectivity OK.,
2026-08-08 11:00:00,gateway-service,INFO,,Gateway routing configurations successfully reloaded. Active routes: /api/v1/*,
2026-08-08 11:00:00,auth-service,INFO,,Session cleaner worker run completed. Cleaned 0 expired tokens.,
2026-08-08 11:00:00,order-service,INFO,,Heartbeat check: Database is reachable. Active connections: 11.,
2026-08-08 11:00:00,inventory-service,INFO,,Stock sync worker ran successfully. 0 items update required.,
2026-08-08 11:00:00,payment-service,INFO,,Gateway healthcheck: stripe connectivity OK.,
2026-08-08 12:00:00,gateway-service,INFO,,Gateway routing configurations successfully reloaded. Active routes: /api/v1/*,
2026-08-08 12:00:00,auth-service,INFO,,Session cleaner worker run completed. Cleaned 0 expired tokens.,
2026-08-08 12:00:00,order-service,INFO,,Heartbeat check: Database is reachable. Active connections: 11.,
2026-08-08 12:00:00,inventory-service,INFO,,Stock sync worker ran successfully. 0 items update required.,
2026-08-08 12:00:00,payment-service,INFO,,Gateway healthcheck: stripe connectivity OK.,
2026-08-08 13:00:00,gateway-service,INFO,,Gateway routing configurations successfully reloaded. Active routes: /api/v1/*,
2026-08-08 13:00:00,auth-service,INFO,,Session cleaner worker run completed. Cleaned 0 expired tokens.,
2026-08-08 13:00:00,order-service,INFO,,Heartbeat check: Database is reachable. Active connections: 11.,
2026-08-08 13:00:00,inventory-service,INFO,,Stock sync worker ran successfully. 0 items update required.,
2026-08-08 13:00:00,payment-service,INFO,,Gateway healthcheck: stripe connectivity OK.,
2026-08-08 13:45:00,gateway-service,INFO,,"Inbound Request: POST /api/v1/orders/checkout, User: 64851",cbf1d9a30a335463
2026-08-08 13:45:00,auth-service,INFO,,Token validation successful for user 64851,cbf1d9a30a335463
2026-08-08 13:45:00,order-service,INFO,,Creating order 56048 for user 64851. Checking inventory...,cbf1d9a30a335463
2026-08-08 13:45:00,inventory-service,INFO,,Stock check: Item available in warehouse. Reserving stock.,cbf1d9a30a335463
2026-08-08 13:45:00,order-service,INFO,,Inventory reservation confirmed. Initiating payment for order 56048...,cbf1d9a30a335463
2026-08-08 13:45:00,payment-service,INFO,,Authorizing payment via credit card for amount: $45.99. Order 56048,cbf1d9a30a335463
2026-08-08 13:45:00,payment-service,INFO,,Payment transaction successful. AuthCode: stripe_ch_205b9545,cbf1d9a30a335463
2026-08-08 13:45:00,order-service,INFO,,Payment successful. Confirming order status to PLACED. Order 56048,cbf1d9a30a335463
2026-08-08 13:45:00,gateway-service,INFO,,Inbound Request POST /api/v1/orders/checkout completed with 201 Created. Trace ID: cbf1d9a30a335463,cbf1d9a30a335463
2026-08-08 14:00:00,gateway-service,INFO,,Gateway routing configurations successfully reloaded. Active routes: /api/v1/*,
2026-08-08 14:00:00,auth-service,INFO,,Session cleaner worker run completed. Cleaned 0 expired tokens.,
2026-08-08 14:00:00,order-service,INFO,,Heartbeat check: Database is reachable. Active connections: 10.,
2026-08-08 14:00:00,inventory-service,INFO,,Stock sync worker ran successfully. 0 items update required.,
2026-08-08 14:00:00,payment-service,INFO,,Gateway healthcheck: stripe connectivity OK.,
2026-08-08 14:45:00,gateway-service,INFO,,"Inbound Request: POST /api/v1/orders/checkout, User: 86189",4c105f9dbec8fc19
2026-08-08 14:45:00,auth-service,INFO,,Token validation successful for user 86189,4c105f9dbec8fc19
2026-08-08 14:45:00,order-service,INFO,,Creating order 55261 for user 86189. Checking inventory...,4c105f9dbec8fc19
2026-08-08 14:45:00,inventory-service,INFO,,Stock check: Item available in warehouse. Reserving stock.,4c105f9dbec8fc19
2026-08-08 14:45:00,order-service,INFO,,Inventory reservation confirmed. Initiating payment for order 55261...,4c105f9dbec8fc19
2026-08-08 14:45:00,payment-service,INFO,,Authorizing payment via credit card for amount: $45.99. Order 55261,4c105f9dbec8fc19
2026-08-08 14:45:00,payment-service,INFO,,Payment transaction successful. AuthCode: stripe_ch_f3787c1a,4c105f9dbec8fc19
2026-08-08 14:45:00,order-service,INFO,,Payment successful. Confirming order status to PLACED. Order 55261,4c105f9dbec8fc19
2026-08-08 14:45:00,gateway-service,INFO,,Inbound Request POST /api/v1/orders/checkout completed with 201 Created. Trace ID: 4c105f9dbec8fc19,4c105f9dbec8fc19
2026-08-08 15:00:00,gateway-service,INFO,,Gateway routing configurations successfully reloaded. Active routes: /api/v1/*,
2026-08-08 15:00:00,auth-service,INFO,,Session cleaner worker run completed. Cleaned 0 expired tokens.,
2026-08-08 15:00:00,order-service,INFO,,Heartbeat check: Database is reachable. Active connections: 10.,
2026-08-08 15:00:00,inventory-service,INFO,,Stock sync worker ran successfully. 0 items update required.,
2026-08-08 15:00:00,payment-service,INFO,,Gateway healthcheck: stripe connectivity OK.,
2026-08-08 16:00:00,gateway-service,INFO,,Gateway routing configurations successfully reloaded. Active routes: /api/v1/*,
2026-08-08 16:00:00,auth-service,INFO,,Session cleaner worker run completed. Cleaned 0 expired tokens.,
2026-08-08 16:00:00,order-service,INFO,,Heartbeat check: Database is reachable. Active connections: 9.,
2026-08-08 16:00:00,inventory-service,INFO,,Stock sync worker ran successfully. 0 items update required.,
2026-08-08 16:00:00,payment-service,INFO,,Gateway healthcheck: stripe connectivity OK.,
2026-08-08 16:30:00,gateway-service,INFO,,"Inbound Request: POST /api/v1/orders/checkout, User: 95926",da51bd9783206386
2026-08-08 16:30:00,auth-service,INFO,,Token validation successful for user 95926,da51bd9783206386
2026-08-08 16:30:00,order-service,INFO,,Creating order 52390 for user 95926. Checking inventory...,da51bd9783206386
2026-08-08 16:30:00,inventory-service,INFO,,Stock check: Item available in warehouse. Reserving stock.,da51bd9783206386
2026-08-08 16:30:00,order-service,INFO,,Inventory reservation confirmed. Initiating payment for order 52390...,da51bd9783206386
2026-08-08 16:30:00,payment-service,INFO,,Authorizing payment via credit card for amount: $45.99. Order 52390,da51bd9783206386
2026-08-08 16:30:00,payment-service,INFO,,Payment transaction successful. AuthCode: stripe_ch_e5ae18dc,da51bd9783206386
2026-08-08 16:30:00,order-service,INFO,,Payment successful. Confirming order status to PLACED. Order 52390,da51bd9783206386
2026-08-08 16:30:00,gateway-service,INFO,,Inbound Request POST /api/v1/orders/checkout completed with 201 Created. Trace ID: da51bd9783206386,da51bd9783206386
2026-08-08 17:00:00,order-service,WARN,ERR-DB-SLOWQUERY,Slow Query Warning: SELECT * FROM orders WHERE customer_id = 91823 AND status = 'COMPLETED' ORDER BY created_at DESC took 4250ms. No matching index found. Executing sequential table scan.,6e1b205e5e7c0f3e
2026-08-08 17:00:00,gateway-service,ERROR,ERR-GATEWAY-TIMEOUT,Gateway read timeout on GET /api/v1/orders. Trace ID: 6e1b205e5e7c0f3e,6e1b205e5e7c0f3e
2026-08-08 17:00:00,gateway-service,INFO,,Gateway routing configurations successfully reloaded. Active routes: /api/v1/*,
2026-08-08 17:00:00,auth-service,INFO,,Session cleaner worker run completed. Cleaned 0 expired tokens.,
2026-08-08 17:00:00,order-service,INFO,,Heartbeat check: Database is reachable. Active connections: 48.,
2026-08-08 17:00:00,inventory-service,INFO,,Stock sync worker ran successfully. 0 items update required.,
2026-08-08 17:00:00,payment-service,INFO,,Gateway healthcheck: stripe connectivity OK.,
2026-08-08 17:15:00,order-service,WARN,ERR-DB-SLOWQUERY,Slow Query Warning: SELECT * FROM orders WHERE customer_id = 91823 AND status = 'COMPLETED' ORDER BY created_at DESC took 4250ms. No matching index found. Executing sequential table scan.,a87a7b920e8418e4
2026-08-08 17:15:00,gateway-service,ERROR,ERR-GATEWAY-TIMEOUT,Gateway read timeout on GET /api/v1/orders. Trace ID: a87a7b920e8418e4,a87a7b920e8418e4
2026-08-08 17:30:00,order-service,WARN,ERR-DB-SLOWQUERY,Slow Query Warning: SELECT * FROM orders WHERE customer_id = 91823 AND status = 'COMPLETED' ORDER BY created_at DESC took 4250ms. No matching index found. Executing sequential table scan.,6caf41cf7063d608
2026-08-08 17:30:00,gateway-service,ERROR,ERR-GATEWAY-TIMEOUT,Gateway read timeout on GET /api/v1/orders. Trace ID: 6caf41cf7063d608,6caf41cf7063d608
2026-08-08 17:45:00,order-service,WARN,ERR-DB-SLOWQUERY,Slow Query Warning: SELECT * FROM orders WHERE customer_id = 91823 AND status = 'COMPLETED' ORDER BY created_at DESC took 4250ms. No matching index found. Executing sequential table scan.,24cbee98b4c08e42
2026-08-08 17:45:00,gateway-service,ERROR,ERR-GATEWAY-TIMEOUT,Gateway read timeout on GET /api/v1/orders. Trace ID: 24cbee98b4c08e42,24cbee98b4c08e42
2026-08-08 18:00:00,order-service,WARN,ERR-DB-SLOWQUERY,Slow Query Warning: SELECT * FROM orders WHERE customer_id = 91823 AND status = 'COMPLETED' ORDER BY created_at DESC took 4250ms. No matching index found. Executing sequential table scan.,3287e86f8e91de63
2026-08-08 18:00:00,gateway-service,ERROR,ERR-GATEWAY-TIMEOUT,Gateway read timeout on GET /api/v1/orders. Trace ID: 3287e86f8e91de63,3287e86f8e91de63
2026-08-08 18:00:00,gateway-service,INFO,,Gateway routing configurations successfully reloaded. Active routes: /api/v1/*,
2026-08-08 18:00:00,auth-service,INFO,,Session cleaner worker run completed. Cleaned 0 expired tokens.,
2026-08-08 18:00:00,order-service,INFO,,Heartbeat check: Database is reachable. Active connections: 48.,
2026-08-08 18:00:00,inventory-service,INFO,,Stock sync worker ran successfully. 0 items update required.,
2026-08-08 18:00:00,payment-service,INFO,,Gateway healthcheck: stripe connectivity OK.,
2026-08-08 18:15:00,order-service,WARN,ERR-DB-SLOWQUERY,Slow Query Warning: SELECT * FROM orders WHERE customer_id = 91823 AND status = 'COMPLETED' ORDER BY created_at DESC took 4250ms. No matching index found. Executing sequential table scan.,6851d03601a56f8e
2026-08-08 18:15:00,gateway-service,ERROR,ERR-GATEWAY-TIMEOUT,Gateway read timeout on GET /api/v1/orders. Trace ID: 6851d03601a56f8e,6851d03601a56f8e
2026-08-08 18:30:00,order-service,WARN,ERR-DB-SLOWQUERY,Slow Query Warning: SELECT * FROM orders WHERE customer_id = 91823 AND status = 'COMPLETED' ORDER BY created_at DESC took 4250ms. No matching index found. Executing sequential table scan.,142771d02110819b
2026-08-08 18:30:00,gateway-service,ERROR,ERR-GATEWAY-TIMEOUT,Gateway read timeout on GET /api/v1/orders. Trace ID: 142771d02110819b,142771d02110819b
2026-08-08 18:30:00,gateway-service,INFO,,"Inbound Request: POST /api/v1/orders/checkout, User: 72877",eb6cb5db347fbf1f
2026-08-08 18:30:00,auth-service,INFO,,Token validation successful for user 72877,eb6cb5db347fbf1f
2026-08-08 18:30:00,order-service,INFO,,Creating order 57215 for user 72877. Checking inventory...,eb6cb5db347fbf1f
2026-08-08 18:30:00,inventory-service,INFO,,Stock check: Item available in warehouse. Reserving stock.,eb6cb5db347fbf1f
2026-08-08 18:30:00,order-service,INFO,,Inventory reservation confirmed. Initiating payment for order 57215...,eb6cb5db347fbf1f
2026-08-08 18:30:00,payment-service,INFO,,Authorizing payment via credit card for amount: $45.99. Order 57215,eb6cb5db347fbf1f
2026-08-08 18:30:00,payment-service,INFO,,Payment transaction successful. AuthCode: stripe_ch_a77ba7f5,eb6cb5db347fbf1f
2026-08-08 18:30:00,order-service,INFO,,Payment successful. Confirming order status to PLACED. Order 57215,eb6cb5db347fbf1f
2026-08-08 18:30:00,gateway-service,INFO,,Inbound Request POST /api/v1/orders/checkout completed with 201 Created. Trace ID: eb6cb5db347fbf1f,eb6cb5db347fbf1f
2026-08-08 18:45:00,order-service,WARN,ERR-DB-SLOWQUERY,Slow Query Warning: SELECT * FROM orders WHERE customer_id = 91823 AND status = 'COMPLETED' ORDER BY created_at DESC took 4250ms. No matching index found. Executing sequential table scan.,f4824c6ac98b8560
2026-08-08 18:45:00,gateway-service,ERROR,ERR-GATEWAY-TIMEOUT,Gateway read timeout on GET /api/v1/orders. Trace ID: f4824c6ac98b8560,f4824c6ac98b8560
2026-08-08 19:00:00,order-service,WARN,ERR-DB-SLOWQUERY,Slow Query Warning: SELECT * FROM orders WHERE customer_id = 91823 AND status = 'COMPLETED' ORDER BY created_at DESC took 4250ms. No matching index found. Executing sequential table scan.,f61024cf2e952b94
2026-08-08 19:00:00,gateway-service,ERROR,ERR-GATEWAY-TIMEOUT,Gateway read timeout on GET /api/v1/orders. Trace ID: f61024cf2e952b94,f61024cf2e952b94
2026-08-08 19:00:00,gateway-service,INFO,,Gateway routing configurations successfully reloaded. Active routes: /api/v1/*,
2026-08-08 19:00:00,auth-service,INFO,,Session cleaner worker run completed. Cleaned 0 expired tokens.,
2026-08-08 19:00:00,order-service,INFO,,Heartbeat check: Database is reachable. Active connections: 48.,
2026-08-08 19:00:00,inventory-service,INFO,,Stock sync worker ran successfully. 0 items update required.,
2026-08-08 19:00:00,payment-service,INFO,,Gateway healthcheck: stripe connectivity OK.,
2026-08-08 19:15:00,order-service,WARN,ERR-DB-SLOWQUERY,Slow Query Warning: SELECT * FROM orders WHERE customer_id = 91823 AND status = 'COMPLETED' ORDER BY created_at DESC took 4250ms. No matching index found. Executing sequential table scan.,6f1898f1740e43c2
2026-08-08 19:15:00,gateway-service,ERROR,ERR-GATEWAY-TIMEOUT,Gateway read timeout on GET /api/v1/orders. Trace ID: 6f1898f1740e43c2,6f1898f1740e43c2
2026-08-08 19:30:00,order-service,WARN,ERR-DB-SLOWQUERY,Slow Query Warning: SELECT * FROM orders WHERE customer_id = 91823 AND status = 'COMPLETED' ORDER BY created_at DESC took 4250ms. No matching index found. Executing sequential table scan.,be82373f05b8ead1
2026-08-08 19:30:00,gateway-service,ERROR,ERR-GATEWAY-TIMEOUT,Gateway read timeout on GET /api/v1/orders. Trace ID: be82373f05b8ead1,be82373f05b8ead1
2026-08-08 19:45:00,order-service,WARN,ERR-DB-SLOWQUERY,Slow Query Warning: SELECT * FROM orders WHERE customer_id = 91823 AND status = 'COMPLETED' ORDER BY created_at DESC took 4250ms. No matching index found. Executing sequential table scan.,3cc83a39630d465f
2026-08-08 19:45:00,gateway-service,ERROR,ERR-GATEWAY-TIMEOUT,Gateway read timeout on GET /api/v1/orders. Trace ID: 3cc83a39630d465f,3cc83a39630d465f
2026-08-08 19:50:00,gateway-service,INFO,,"Inbound Request: POST /api/v1/orders/checkout, User: 93017",0ad60f3d201f60e2
2026-08-08 19:50:00,auth-service,INFO,,Token validation successful for user 93017,0ad60f3d201f60e2
2026-08-08 19:50:00,order-service,INFO,,Creating order 50789 for user 93017. Checking inventory...,0ad60f3d201f60e2
2026-08-08 19:50:00,inventory-service,INFO,,Stock check: Item available in warehouse. Reserving stock.,0ad60f3d201f60e2
2026-08-08 19:50:00,order-service,INFO,,Inventory reservation confirmed. Initiating payment for order 50789...,0ad60f3d201f60e2
2026-08-08 19:50:00,payment-service,INFO,,Authorizing payment via credit card for amount: $45.99. Order 50789,0ad60f3d201f60e2
2026-08-08 19:50:00,payment-service,INFO,,Payment transaction successful. AuthCode: stripe_ch_c7b22226,0ad60f3d201f60e2
2026-08-08 19:50:00,order-service,INFO,,Payment successful. Confirming order status to PLACED. Order 50789,0ad60f3d201f60e2
2026-08-08 19:50:00,gateway-service,INFO,,Inbound Request POST /api/v1/orders/checkout completed with 201 Created. Trace ID: 0ad60f3d201f60e2,0ad60f3d201f60e2
2026-08-08 20:00:00,gateway-service,INFO,,Gateway routing configurations successfully reloaded. Active routes: /api/v1/*,
2026-08-08 20:00:00,auth-service,INFO,,Session cleaner worker run completed. Cleaned 0 expired tokens.,
2026-08-08 20:00:00,order-service,INFO,,Heartbeat check: Database is reachable. Active connections: 9.,
2026-08-08 20:00:00,inventory-service,INFO,,Stock sync worker ran successfully. 0 items update required.,
2026-08-08 20:00:00,payment-service,INFO,,Gateway healthcheck: stripe connectivity OK.,
2026-08-08 21:00:00,gateway-service,INFO,,Gateway routing configurations successfully reloaded. Active routes: /api/v1/*,
2026-08-08 21:00:00,auth-service,INFO,,Session cleaner worker run completed. Cleaned 0 expired tokens.,
2026-08-08 21:00:00,order-service,INFO,,Heartbeat check: Database is reachable. Active connections: 8.,
2026-08-08 21:00:00,inventory-service,INFO,,Stock sync worker ran successfully. 0 items update required.,
2026-08-08 21:00:00,payment-service,INFO,,Gateway healthcheck: stripe connectivity OK.,
2026-08-08 22:00:00,gateway-service,INFO,,Gateway routing configurations successfully reloaded. Active routes: /api/v1/*,
2026-08-08 22:00:00,auth-service,INFO,,Session cleaner worker run completed. Cleaned 0 expired tokens.,
2026-08-08 22:00:00,order-service,INFO,,Heartbeat check: Database is reachable. Active connections: 7.,
2026-08-08 22:00:00,inventory-service,INFO,,Stock sync worker ran successfully. 0 items update required.,
2026-08-08 22:00:00,payment-service,INFO,,Gateway healthcheck: stripe connectivity OK.,
2026-08-08 23:00:00,gateway-service,INFO,,Gateway routing configurations successfully reloaded. Active routes: /api/v1/*,
2026-08-08 23:00:00,auth-service,INFO,,Session cleaner worker run completed. Cleaned 0 expired tokens.,
2026-08-08 23:00:00,order-service,INFO,,Heartbeat check: Database is reachable. Active connections: 5.,
2026-08-08 23:00:00,inventory-service,INFO,,Stock sync worker ran successfully. 0 items update required.,
2026-08-08 23:00:00,payment-service,INFO,,Gateway healthcheck: stripe connectivity OK.,
2026-08-09 00:00:00,gateway-service,INFO,,Gateway routing configurations successfully reloaded. Active routes: /api/v1/*,
2026-08-09 00:00:00,auth-service,INFO,,Session cleaner worker run completed. Cleaned 0 expired tokens.,
2026-08-09 00:00:00,order-service,INFO,,Heartbeat check: Database is reachable. Active connections: 3.,
2026-08-09 00:00:00,inventory-service,INFO,,Stock sync worker ran successfully. 0 items update required.,
2026-08-09 00:00:00,payment-service,INFO,,Gateway healthcheck: stripe connectivity OK.,
2026-08-09 01:00:00,gateway-service,INFO,,Gateway routing configurations successfully reloaded. Active routes: /api/v1/*,
2026-08-09 01:00:00,auth-service,INFO,,Session cleaner worker run completed. Cleaned 0 expired tokens.,
2026-08-09 01:00:00,order-service,INFO,,Heartbeat check: Database is reachable. Active connections: 3.,
2026-08-09 01:00:00,inventory-service,INFO,,Stock sync worker ran successfully. 0 items update required.,
2026-08-09 01:00:00,payment-service,INFO,,Gateway healthcheck: stripe connectivity OK.,
2026-08-09 02:00:00,gateway-service,INFO,,Gateway routing configurations successfully reloaded. Active routes: /api/v1/*,
2026-08-09 02:00:00,auth-service,INFO,,Session cleaner worker run completed. Cleaned 0 expired tokens.,
2026-08-09 02:00:00,order-service,INFO,,Heartbeat check: Database is reachable. Active connections: 3.,
2026-08-09 02:00:00,inventory-service,INFO,,Stock sync worker ran successfully. 0 items update required.,
2026-08-09 02:00:00,payment-service,INFO,,Gateway healthcheck: stripe connectivity OK.,
2026-08-09 03:00:00,gateway-service,INFO,,Gateway routing configurations successfully reloaded. Active routes: /api/v1/*,
2026-08-09 03:00:00,auth-service,INFO,,Session cleaner worker run completed. Cleaned 0 expired tokens.,
2026-08-09 03:00:00,order-service,INFO,,Heartbeat check: Database is reachable. Active connections: 3.,
2026-08-09 03:00:00,inventory-service,INFO,,Stock sync worker ran successfully. 0 items update required.,
2026-08-09 03:00:00,payment-service,INFO,,Gateway healthcheck: stripe connectivity OK.,
2026-08-09 03:15:00,gateway-service,INFO,,"Inbound Request: POST /api/v1/orders/checkout, User: 80005",6ee833247cbfbfcd
2026-08-09 03:15:00,auth-service,INFO,,Token validation successful for user 80005,6ee833247cbfbfcd
2026-08-09 03:15:00,order-service,INFO,,Creating order 51028 for user 80005. Checking inventory...,6ee833247cbfbfcd
2026-08-09 03:15:00,inventory-service,INFO,,Stock check: Item available in warehouse. Reserving stock.,6ee833247cbfbfcd
2026-08-09 03:15:00,order-service,INFO,,Inventory reservation confirmed. Initiating payment for order 51028...,6ee833247cbfbfcd
2026-08-09 03:15:00,payment-service,INFO,,Authorizing payment via credit card for amount: $45.99. Order 51028,6ee833247cbfbfcd
2026-08-09 03:15:00,payment-service,INFO,,Payment transaction successful. AuthCode: stripe_ch_a49e43ca,6ee833247cbfbfcd
2026-08-09 03:15:00,order-service,INFO,,Payment successful. Confirming order status to PLACED. Order 51028,6ee833247cbfbfcd
2026-08-09 03:15:00,gateway-service,INFO,,Inbound Request POST /api/v1/orders/checkout completed with 201 Created. Trace ID: 6ee833247cbfbfcd,6ee833247cbfbfcd
2026-08-09 04:00:00,gateway-service,INFO,,Gateway routing configurations successfully reloaded. Active routes: /api/v1/*,
2026-08-09 04:00:00,auth-service,INFO,,Session cleaner worker run completed. Cleaned 0 expired tokens.,
2026-08-09 04:00:00,order-service,INFO,,Heartbeat check: Database is reachable. Active connections: 3.,
2026-08-09 04:00:00,inventory-service,INFO,,Stock sync worker ran successfully. 0 items update required.,
2026-08-09 04:00:00,payment-service,INFO,,Gateway healthcheck: stripe connectivity OK.,
2026-08-09 05:00:00,gateway-service,INFO,,Gateway routing configurations successfully reloaded. Active routes: /api/v1/*,
2026-08-09 05:00:00,auth-service,INFO,,Session cleaner worker run completed. Cleaned 0 expired tokens.,
2026-08-09 05:00:00,order-service,INFO,,Heartbeat check: Database is reachable. Active connections: 3.,
2026-08-09 05:00:00,inventory-service,INFO,,Stock sync worker ran successfully. 0 items update required.,
2026-08-09 05:00:00,payment-service,INFO,,Gateway healthcheck: stripe connectivity OK.,
2026-08-09 06:00:00,gateway-service,INFO,,Gateway routing configurations successfully reloaded. Active routes: /api/v1/*,
2026-08-09 06:00:00,auth-service,INFO,,Session cleaner worker run completed. Cleaned 0 expired tokens.,
2026-08-09 06:00:00,order-service,INFO,,Heartbeat check: Database is reachable. Active connections: 5.,
2026-08-09 06:00:00,inventory-service,INFO,,Stock sync worker ran successfully. 0 items update required.,
2026-08-09 06:00:00,payment-service,INFO,,Gateway healthcheck: stripe connectivity OK.,
2026-08-09 07:00:00,gateway-service,INFO,,Gateway routing configurations successfully reloaded. Active routes: /api/v1/*,
2026-08-09 07:00:00,auth-service,INFO,,Session cleaner worker run completed. Cleaned 0 expired tokens.,
2026-08-09 07:00:00,order-service,INFO,,Heartbeat check: Database is reachable. Active connections: 7.,
2026-08-09 07:00:00,inventory-service,INFO,,Stock sync worker ran successfully. 0 items update required.,
2026-08-09 07:00:00,payment-service,INFO,,Gateway healthcheck: stripe connectivity OK.,
2026-08-09 07:00:00,gateway-service,INFO,,"Inbound Request: POST /api/v1/orders/checkout, User: 34363",0ea231330b241977
2026-08-09 07:00:00,auth-service,INFO,,Token validation successful for user 34363,0ea231330b241977
2026-08-09 07:00:00,order-service,INFO,,Creating order 53322 for user 34363. Checking inventory...,0ea231330b241977
2026-08-09 07:00:00,inventory-service,INFO,,Stock check: Item available in warehouse. Reserving stock.,0ea231330b241977
2026-08-09 07:00:00,order-service,INFO,,Inventory reservation confirmed. Initiating payment for order 53322...,0ea231330b241977
2026-08-09 07:00:00,payment-service,INFO,,Authorizing payment via credit card for amount: $45.99. Order 53322,0ea231330b241977
2026-08-09 07:00:00,payment-service,INFO,,Payment transaction successful. AuthCode: stripe_ch_3939b55c,0ea231330b241977
2026-08-09 07:00:00,order-service,INFO,,Payment successful. Confirming order status to PLACED. Order 53322,0ea231330b241977
2026-08-09 07:00:00,gateway-service,INFO,,Inbound Request POST /api/v1/orders/checkout completed with 201 Created. Trace ID: 0ea231330b241977,0ea231330b241977
2026-08-09 08:00:00,gateway-service,INFO,,Gateway routing configurations successfully reloaded. Active routes: /api/v1/*,
2026-08-09 08:00:00,auth-service,INFO,,Session cleaner worker run completed. Cleaned 0 expired tokens.,
2026-08-09 08:00:00,order-service,INFO,,Heartbeat check: Database is reachable. Active connections: 8.,
2026-08-09 08:00:00,inventory-service,INFO,,Stock sync worker ran successfully. 0 items update required.,
2026-08-09 08:00:00,payment-service,INFO,,Gateway healthcheck: stripe connectivity OK.,
2026-08-09 09:00:00,gateway-service,INFO,,Gateway routing configurations successfully reloaded. Active routes: /api/v1/*,
2026-08-09 09:00:00,auth-service,INFO,,Session cleaner worker run completed. Cleaned 0 expired tokens.,
2026-08-09 09:00:00,order-service,INFO,,Heartbeat check: Database is reachable. Active connections: 9.,
2026-08-09 09:00:00,inventory-service,INFO,,Stock sync worker ran successfully. 0 items update required.,
2026-08-09 09:00:00,payment-service,INFO,,Gateway healthcheck: stripe connectivity OK.,
2026-08-09 10:00:00,gateway-service,INFO,,Gateway routing configurations successfully reloaded. Active routes: /api/v1/*,
2026-08-09 10:00:00,auth-service,INFO,,Session cleaner worker run completed. Cleaned 0 expired tokens.,
2026-08-09 10:00:00,order-service,INFO,,Heartbeat check: Database is reachable. Active connections: 11.,
2026-08-09 10:00:00,inventory-service,INFO,,Stock sync worker ran successfully. 0 items update required.,
2026-08-09 10:00:00,payment-service,INFO,,Gateway healthcheck: stripe connectivity OK.,
2026-08-09 11:00:00,gateway-service,INFO,,Gateway routing configurations successfully reloaded. Active routes: /api/v1/*,
2026-08-09 11:00:00,auth-service,INFO,,Session cleaner worker run completed. Cleaned 0 expired tokens.,
2026-08-09 11:00:00,order-service,INFO,,Heartbeat check: Database is reachable. Active connections: 10.,
2026-08-09 11:00:00,inventory-service,INFO,,Stock sync worker ran successfully. 0 items update required.,
2026-08-09 11:00:00,payment-service,INFO,,Gateway healthcheck: stripe connectivity OK.,
2026-08-09 12:00:00,gateway-service,INFO,,Gateway routing configurations successfully reloaded. Active routes: /api/v1/*,
2026-08-09 12:00:00,auth-service,INFO,,Session cleaner worker run completed. Cleaned 0 expired tokens.,
2026-08-09 12:00:00,order-service,INFO,,Heartbeat check: Database is reachable. Active connections: 10.,
2026-08-09 12:00:00,inventory-service,INFO,,Stock sync worker ran successfully. 0 items update required.,
2026-08-09 12:00:00,payment-service,INFO,,Gateway healthcheck: stripe connectivity OK.,
2026-08-09 13:00:00,gateway-service,INFO,,Gateway routing configurations successfully reloaded. Active routes: /api/v1/*,
2026-08-09 13:00:00,auth-service,INFO,,Session cleaner worker run completed. Cleaned 0 expired tokens.,
2026-08-09 13:00:00,order-service,INFO,,Heartbeat check: Database is reachable. Active connections: 10.,
2026-08-09 13:00:00,inventory-service,INFO,,Stock sync worker ran successfully. 0 items update required.,
2026-08-09 13:00:00,payment-service,INFO,,Gateway healthcheck: stripe connectivity OK.,
2026-08-09 14:00:00,gateway-service,INFO,,Gateway routing configurations successfully reloaded. Active routes: /api/v1/*,
2026-08-09 14:00:00,auth-service,INFO,,Session cleaner worker run completed. Cleaned 0 expired tokens.,
2026-08-09 14:00:00,order-service,INFO,,Heartbeat check: Database is reachable. Active connections: 10.,
2026-08-09 14:00:00,inventory-service,INFO,,Stock sync worker ran successfully. 0 items update required.,
2026-08-09 14:00:00,payment-service,INFO,,Gateway healthcheck: stripe connectivity OK.,
2026-08-09 15:00:00,gateway-service,INFO,,Gateway routing configurations successfully reloaded. Active routes: /api/v1/*,
2026-08-09 15:00:00,auth-service,INFO,,Session cleaner worker run completed. Cleaned 0 expired tokens.,
2026-08-09 15:00:00,order-service,INFO,,Heartbeat check: Database is reachable. Active connections: 9.,
2026-08-09 15:00:00,inventory-service,INFO,,Stock sync worker ran successfully. 0 items update required.,
2026-08-09 15:00:00,payment-service,INFO,,Gateway healthcheck: stripe connectivity OK.,
2026-08-09 16:00:00,gateway-service,INFO,,Gateway routing configurations successfully reloaded. Active routes: /api/v1/*,
2026-08-09 16:00:00,auth-service,INFO,,Session cleaner worker run completed. Cleaned 0 expired tokens.,
2026-08-09 16:00:00,order-service,INFO,,Heartbeat check: Database is reachable. Active connections: 9.,
2026-08-09 16:00:00,inventory-service,INFO,,Stock sync worker ran successfully. 0 items update required.,
2026-08-09 16:00:00,payment-service,INFO,,Gateway healthcheck: stripe connectivity OK.,
2026-08-09 17:00:00,gateway-service,INFO,,Gateway routing configurations successfully reloaded. Active routes: /api/v1/*,
2026-08-09 17:00:00,auth-service,INFO,,Session cleaner worker run completed. Cleaned 0 expired tokens.,
2026-08-09 17:00:00,order-service,INFO,,Heartbeat check: Database is reachable. Active connections: 9.,
2026-08-09 17:00:00,inventory-service,INFO,,Stock sync worker ran successfully. 0 items update required.,
2026-08-09 17:00:00,payment-service,INFO,,Gateway healthcheck: stripe connectivity OK.,
2026-08-09 17:20:00,gateway-service,INFO,,"Inbound Request: POST /api/v1/orders/checkout, User: 72292",7408a05a519a4e9d
2026-08-09 17:20:00,auth-service,INFO,,Token validation successful for user 72292,7408a05a519a4e9d
2026-08-09 17:20:00,order-service,INFO,,Creating order 57480 for user 72292. Checking inventory...,7408a05a519a4e9d
2026-08-09 17:20:00,inventory-service,INFO,,Stock check: Item available in warehouse. Reserving stock.,7408a05a519a4e9d
2026-08-09 17:20:00,order-service,INFO,,Inventory reservation confirmed. Initiating payment for order 57480...,7408a05a519a4e9d
2026-08-09 17:20:00,payment-service,INFO,,Authorizing payment via credit card for amount: $45.99. Order 57480,7408a05a519a4e9d
2026-08-09 17:20:00,payment-service,INFO,,Payment transaction successful. AuthCode: stripe_ch_6f37e2e5,7408a05a519a4e9d
2026-08-09 17:20:00,order-service,INFO,,Payment successful. Confirming order status to PLACED. Order 57480,7408a05a519a4e9d
2026-08-09 17:20:00,gateway-service,INFO,,Inbound Request POST /api/v1/orders/checkout completed with 201 Created. Trace ID: 7408a05a519a4e9d,7408a05a519a4e9d
2026-08-09 18:00:00,gateway-service,INFO,,Gateway routing configurations successfully reloaded. Active routes: /api/v1/*,
2026-08-09 18:00:00,auth-service,INFO,,Session cleaner worker run completed. Cleaned 0 expired tokens.,
2026-08-09 18:00:00,order-service,INFO,,Heartbeat check: Database is reachable. Active connections: 9.,
2026-08-09 18:00:00,inventory-service,INFO,,Stock sync worker ran successfully. 0 items update required.,
2026-08-09 18:00:00,payment-service,INFO,,Gateway healthcheck: stripe connectivity OK.,
2026-08-09 19:00:00,gateway-service,INFO,,Gateway routing configurations successfully reloaded. Active routes: /api/v1/*,
2026-08-09 19:00:00,auth-service,INFO,,Session cleaner worker run completed. Cleaned 0 expired tokens.,
2026-08-09 19:00:00,order-service,INFO,,Heartbeat check: Database is reachable. Active connections: 8.,
2026-08-09 19:00:00,inventory-service,INFO,,Stock sync worker ran successfully. 0 items update required.,
2026-08-09 19:00:00,payment-service,INFO,,Gateway healthcheck: stripe connectivity OK.,
2026-08-09 19:50:00,gateway-service,INFO,,"Inbound Request: POST /api/v1/orders/checkout, User: 46205",e7c450081cef8de5
2026-08-09 19:50:00,auth-service,INFO,,Token validation successful for user 46205,e7c450081cef8de5
2026-08-09 19:50:00,order-service,INFO,,Creating order 50378 for user 46205. Checking inventory...,e7c450081cef8de5
2026-08-09 19:50:00,inventory-service,INFO,,Stock check: Item available in warehouse. Reserving stock.,e7c450081cef8de5
2026-08-09 19:50:00,order-service,INFO,,Inventory reservation confirmed. Initiating payment for order 50378...,e7c450081cef8de5
2026-08-09 19:50:00,payment-service,INFO,,Authorizing payment via credit card for amount: $45.99. Order 50378,e7c450081cef8de5
2026-08-09 19:50:00,payment-service,INFO,,Payment transaction successful. AuthCode: stripe_ch_57c7ad05,e7c450081cef8de5
2026-08-09 19:50:00,order-service,INFO,,Payment successful. Confirming order status to PLACED. Order 50378,e7c450081cef8de5
2026-08-09 19:50:00,gateway-service,INFO,,Inbound Request POST /api/v1/orders/checkout completed with 201 Created. Trace ID: e7c450081cef8de5,e7c450081cef8de5
2026-08-09 20:00:00,gateway-service,INFO,,Gateway routing configurations successfully reloaded. Active routes: /api/v1/*,
2026-08-09 20:00:00,auth-service,INFO,,Session cleaner worker run completed. Cleaned 0 expired tokens.,
2026-08-09 20:00:00,order-service,INFO,,Heartbeat check: Database is reachable. Active connections: 8.,
2026-08-09 20:00:00,inventory-service,INFO,,Stock sync worker ran successfully. 0 items update required.,
2026-08-09 20:00:00,payment-service,INFO,,Gateway healthcheck: stripe connectivity OK.,
2026-08-09 21:00:00,gateway-service,INFO,,Gateway routing configurations successfully reloaded. Active routes: /api/v1/*,
2026-08-09 21:00:00,auth-service,INFO,,Session cleaner worker run completed. Cleaned 0 expired tokens.,
2026-08-09 21:00:00,order-service,INFO,,Heartbeat check: Database is reachable. Active connections: 7.,
2026-08-09 21:00:00,inventory-service,INFO,,Stock sync worker ran successfully. 0 items update required.,
2026-08-09 21:00:00,payment-service,INFO,,Gateway healthcheck: stripe connectivity OK.,
2026-08-09 21:25:00,gateway-service,INFO,,"Inbound Request: POST /api/v1/orders/checkout, User: 51798",8b3df206c845d7ec
2026-08-09 21:25:00,auth-service,INFO,,Token validation successful for user 51798,8b3df206c845d7ec
2026-08-09 21:25:00,order-service,INFO,,Creating order 50511 for user 51798. Checking inventory...,8b3df206c845d7ec
2026-08-09 21:25:00,inventory-service,INFO,,Stock check: Item available in warehouse. Reserving stock.,8b3df206c845d7ec
2026-08-09 21:25:00,order-service,INFO,,Inventory reservation confirmed. Initiating payment for order 50511...,8b3df206c845d7ec
2026-08-09 21:25:00,payment-service,INFO,,Authorizing payment via credit card for amount: $45.99. Order 50511,8b3df206c845d7ec
2026-08-09 21:25:00,payment-service,INFO,,Payment transaction successful. AuthCode: stripe_ch_5785c4f6,8b3df206c845d7ec
2026-08-09 21:25:00,order-service,INFO,,Payment successful. Confirming order status to PLACED. Order 50511,8b3df206c845d7ec
2026-08-09 21:25:00,gateway-service,INFO,,Inbound Request POST /api/v1/orders/checkout completed with 201 Created. Trace ID: 8b3df206c845d7ec,8b3df206c845d7ec
2026-08-09 21:55:00,gateway-service,INFO,,"Inbound Request: POST /api/v1/orders/checkout, User: 93647",33131c377cba8c2f
2026-08-09 21:55:00,auth-service,INFO,,Token validation successful for user 93647,33131c377cba8c2f
2026-08-09 21:55:00,order-service,INFO,,Creating order 54272 for user 93647. Checking inventory...,33131c377cba8c2f
2026-08-09 21:55:00,inventory-service,INFO,,Stock check: Item available in warehouse. Reserving stock.,33131c377cba8c2f
2026-08-09 21:55:00,order-service,INFO,,Inventory reservation confirmed. Initiating payment for order 54272...,33131c377cba8c2f
2026-08-09 21:55:00,payment-service,INFO,,Authorizing payment via credit card for amount: $45.99. Order 54272,33131c377cba8c2f
2026-08-09 21:55:00,payment-service,INFO,,Payment transaction successful. AuthCode: stripe_ch_fb9fe2ac,33131c377cba8c2f
2026-08-09 21:55:00,order-service,INFO,,Payment successful. Confirming order status to PLACED. Order 54272,33131c377cba8c2f
2026-08-09 21:55:00,gateway-service,INFO,,Inbound Request POST /api/v1/orders/checkout completed with 201 Created. Trace ID: 33131c377cba8c2f,33131c377cba8c2f
2026-08-09 22:00:00,gateway-service,INFO,,Gateway routing configurations successfully reloaded. Active routes: /api/v1/*,
2026-08-09 22:00:00,auth-service,INFO,,Session cleaner worker run completed. Cleaned 0 expired tokens.,
2026-08-09 22:00:00,order-service,INFO,,Heartbeat check: Database is reachable. Active connections: 6.,
2026-08-09 22:00:00,inventory-service,INFO,,Stock sync worker ran successfully. 0 items update required.,
2026-08-09 22:00:00,payment-service,INFO,,Gateway healthcheck: stripe connectivity OK.,
2026-08-09 23:00:00,gateway-service,INFO,,Gateway routing configurations successfully reloaded. Active routes: /api/v1/*,
2026-08-09 23:00:00,auth-service,INFO,,Session cleaner worker run completed. Cleaned 0 expired tokens.,
2026-08-09 23:00:00,order-service,INFO,,Heartbeat check: Database is reachable. Active connections: 5.,
2026-08-09 23:00:00,inventory-service,INFO,,Stock sync worker ran successfully. 0 items update required.,
2026-08-09 23:00:00,payment-service,INFO,,Gateway healthcheck: stripe connectivity OK.,
2026-08-10 00:00:00,gateway-service,INFO,,Gateway routing configurations successfully reloaded. Active routes: /api/v1/*,
2026-08-10 00:00:00,auth-service,INFO,,Session cleaner worker run completed. Cleaned 0 expired tokens.,
2026-08-10 00:00:00,order-service,INFO,,Heartbeat check: Database is reachable. Active connections: 4.,
2026-08-10 00:00:00,inventory-service,INFO,,Stock sync worker ran successfully. 0 items update required.,
2026-08-10 00:00:00,payment-service,INFO,,Gateway healthcheck: stripe connectivity OK.,
2026-08-10 01:00:00,gateway-service,INFO,,Gateway routing configurations successfully reloaded. Active routes: /api/v1/*,
2026-08-10 01:00:00,auth-service,INFO,,Session cleaner worker run completed. Cleaned 0 expired tokens.,
2026-08-10 01:00:00,order-service,INFO,,Heartbeat check: Database is reachable. Active connections: 3.,
2026-08-10 01:00:00,inventory-service,INFO,,Stock sync worker ran successfully. 0 items update required.,
2026-08-10 01:00:00,payment-service,INFO,,Gateway healthcheck: stripe connectivity OK.,
2026-08-10 02:00:00,gateway-service,INFO,,Gateway routing configurations successfully reloaded. Active routes: /api/v1/*,
2026-08-10 02:00:00,auth-service,INFO,,Session cleaner worker run completed. Cleaned 0 expired tokens.,
2026-08-10 02:00:00,order-service,INFO,,Heartbeat check: Database is reachable. Active connections: 3.,
2026-08-10 02:00:00,inventory-service,INFO,,Stock sync worker ran successfully. 0 items update required.,
2026-08-10 02:00:00,payment-service,INFO,,Gateway healthcheck: stripe connectivity OK.,
2026-08-10 03:00:00,gateway-service,INFO,,Gateway routing configurations successfully reloaded. Active routes: /api/v1/*,
2026-08-10 03:00:00,auth-service,INFO,,Session cleaner worker run completed. Cleaned 0 expired tokens.,
2026-08-10 03:00:00,order-service,INFO,,Heartbeat check: Database is reachable. Active connections: 3.,
2026-08-10 03:00:00,inventory-service,INFO,,Stock sync worker ran successfully. 0 items update required.,
2026-08-10 03:00:00,payment-service,INFO,,Gateway healthcheck: stripe connectivity OK.,
2026-08-10 04:00:00,gateway-service,INFO,,Gateway routing configurations successfully reloaded. Active routes: /api/v1/*,
2026-08-10 04:00:00,auth-service,INFO,,Session cleaner worker run completed. Cleaned 0 expired tokens.,
2026-08-10 04:00:00,order-service,INFO,,Heartbeat check: Database is reachable. Active connections: 3.,
2026-08-10 04:00:00,inventory-service,INFO,,Stock sync worker ran successfully. 0 items update required.,
2026-08-10 04:00:00,payment-service,INFO,,Gateway healthcheck: stripe connectivity OK.,
2026-08-10 05:00:00,gateway-service,INFO,,Gateway routing configurations successfully reloaded. Active routes: /api/v1/*,
2026-08-10 05:00:00,auth-service,INFO,,Session cleaner worker run completed. Cleaned 0 expired tokens.,
2026-08-10 05:00:00,order-service,INFO,,Heartbeat check: Database is reachable. Active connections: 4.,
2026-08-10 05:00:00,inventory-service,INFO,,Stock sync worker ran successfully. 0 items update required.,
2026-08-10 05:00:00,payment-service,INFO,,Gateway healthcheck: stripe connectivity OK.,
2026-08-10 06:00:00,gateway-service,INFO,,Gateway routing configurations successfully reloaded. Active routes: /api/v1/*,
2026-08-10 06:00:00,auth-service,INFO,,Session cleaner worker run completed. Cleaned 0 expired tokens.,
2026-08-10 06:00:00,order-service,INFO,,Heartbeat check: Database is reachable. Active connections: 6.,
2026-08-10 06:00:00,inventory-service,INFO,,Stock sync worker ran successfully. 0 items update required.,
2026-08-10 06:00:00,payment-service,INFO,,Gateway healthcheck: stripe connectivity OK.,
2026-08-10 07:00:00,gateway-service,INFO,,Gateway routing configurations successfully reloaded. Active routes: /api/v1/*,
2026-08-10 07:00:00,auth-service,INFO,,Session cleaner worker run completed. Cleaned 0 expired tokens.,
2026-08-10 07:00:00,order-service,INFO,,Heartbeat check: Database is reachable. Active connections: 8.,
2026-08-10 07:00:00,inventory-service,INFO,,Stock sync worker ran successfully. 0 items update required.,
2026-08-10 07:00:00,payment-service,INFO,,Gateway healthcheck: stripe connectivity OK.,
2026-08-10 08:00:00,gateway-service,INFO,,Gateway routing configurations successfully reloaded. Active routes: /api/v1/*,
2026-08-10 08:00:00,auth-service,INFO,,Session cleaner worker run completed. Cleaned 0 expired tokens.,
2026-08-10 08:00:00,order-service,INFO,,Heartbeat check: Database is reachable. Active connections: 10.,
2026-08-10 08:00:00,inventory-service,INFO,,Stock sync worker ran successfully. 0 items update required.,
2026-08-10 08:00:00,payment-service,INFO,,Gateway healthcheck: stripe connectivity OK.,
2026-08-10 09:00:00,gateway-service,INFO,,Gateway routing configurations successfully reloaded. Active routes: /api/v1/*,
2026-08-10 09:00:00,auth-service,INFO,,Session cleaner worker run completed. Cleaned 0 expired tokens.,
2026-08-10 09:00:00,order-service,INFO,,Heartbeat check: Database is reachable. Active connections: 11.,
2026-08-10 09:00:00,inventory-service,INFO,,Stock sync worker ran successfully. 0 items update required.,
2026-08-10 09:00:00,payment-service,INFO,,Gateway healthcheck: stripe connectivity OK.,
2026-08-10 09:00:00,gateway-service,INFO,,"Inbound Request: POST /api/v1/orders/checkout, User: 69299",2f922ad9b4552694
2026-08-10 09:00:00,auth-service,INFO,,Token validation successful for user 69299,2f922ad9b4552694
2026-08-10 09:00:00,order-service,INFO,,Creating order 50290 for user 69299. Checking inventory...,2f922ad9b4552694
2026-08-10 09:00:00,inventory-service,INFO,,Stock check: Item available in warehouse. Reserving stock.,2f922ad9b4552694
2026-08-10 09:00:00,order-service,INFO,,Inventory reservation confirmed. Initiating payment for order 50290...,2f922ad9b4552694
2026-08-10 09:00:00,payment-service,INFO,,Authorizing payment via credit card for amount: $45.99. Order 50290,2f922ad9b4552694
2026-08-10 09:00:00,payment-service,INFO,,Payment transaction successful. AuthCode: stripe_ch_33c8d23f,2f922ad9b4552694
2026-08-10 09:00:00,order-service,INFO,,Payment successful. Confirming order status to PLACED. Order 50290,2f922ad9b4552694
2026-08-10 09:00:00,gateway-service,INFO,,Inbound Request POST /api/v1/orders/checkout completed with 201 Created. Trace ID: 2f922ad9b4552694,2f922ad9b4552694
2026-08-10 10:00:00,gateway-service,INFO,,Gateway routing configurations successfully reloaded. Active routes: /api/v1/*,
2026-08-10 10:00:00,auth-service,INFO,,Session cleaner worker run completed. Cleaned 0 expired tokens.,
2026-08-10 10:00:00,order-service,INFO,,Heartbeat check: Database is reachable. Active connections: 13.,
2026-08-10 10:00:00,inventory-service,INFO,,Stock sync worker ran successfully. 0 items update required.,
2026-08-10 10:00:00,payment-service,INFO,,Gateway healthcheck: stripe connectivity OK.,
2026-08-10 11:00:00,gateway-service,INFO,,Gateway routing configurations successfully reloaded. Active routes: /api/v1/*,
2026-08-10 11:00:00,auth-service,INFO,,Session cleaner worker run completed. Cleaned 0 expired tokens.,
2026-08-10 11:00:00,order-service,INFO,,Heartbeat check: Database is reachable. Active connections: 13.,
2026-08-10 11:00:00,inventory-service,INFO,,Stock sync worker ran successfully. 0 items update required.,
2026-08-10 11:00:00,payment-service,INFO,,Gateway healthcheck: stripe connectivity OK.,
2026-08-10 11:25:00,gateway-service,INFO,,"Inbound Request: POST /api/v1/orders/checkout, User: 44595",dc6057ea200068e2
2026-08-10 11:25:00,auth-service,INFO,,Token validation successful for user 44595,dc6057ea200068e2
2026-08-10 11:25:00,order-service,INFO,,Creating order 56352 for user 44595. Checking inventory...,dc6057ea200068e2
2026-08-10 11:25:00,inventory-service,INFO,,Stock check: Item available in warehouse. Reserving stock.,dc6057ea200068e2
2026-08-10 11:25:00,order-service,INFO,,Inventory reservation confirmed. Initiating payment for order 56352...,dc6057ea200068e2
2026-08-10 11:25:00,payment-service,INFO,,Authorizing payment via credit card for amount: $45.99. Order 56352,dc6057ea200068e2
2026-08-10 11:25:00,payment-service,INFO,,Payment transaction successful. AuthCode: stripe_ch_491f72ec,dc6057ea200068e2
2026-08-10 11:25:00,order-service,INFO,,Payment successful. Confirming order status to PLACED. Order 56352,dc6057ea200068e2
2026-08-10 11:25:00,gateway-service,INFO,,Inbound Request POST /api/v1/orders/checkout completed with 201 Created. Trace ID: dc6057ea200068e2,dc6057ea200068e2
2026-08-10 12:00:00,gateway-service,INFO,,Gateway routing configurations successfully reloaded. Active routes: /api/v1/*,
2026-08-10 12:00:00,auth-service,INFO,,Session cleaner worker run completed. Cleaned 0 expired tokens.,
2026-08-10 12:00:00,order-service,INFO,,Heartbeat check: Database is reachable. Active connections: 13.,
2026-08-10 12:00:00,inventory-service,INFO,,Stock sync worker ran successfully. 0 items update required.,
2026-08-10 12:00:00,payment-service,INFO,,Gateway healthcheck: stripe connectivity OK.,
2026-08-10 13:00:00,gateway-service,INFO,,Gateway routing configurations successfully reloaded. Active routes: /api/v1/*,
2026-08-10 13:00:00,auth-service,INFO,,Session cleaner worker run completed. Cleaned 0 expired tokens.,
2026-08-10 13:00:00,order-service,INFO,,Heartbeat check: Database is reachable. Active connections: 12.,
2026-08-10 13:00:00,inventory-service,INFO,,Stock sync worker ran successfully. 0 items update required.,
2026-08-10 13:00:00,payment-service,INFO,,Gateway healthcheck: stripe connectivity OK.,
2026-08-10 14:00:00,gateway-service,INFO,,Gateway routing configurations successfully reloaded. Active routes: /api/v1/*,
2026-08-10 14:00:00,auth-service,INFO,,Session cleaner worker run completed. Cleaned 0 expired tokens.,
2026-08-10 14:00:00,order-service,INFO,,Heartbeat check: Database is reachable. Active connections: 12.,
2026-08-10 14:00:00,inventory-service,INFO,,Stock sync worker ran successfully. 0 items update required.,
2026-08-10 14:00:00,payment-service,INFO,,Gateway healthcheck: stripe connectivity OK.,
2026-08-10 15:00:00,gateway-service,INFO,,Gateway routing configurations successfully reloaded. Active routes: /api/v1/*,
2026-08-10 15:00:00,auth-service,INFO,,Session cleaner worker run completed. Cleaned 0 expired tokens.,
2026-08-10 15:00:00,order-service,INFO,,Heartbeat check: Database is reachable. Active connections: 11.,
2026-08-10 15:00:00,inventory-service,INFO,,Stock sync worker ran successfully. 0 items update required.,
2026-08-10 15:00:00,payment-service,INFO,,Gateway healthcheck: stripe connectivity OK.,
2026-08-10 16:00:00,gateway-service,INFO,,Gateway routing configurations successfully reloaded. Active routes: /api/v1/*,
2026-08-10 16:00:00,auth-service,INFO,,Session cleaner worker run completed. Cleaned 0 expired tokens.,
2026-08-10 16:00:00,order-service,INFO,,Heartbeat check: Database is reachable. Active connections: 12.,
2026-08-10 16:00:00,inventory-service,INFO,,Stock sync worker ran successfully. 0 items update required.,
2026-08-10 16:00:00,payment-service,INFO,,Gateway healthcheck: stripe connectivity OK.,
2026-08-10 17:00:00,gateway-service,INFO,,Gateway routing configurations successfully reloaded. Active routes: /api/v1/*,
2026-08-10 17:00:00,auth-service,INFO,,Session cleaner worker run completed. Cleaned 0 expired tokens.,
2026-08-10 17:00:00,order-service,INFO,,Heartbeat check: Database is reachable. Active connections: 11.,
2026-08-10 17:00:00,inventory-service,INFO,,Stock sync worker ran successfully. 0 items update required.,
2026-08-10 17:00:00,payment-service,INFO,,Gateway healthcheck: stripe connectivity OK.,
2026-08-10 17:55:00,gateway-service,INFO,,"Inbound Request: POST /api/v1/orders/checkout, User: 26679",a7d8d2d3e1daad18
2026-08-10 17:55:00,auth-service,INFO,,Token validation successful for user 26679,a7d8d2d3e1daad18
2026-08-10 17:55:00,order-service,INFO,,Creating order 51031 for user 26679. Checking inventory...,a7d8d2d3e1daad18
2026-08-10 17:55:00,inventory-service,INFO,,Stock check: Item available in warehouse. Reserving stock.,a7d8d2d3e1daad18
2026-08-10 17:55:00,order-service,INFO,,Inventory reservation confirmed. Initiating payment for order 51031...,a7d8d2d3e1daad18
2026-08-10 17:55:00,payment-service,INFO,,Authorizing payment via credit card for amount: $45.99. Order 51031,a7d8d2d3e1daad18
2026-08-10 17:55:00,payment-service,INFO,,Payment transaction successful. AuthCode: stripe_ch_a6ec63ac,a7d8d2d3e1daad18
2026-08-10 17:55:00,order-service,INFO,,Payment successful. Confirming order status to PLACED. Order 51031,a7d8d2d3e1daad18
2026-08-10 17:55:00,gateway-service,INFO,,Inbound Request POST /api/v1/orders/checkout completed with 201 Created. Trace ID: a7d8d2d3e1daad18,a7d8d2d3e1daad18
2026-08-10 18:00:00,gateway-service,INFO,,Gateway routing configurations successfully reloaded. Active routes: /api/v1/*,
2026-08-10 18:00:00,auth-service,INFO,,Session cleaner worker run completed. Cleaned 0 expired tokens.,
2026-08-10 18:00:00,order-service,INFO,,Heartbeat check: Database is reachable. Active connections: 11.,
2026-08-10 18:00:00,inventory-service,INFO,,Stock sync worker ran successfully. 0 items update required.,
2026-08-10 18:00:00,payment-service,INFO,,Gateway healthcheck: stripe connectivity OK.,
2026-08-10 19:00:00,gateway-service,INFO,,Gateway routing configurations successfully reloaded. Active routes: /api/v1/*,
2026-08-10 19:00:00,auth-service,INFO,,Session cleaner worker run completed. Cleaned 0 expired tokens.,
2026-08-10 19:00:00,order-service,INFO,,Heartbeat check: Database is reachable. Active connections: 11.,
2026-08-10 19:00:00,inventory-service,INFO,,Stock sync worker ran successfully. 0 items update required.,
2026-08-10 19:00:00,payment-service,INFO,,Gateway healthcheck: stripe connectivity OK.,
2026-08-10 20:00:00,gateway-service,INFO,,Gateway routing configurations successfully reloaded. Active routes: /api/v1/*,
2026-08-10 20:00:00,auth-service,INFO,,Session cleaner worker run completed. Cleaned 0 expired tokens.,
2026-08-10 20:00:00,order-service,INFO,,Heartbeat check: Database is reachable. Active connections: 10.,
2026-08-10 20:00:00,inventory-service,INFO,,Stock sync worker ran successfully. 0 items update required.,
2026-08-10 20:00:00,payment-service,INFO,,Gateway healthcheck: stripe connectivity OK.,
2026-08-10 21:00:00,gateway-service,INFO,,Gateway routing configurations successfully reloaded. Active routes: /api/v1/*,
2026-08-10 21:00:00,auth-service,INFO,,Session cleaner worker run completed. Cleaned 0 expired tokens.,
2026-08-10 21:00:00,order-service,INFO,,Heartbeat check: Database is reachable. Active connections: 8.,
2026-08-10 21:00:00,inventory-service,INFO,,Stock sync worker ran successfully. 0 items update required.,
2026-08-10 21:00:00,payment-service,INFO,,Gateway healthcheck: stripe connectivity OK.,
2026-08-10 22:00:00,gateway-service,INFO,,Gateway routing configurations successfully reloaded. Active routes: /api/v1/*,
2026-08-10 22:00:00,auth-service,INFO,,Session cleaner worker run completed. Cleaned 0 expired tokens.,
2026-08-10 22:00:00,order-service,INFO,,Heartbeat check: Database is reachable. Active connections: 7.,
2026-08-10 22:00:00,inventory-service,INFO,,Stock sync worker ran successfully. 0 items update required.,
2026-08-10 22:00:00,payment-service,INFO,,Gateway healthcheck: stripe connectivity OK.,
2026-08-10 23:00:00,gateway-service,INFO,,Gateway routing configurations successfully reloaded. Active routes: /api/v1/*,
2026-08-10 23:00:00,auth-service,INFO,,Session cleaner worker run completed. Cleaned 0 expired tokens.,
2026-08-10 23:00:00,order-service,INFO,,Heartbeat check: Database is reachable. Active connections: 5.,
2026-08-10 23:00:00,inventory-service,INFO,,Stock sync worker ran successfully. 0 items update required.,
2026-08-10 23:00:00,payment-service,INFO,,Gateway healthcheck: stripe connectivity OK.,
2026-08-11 00:00:00,gateway-service,INFO,,Gateway routing configurations successfully reloaded. Active routes: /api/v1/*,
2026-08-11 00:00:00,auth-service,INFO,,Session cleaner worker run completed. Cleaned 0 expired tokens.,
2026-08-11 00:00:00,order-service,INFO,,Heartbeat check: Database is reachable. Active connections: 3.,
2026-08-11 00:00:00,inventory-service,INFO,,Stock sync worker ran successfully. 0 items update required.,
2026-08-11 00:00:00,payment-service,INFO,,Gateway healthcheck: stripe connectivity OK.,
2026-08-11 01:00:00,gateway-service,INFO,,Gateway routing configurations successfully reloaded. Active routes: /api/v1/*,
2026-08-11 01:00:00,auth-service,INFO,,Session cleaner worker run completed. Cleaned 0 expired tokens.,
2026-08-11 01:00:00,order-service,INFO,,Heartbeat check: Database is reachable. Active connections: 3.,
2026-08-11 01:00:00,inventory-service,INFO,,Stock sync worker ran successfully. 0 items update required.,
2026-08-11 01:00:00,payment-service,INFO,,Gateway healthcheck: stripe connectivity OK.,
2026-08-11 02:00:00,gateway-service,INFO,,Gateway routing configurations successfully reloaded. Active routes: /api/v1/*,
2026-08-11 02:00:00,auth-service,INFO,,Session cleaner worker run completed. Cleaned 0 expired tokens.,
2026-08-11 02:00:00,order-service,INFO,,Heartbeat check: Database is reachable. Active connections: 3.,
2026-08-11 02:00:00,inventory-service,INFO,,Stock sync worker ran successfully. 0 items update required.,
2026-08-11 02:00:00,payment-service,INFO,,Gateway healthcheck: stripe connectivity OK.,
2026-08-11 03:00:00,gateway-service,INFO,,Gateway routing configurations successfully reloaded. Active routes: /api/v1/*,
2026-08-11 03:00:00,auth-service,INFO,,Session cleaner worker run completed. Cleaned 0 expired tokens.,
2026-08-11 03:00:00,order-service,INFO,,Heartbeat check: Database is reachable. Active connections: 3.,
2026-08-11 03:00:00,inventory-service,INFO,,Stock sync worker ran successfully. 0 items update required.,
2026-08-11 03:00:00,payment-service,INFO,,Gateway healthcheck: stripe connectivity OK.,
2026-08-11 04:00:00,gateway-service,INFO,,Gateway routing configurations successfully reloaded. Active routes: /api/v1/*,
2026-08-11 04:00:00,auth-service,INFO,,Session cleaner worker run completed. Cleaned 0 expired tokens.,
2026-08-11 04:00:00,order-service,INFO,,Heartbeat check: Database is reachable. Active connections: 3.,
2026-08-11 04:00:00,inventory-service,INFO,,Stock sync worker ran successfully. 0 items update required.,
2026-08-11 04:00:00,payment-service,INFO,,Gateway healthcheck: stripe connectivity OK.,
2026-08-11 05:00:00,gateway-service,INFO,,Gateway routing configurations successfully reloaded. Active routes: /api/v1/*,
2026-08-11 05:00:00,auth-service,INFO,,Session cleaner worker run completed. Cleaned 0 expired tokens.,
2026-08-11 05:00:00,order-service,INFO,,Heartbeat check: Database is reachable. Active connections: 4.,
2026-08-11 05:00:00,inventory-service,INFO,,Stock sync worker ran successfully. 0 items update required.,
2026-08-11 05:00:00,payment-service,INFO,,Gateway healthcheck: stripe connectivity OK.,
2026-08-11 06:00:00,gateway-service,INFO,,Gateway routing configurations successfully reloaded. Active routes: /api/v1/*,
2026-08-11 06:00:00,auth-service,INFO,,Session cleaner worker run completed. Cleaned 0 expired tokens.,
2026-08-11 06:00:00,order-service,INFO,,Heartbeat check: Database is reachable. Active connections: 5.,
2026-08-11 06:00:00,inventory-service,INFO,,Stock sync worker ran successfully. 0 items update required.,
2026-08-11 06:00:00,payment-service,INFO,,Gateway healthcheck: stripe connectivity OK.,
2026-08-11 06:25:00,gateway-service,INFO,,"Inbound Request: POST /api/v1/orders/checkout, User: 28239",376c8036638f4a6a
2026-08-11 06:25:00,auth-service,INFO,,Token validation successful for user 28239,376c8036638f4a6a
2026-08-11 06:25:00,order-service,INFO,,Creating order 51305 for user 28239. Checking inventory...,376c8036638f4a6a
2026-08-11 06:25:00,inventory-service,INFO,,Stock check: Item available in warehouse. Reserving stock.,376c8036638f4a6a
2026-08-11 06:25:00,order-service,INFO,,Inventory reservation confirmed. Initiating payment for order 51305...,376c8036638f4a6a
2026-08-11 06:25:00,payment-service,INFO,,Authorizing payment via credit card for amount: $45.99. Order 51305,376c8036638f4a6a
2026-08-11 06:25:00,payment-service,INFO,,Payment transaction successful. AuthCode: stripe_ch_54e501ad,376c8036638f4a6a
2026-08-11 06:25:00,order-service,INFO,,Payment successful. Confirming order status to PLACED. Order 51305,376c8036638f4a6a
2026-08-11 06:25:00,gateway-service,INFO,,Inbound Request POST /api/v1/orders/checkout completed with 201 Created. Trace ID: 376c8036638f4a6a,376c8036638f4a6a
2026-08-11 07:00:00,gateway-service,INFO,,Gateway routing configurations successfully reloaded. Active routes: /api/v1/*,
2026-08-11 07:00:00,auth-service,INFO,,Session cleaner worker run completed. Cleaned 0 expired tokens.,
2026-08-11 07:00:00,order-service,INFO,,Heartbeat check: Database is reachable. Active connections: 8.,
2026-08-11 07:00:00,inventory-service,INFO,,Stock sync worker ran successfully. 0 items update required.,
2026-08-11 07:00:00,payment-service,INFO,,Gateway healthcheck: stripe connectivity OK.,
2026-08-11 08:00:00,gateway-service,INFO,,Gateway routing configurations successfully reloaded. Active routes: /api/v1/*,
2026-08-11 08:00:00,auth-service,INFO,,Session cleaner worker run completed. Cleaned 0 expired tokens.,
2026-08-11 08:00:00,order-service,INFO,,Heartbeat check: Database is reachable. Active connections: 10.,
2026-08-11 08:00:00,inventory-service,INFO,,Stock sync worker ran successfully. 0 items update required.,
2026-08-11 08:00:00,payment-service,INFO,,Gateway healthcheck: stripe connectivity OK.,
2026-08-11 09:00:00,gateway-service,INFO,,Gateway routing configurations successfully reloaded. Active routes: /api/v1/*,
2026-08-11 09:00:00,auth-service,INFO,,Session cleaner worker run completed. Cleaned 0 expired tokens.,
2026-08-11 09:00:00,order-service,INFO,,Heartbeat check: Database is reachable. Active connections: 12.,
2026-08-11 09:00:00,inventory-service,INFO,,Stock sync worker ran successfully. 0 items update required.,
2026-08-11 09:00:00,payment-service,INFO,,Gateway healthcheck: stripe connectivity OK.,
2026-08-11 10:00:00,gateway-service,INFO,,Gateway routing configurations successfully reloaded. Active routes: /api/v1/*,
2026-08-11 10:00:00,auth-service,INFO,,Session cleaner worker run completed. Cleaned 0 expired tokens.,
2026-08-11 10:00:00,order-service,INFO,,Heartbeat check: Database is reachable. Active connections: 13.,
2026-08-11 10:00:00,inventory-service,INFO,,Stock sync worker ran successfully. 0 items update required.,
2026-08-11 10:00:00,payment-service,INFO,,Gateway healthcheck: stripe connectivity OK.,
2026-08-11 11:00:00,gateway-service,INFO,,Gateway routing configurations successfully reloaded. Active routes: /api/v1/*,
2026-08-11 11:00:00,auth-service,INFO,,Session cleaner worker run completed. Cleaned 0 expired tokens.,
2026-08-11 11:00:00,order-service,INFO,,Heartbeat check: Database is reachable. Active connections: 13.,
2026-08-11 11:00:00,inventory-service,INFO,,Stock sync worker ran successfully. 0 items update required.,
2026-08-11 11:00:00,payment-service,INFO,,Gateway healthcheck: stripe connectivity OK.,
2026-08-11 12:00:00,gateway-service,INFO,,Gateway routing configurations successfully reloaded. Active routes: /api/v1/*,
2026-08-11 12:00:00,auth-service,INFO,,Session cleaner worker run completed. Cleaned 0 expired tokens.,
2026-08-11 12:00:00,order-service,INFO,,Heartbeat check: Database is reachable. Active connections: 13.,
2026-08-11 12:00:00,inventory-service,INFO,,Stock sync worker ran successfully. 0 items update required.,
2026-08-11 12:00:00,payment-service,INFO,,Gateway healthcheck: stripe connectivity OK.,
2026-08-11 12:35:00,gateway-service,INFO,,"Inbound Request: POST /api/v1/orders/checkout, User: 34486",8cae092bf81702a5
2026-08-11 12:35:00,auth-service,INFO,,Token validation successful for user 34486,8cae092bf81702a5
2026-08-11 12:35:00,order-service,INFO,,Creating order 54547 for user 34486. Checking inventory...,8cae092bf81702a5
2026-08-11 12:35:00,inventory-service,INFO,,Stock check: Item available in warehouse. Reserving stock.,8cae092bf81702a5
2026-08-11 12:35:00,order-service,INFO,,Inventory reservation confirmed. Initiating payment for order 54547...,8cae092bf81702a5
2026-08-11 12:35:00,payment-service,INFO,,Authorizing payment via credit card for amount: $45.99. Order 54547,8cae092bf81702a5
2026-08-11 12:35:00,payment-service,INFO,,Payment transaction successful. AuthCode: stripe_ch_d4e00a7b,8cae092bf81702a5
2026-08-11 12:35:00,order-service,INFO,,Payment successful. Confirming order status to PLACED. Order 54547,8cae092bf81702a5
2026-08-11 12:35:00,gateway-service,INFO,,Inbound Request POST /api/v1/orders/checkout completed with 201 Created. Trace ID: 8cae092bf81702a5,8cae092bf81702a5
2026-08-11 13:00:00,gateway-service,INFO,,Gateway routing configurations successfully reloaded. Active routes: /api/v1/*,
2026-08-11 13:00:00,auth-service,INFO,,Session cleaner worker run completed. Cleaned 0 expired tokens.,
2026-08-11 13:00:00,order-service,INFO,,Heartbeat check: Database is reachable. Active connections: 12.,
2026-08-11 13:00:00,inventory-service,INFO,,Stock sync worker ran successfully. 0 items update required.,
2026-08-11 13:00:00,payment-service,INFO,,Gateway healthcheck: stripe connectivity OK.,
2026-08-11 14:00:00,gateway-service,INFO,,Gateway routing configurations successfully reloaded. Active routes: /api/v1/*,
2026-08-11 14:00:00,auth-service,INFO,,Session cleaner worker run completed. Cleaned 0 expired tokens.,
2026-08-11 14:00:00,order-service,INFO,,Heartbeat check: Database is reachable. Active connections: 12.,
2026-08-11 14:00:00,inventory-service,INFO,,Stock sync worker ran successfully. 0 items update required.,
2026-08-11 14:00:00,payment-service,INFO,,Gateway healthcheck: stripe connectivity OK.,
2026-08-11 15:00:00,gateway-service,INFO,,Gateway routing configurations successfully reloaded. Active routes: /api/v1/*,
2026-08-11 15:00:00,auth-service,INFO,,Session cleaner worker run completed. Cleaned 0 expired tokens.,
2026-08-11 15:00:00,order-service,INFO,,Heartbeat check: Database is reachable. Active connections: 12.,
2026-08-11 15:00:00,inventory-service,INFO,,Stock sync worker ran successfully. 0 items update required.,
2026-08-11 15:00:00,payment-service,INFO,,Gateway healthcheck: stripe connectivity OK.,
2026-08-11 16:00:00,gateway-service,INFO,,Gateway routing configurations successfully reloaded. Active routes: /api/v1/*,
2026-08-11 16:00:00,auth-service,INFO,,Session cleaner worker run completed. Cleaned 0 expired tokens.,
2026-08-11 16:00:00,order-service,INFO,,Heartbeat check: Database is reachable. Active connections: 11.,
2026-08-11 16:00:00,inventory-service,INFO,,Stock sync worker ran successfully. 0 items update required.,
2026-08-11 16:00:00,payment-service,INFO,,Gateway healthcheck: stripe connectivity OK.,
2026-08-11 17:00:00,gateway-service,INFO,,Gateway routing configurations successfully reloaded. Active routes: /api/v1/*,
2026-08-11 17:00:00,auth-service,INFO,,Session cleaner worker run completed. Cleaned 0 expired tokens.,
2026-08-11 17:00:00,order-service,INFO,,Heartbeat check: Database is reachable. Active connections: 11.,
2026-08-11 17:00:00,inventory-service,INFO,,Stock sync worker ran successfully. 0 items update required.,
2026-08-11 17:00:00,payment-service,INFO,,Gateway healthcheck: stripe connectivity OK.,
2026-08-11 18:00:00,gateway-service,INFO,,Gateway routing configurations successfully reloaded. Active routes: /api/v1/*,
2026-08-11 18:00:00,auth-service,INFO,,Session cleaner worker run completed. Cleaned 0 expired tokens.,
2026-08-11 18:00:00,order-service,INFO,,Heartbeat check: Database is reachable. Active connections: 11.,
2026-08-11 18:00:00,inventory-service,INFO,,Stock sync worker ran successfully. 0 items update required.,
2026-08-11 18:00:00,payment-service,INFO,,Gateway healthcheck: stripe connectivity OK.,
2026-08-11 18:55:00,gateway-service,INFO,,"Inbound Request: POST /api/v1/orders/checkout, User: 17586",8f72581858be8141
2026-08-11 18:55:00,auth-service,INFO,,Token validation successful for user 17586,8f72581858be8141
2026-08-11 18:55:00,order-service,INFO,,Creating order 56314 for user 17586. Checking inventory...,8f72581858be8141
2026-08-11 18:55:00,inventory-service,INFO,,Stock check: Item available in warehouse. Reserving stock.,8f72581858be8141
2026-08-11 18:55:00,order-service,INFO,,Inventory reservation confirmed. Initiating payment for order 56314...,8f72581858be8141
2026-08-11 18:55:00,payment-service,INFO,,Authorizing payment via credit card for amount: $45.99. Order 56314,8f72581858be8141
2026-08-11 18:55:00,payment-service,INFO,,Payment transaction successful. AuthCode: stripe_ch_15418549,8f72581858be8141
2026-08-11 18:55:00,order-service,INFO,,Payment successful. Confirming order status to PLACED. Order 56314,8f72581858be8141
2026-08-11 18:55:00,gateway-service,INFO,,Inbound Request POST /api/v1/orders/checkout completed with 201 Created. Trace ID: 8f72581858be8141,8f72581858be8141
2026-08-11 19:00:00,gateway-service,INFO,,Gateway routing configurations successfully reloaded. Active routes: /api/v1/*,
2026-08-11 19:00:00,auth-service,INFO,,Session cleaner worker run completed. Cleaned 0 expired tokens.,
2026-08-11 19:00:00,order-service,INFO,,Heartbeat check: Database is reachable. Active connections: 10.,
2026-08-11 19:00:00,inventory-service,INFO,,Stock sync worker ran successfully. 0 items update required.,
2026-08-11 19:00:00,payment-service,INFO,,Gateway healthcheck: stripe connectivity OK.,
2026-08-11 20:00:00,gateway-service,INFO,,Gateway routing configurations successfully reloaded. Active routes: /api/v1/*,
2026-08-11 20:00:00,auth-service,INFO,,Session cleaner worker run completed. Cleaned 0 expired tokens.,
2026-08-11 20:00:00,order-service,INFO,,Heartbeat check: Database is reachable. Active connections: 10.,
2026-08-11 20:00:00,inventory-service,INFO,,Stock sync worker ran successfully. 0 items update required.,
2026-08-11 20:00:00,payment-service,INFO,,Gateway healthcheck: stripe connectivity OK.,
2026-08-11 20:40:00,gateway-service,INFO,,"Inbound Request: POST /api/v1/orders/checkout, User: 29429",141e1444b938e680
2026-08-11 20:40:00,auth-service,INFO,,Token validation successful for user 29429,141e1444b938e680
2026-08-11 20:40:00,order-service,INFO,,Creating order 51611 for user 29429. Checking inventory...,141e1444b938e680
2026-08-11 20:40:00,inventory-service,INFO,,Stock check: Item available in warehouse. Reserving stock.,141e1444b938e680
2026-08-11 20:40:00,order-service,INFO,,Inventory reservation confirmed. Initiating payment for order 51611...,141e1444b938e680
2026-08-11 20:40:00,payment-service,INFO,,Authorizing payment via credit card for amount: $45.99. Order 51611,141e1444b938e680
2026-08-11 20:40:00,payment-service,INFO,,Payment transaction successful. AuthCode: stripe_ch_91b65ecb,141e1444b938e680
2026-08-11 20:40:00,order-service,INFO,,Payment successful. Confirming order status to PLACED. Order 51611,141e1444b938e680
2026-08-11 20:40:00,gateway-service,INFO,,Inbound Request POST /api/v1/orders/checkout completed with 201 Created. Trace ID: 141e1444b938e680,141e1444b938e680
2026-08-11 21:00:00,gateway-service,INFO,,Gateway routing configurations successfully reloaded. Active routes: /api/v1/*,
2026-08-11 21:00:00,auth-service,INFO,,Session cleaner worker run completed. Cleaned 0 expired tokens.,
2026-08-11 21:00:00,order-service,INFO,,Heartbeat check: Database is reachable. Active connections: 9.,
2026-08-11 21:00:00,inventory-service,INFO,,Stock sync worker ran successfully. 0 items update required.,
2026-08-11 21:00:00,payment-service,INFO,,Gateway healthcheck: stripe connectivity OK.,
2026-08-11 22:00:00,gateway-service,INFO,,Gateway routing configurations successfully reloaded. Active routes: /api/v1/*,
2026-08-11 22:00:00,auth-service,INFO,,Session cleaner worker run completed. Cleaned 0 expired tokens.,
2026-08-11 22:00:00,order-service,INFO,,Heartbeat check: Database is reachable. Active connections: 8.,
2026-08-11 22:00:00,inventory-service,INFO,,Stock sync worker ran successfully. 0 items update required.,
2026-08-11 22:00:00,payment-service,INFO,,Gateway healthcheck: stripe connectivity OK.,
2026-08-11 23:00:00,gateway-service,INFO,,Gateway routing configurations successfully reloaded. Active routes: /api/v1/*,
2026-08-11 23:00:00,auth-service,INFO,,Session cleaner worker run completed. Cleaned 0 expired tokens.,
2026-08-11 23:00:00,order-service,INFO,,Heartbeat check: Database is reachable. Active connections: 5.,
2026-08-11 23:00:00,inventory-service,INFO,,Stock sync worker ran successfully. 0 items update required.,
2026-08-11 23:00:00,payment-service,INFO,,Gateway healthcheck: stripe connectivity OK.,
2026-08-12 00:00:00,gateway-service,INFO,,Gateway routing configurations successfully reloaded. Active routes: /api/v1/*,
2026-08-12 00:00:00,auth-service,INFO,,Session cleaner worker run completed. Cleaned 0 expired tokens.,
2026-08-12 00:00:00,order-service,INFO,,Heartbeat check: Database is reachable. Active connections: 3.,
2026-08-12 00:00:00,inventory-service,INFO,,Stock sync worker ran successfully. 0 items update required.,
2026-08-12 00:00:00,payment-service,INFO,,Gateway healthcheck: stripe connectivity OK.,
2026-08-12 01:00:00,gateway-service,INFO,,Gateway routing configurations successfully reloaded. Active routes: /api/v1/*,
2026-08-12 01:00:00,auth-service,INFO,,Session cleaner worker run completed. Cleaned 0 expired tokens.,
2026-08-12 01:00:00,order-service,INFO,,Heartbeat check: Database is reachable. Active connections: 3.,
2026-08-12 01:00:00,inventory-service,INFO,,Stock sync worker ran successfully. 0 items update required.,
2026-08-12 01:00:00,payment-service,INFO,,Gateway healthcheck: stripe connectivity OK.,
2026-08-12 02:00:00,gateway-service,INFO,,Gateway routing configurations successfully reloaded. Active routes: /api/v1/*,
2026-08-12 02:00:00,auth-service,INFO,,Session cleaner worker run completed. Cleaned 0 expired tokens.,
2026-08-12 02:00:00,order-service,INFO,,Heartbeat check: Database is reachable. Active connections: 3.,
2026-08-12 02:00:00,inventory-service,INFO,,Stock sync worker ran successfully. 0 items update required.,
2026-08-12 02:00:00,payment-service,INFO,,Gateway healthcheck: stripe connectivity OK.,
2026-08-12 03:00:00,gateway-service,INFO,,Gateway routing configurations successfully reloaded. Active routes: /api/v1/*,
2026-08-12 03:00:00,auth-service,INFO,,Session cleaner worker run completed. Cleaned 0 expired tokens.,
2026-08-12 03:00:00,order-service,INFO,,Heartbeat check: Database is reachable. Active connections: 3.,
2026-08-12 03:00:00,inventory-service,INFO,,Stock sync worker ran successfully. 0 items update required.,
2026-08-12 03:00:00,payment-service,INFO,,Gateway healthcheck: stripe connectivity OK.,
2026-08-12 04:00:00,gateway-service,INFO,,Gateway routing configurations successfully reloaded. Active routes: /api/v1/*,
2026-08-12 04:00:00,auth-service,INFO,,Session cleaner worker run completed. Cleaned 0 expired tokens.,
2026-08-12 04:00:00,order-service,INFO,,Heartbeat check: Database is reachable. Active connections: 3.,
2026-08-12 04:00:00,inventory-service,INFO,,Stock sync worker ran successfully. 0 items update required.,
2026-08-12 04:00:00,payment-service,INFO,,Gateway healthcheck: stripe connectivity OK.,
2026-08-12 05:00:00,gateway-service,INFO,,Gateway routing configurations successfully reloaded. Active routes: /api/v1/*,
2026-08-12 05:00:00,auth-service,INFO,,Session cleaner worker run completed. Cleaned 0 expired tokens.,
2026-08-12 05:00:00,order-service,INFO,,Heartbeat check: Database is reachable. Active connections: 4.,
2026-08-12 05:00:00,inventory-service,INFO,,Stock sync worker ran successfully. 0 items update required.,
2026-08-12 05:00:00,payment-service,INFO,,Gateway healthcheck: stripe connectivity OK.,
2026-08-12 06:00:00,gateway-service,INFO,,Gateway routing configurations successfully reloaded. Active routes: /api/v1/*,
2026-08-12 06:00:00,auth-service,INFO,,Session cleaner worker run completed. Cleaned 0 expired tokens.,
2026-08-12 06:00:00,order-service,INFO,,Heartbeat check: Database is reachable. Active connections: 6.,
2026-08-12 06:00:00,inventory-service,INFO,,Stock sync worker ran successfully. 0 items update required.,
2026-08-12 06:00:00,payment-service,INFO,,Gateway healthcheck: stripe connectivity OK.,
2026-08-12 07:00:00,gateway-service,INFO,,Gateway routing configurations successfully reloaded. Active routes: /api/v1/*,
2026-08-12 07:00:00,auth-service,INFO,,Session cleaner worker run completed. Cleaned 0 expired tokens.,
2026-08-12 07:00:00,order-service,INFO,,Heartbeat check: Database is reachable. Active connections: 8.,
2026-08-12 07:00:00,inventory-service,INFO,,Stock sync worker ran successfully. 0 items update required.,
2026-08-12 07:00:00,payment-service,INFO,,Gateway healthcheck: stripe connectivity OK.,
2026-08-12 08:00:00,gateway-service,INFO,,Gateway routing configurations successfully reloaded. Active routes: /api/v1/*,
2026-08-12 08:00:00,auth-service,INFO,,Session cleaner worker run completed. Cleaned 0 expired tokens.,
2026-08-12 08:00:00,order-service,INFO,,Heartbeat check: Database is reachable. Active connections: 10.,
2026-08-12 08:00:00,inventory-service,INFO,,Stock sync worker ran successfully. 0 items update required.,
2026-08-12 08:00:00,payment-service,INFO,,Gateway healthcheck: stripe connectivity OK.,
2026-08-12 09:00:00,gateway-service,INFO,,Gateway routing configurations successfully reloaded. Active routes: /api/v1/*,
2026-08-12 09:00:00,auth-service,INFO,,Session cleaner worker run completed. Cleaned 0 expired tokens.,
2026-08-12 09:00:00,order-service,INFO,,Heartbeat check: Database is reachable. Active connections: 12.,
2026-08-12 09:00:00,inventory-service,INFO,,Stock sync worker ran successfully. 0 items update required.,
2026-08-12 09:00:00,payment-service,INFO,,Gateway healthcheck: stripe connectivity OK.,
2026-08-12 10:00:00,gateway-service,INFO,,Gateway routing configurations successfully reloaded. Active routes: /api/v1/*,
2026-08-12 10:00:00,auth-service,INFO,,Session cleaner worker run completed. Cleaned 0 expired tokens.,
2026-08-12 10:00:00,order-service,INFO,,Heartbeat check: Database is reachable. Active connections: 12.,
2026-08-12 10:00:00,inventory-service,INFO,,Stock sync worker ran successfully. 0 items update required.,
2026-08-12 10:00:00,payment-service,INFO,,Gateway healthcheck: stripe connectivity OK.,
2026-08-12 11:00:00,gateway-service,INFO,,Gateway routing configurations successfully reloaded. Active routes: /api/v1/*,
2026-08-12 11:00:00,auth-service,INFO,,Session cleaner worker run completed. Cleaned 0 expired tokens.,
2026-08-12 11:00:00,order-service,INFO,,Heartbeat check: Database is reachable. Active connections: 13.,
2026-08-12 11:00:00,inventory-service,INFO,,Stock sync worker ran successfully. 0 items update required.,
2026-08-12 11:00:00,payment-service,INFO,,Gateway healthcheck: stripe connectivity OK.,
2026-08-12 12:00:00,gateway-service,INFO,,Gateway routing configurations successfully reloaded. Active routes: /api/v1/*,
2026-08-12 12:00:00,auth-service,INFO,,Session cleaner worker run completed. Cleaned 0 expired tokens.,
2026-08-12 12:00:00,order-service,INFO,,Heartbeat check: Database is reachable. Active connections: 13.,
2026-08-12 12:00:00,inventory-service,INFO,,Stock sync worker ran successfully. 0 items update required.,
2026-08-12 12:00:00,payment-service,INFO,,Gateway healthcheck: stripe connectivity OK.,
2026-08-12 13:00:00,gateway-service,INFO,,Gateway routing configurations successfully reloaded. Active routes: /api/v1/*,
2026-08-12 13:00:00,auth-service,INFO,,Session cleaner worker run completed. Cleaned 0 expired tokens.,
2026-08-12 13:00:00,order-service,INFO,,Heartbeat check: Database is reachable. Active connections: 12.,
2026-08-12 13:00:00,inventory-service,INFO,,Stock sync worker ran successfully. 0 items update required.,
2026-08-12 13:00:00,payment-service,INFO,,Gateway healthcheck: stripe connectivity OK.,
2026-08-12 14:00:00,inventory-service,WARN,,VPC network packet retransmission rate is high on eth0: 14.5% packet loss. Potential routing issue in AWS AZ us-east-1a.,
2026-08-12 14:00:00,order-service,ERROR,ERR-NETWORK-TIMEOUT,gRPC call to inventory-service timed out: DeadlineExceeded. Timeout set to 1500ms. Trace ID: 85f08edcb8fe010d,85f08edcb8fe010d
2026-08-12 14:00:00,gateway-service,ERROR,ERR-GATEWAY-TIMEOUT,Upstream Timeout on POST /api/v1/orders. Trace ID: 85f08edcb8fe010d,85f08edcb8fe010d
2026-08-12 14:00:00,gateway-service,INFO,,Gateway routing configurations successfully reloaded. Active routes: /api/v1/*,
2026-08-12 14:00:00,auth-service,INFO,,Session cleaner worker run completed. Cleaned 0 expired tokens.,
2026-08-12 14:00:00,order-service,INFO,,Heartbeat check: Database is reachable. Active connections: 12.,
2026-08-12 14:00:00,inventory-service,INFO,,Stock sync worker ran successfully. 0 items update required.,
2026-08-12 14:00:00,payment-service,INFO,,Gateway healthcheck: stripe connectivity OK.,
2026-08-12 14:10:00,inventory-service,WARN,,VPC network packet retransmission rate is high on eth0: 14.5% packet loss. Potential routing issue in AWS AZ us-east-1a.,
2026-08-12 14:10:00,order-service,ERROR,ERR-NETWORK-TIMEOUT,gRPC call to inventory-service timed out: DeadlineExceeded. Timeout set to 1500ms. Trace ID: 81f73cfd42f4ae14,81f73cfd42f4ae14
2026-08-12 14:10:00,gateway-service,ERROR,ERR-GATEWAY-TIMEOUT,Upstream Timeout on POST /api/v1/orders. Trace ID: 81f73cfd42f4ae14,81f73cfd42f4ae14
2026-08-12 14:20:00,inventory-service,WARN,,VPC network packet retransmission rate is high on eth0: 14.5% packet loss. Potential routing issue in AWS AZ us-east-1a.,
2026-08-12 14:20:00,order-service,ERROR,ERR-NETWORK-TIMEOUT,gRPC call to inventory-service timed out: DeadlineExceeded. Timeout set to 1500ms. Trace ID: e46b2f21c1a68a34,e46b2f21c1a68a34
2026-08-12 14:20:00,gateway-service,ERROR,ERR-GATEWAY-TIMEOUT,Upstream Timeout on POST /api/v1/orders. Trace ID: e46b2f21c1a68a34,e46b2f21c1a68a34
2026-08-12 14:30:00,inventory-service,WARN,,VPC network packet retransmission rate is high on eth0: 14.5% packet loss. Potential routing issue in AWS AZ us-east-1a.,
2026-08-12 14:30:00,order-service,ERROR,ERR-NETWORK-TIMEOUT,gRPC call to inventory-service timed out: DeadlineExceeded. Timeout set to 1500ms. Trace ID: 4895d23f8f5c0486,4895d23f8f5c0486
2026-08-12 14:30:00,gateway-service,ERROR,ERR-GATEWAY-TIMEOUT,Upstream Timeout on POST /api/v1/orders. Trace ID: 4895d23f8f5c0486,4895d23f8f5c0486
2026-08-12 14:40:00,inventory-service,WARN,,VPC network packet retransmission rate is high on eth0: 14.5% packet loss. Potential routing issue in AWS AZ us-east-1a.,
2026-08-12 14:40:00,order-service,ERROR,ERR-NETWORK-TIMEOUT,gRPC call to inventory-service timed out: DeadlineExceeded. Timeout set to 1500ms. Trace ID: eea122d736297deb,eea122d736297deb
2026-08-12 14:40:00,gateway-service,ERROR,ERR-GATEWAY-TIMEOUT,Upstream Timeout on POST /api/v1/orders. Trace ID: eea122d736297deb,eea122d736297deb
2026-08-12 14:50:00,inventory-service,WARN,,VPC network packet retransmission rate is high on eth0: 14.5% packet loss. Potential routing issue in AWS AZ us-east-1a.,
2026-08-12 14:50:00,order-service,ERROR,ERR-NETWORK-TIMEOUT,gRPC call to inventory-service timed out: DeadlineExceeded. Timeout set to 1500ms. Trace ID: 4405a974e8201702,4405a974e8201702
2026-08-12 14:50:00,gateway-service,ERROR,ERR-GATEWAY-TIMEOUT,Upstream Timeout on POST /api/v1/orders. Trace ID: 4405a974e8201702,4405a974e8201702
2026-08-12 15:00:00,inventory-service,WARN,,VPC network packet retransmission rate is high on eth0: 14.5% packet loss. Potential routing issue in AWS AZ us-east-1a.,
2026-08-12 15:00:00,order-service,ERROR,ERR-NETWORK-TIMEOUT,gRPC call to inventory-service timed out: DeadlineExceeded. Timeout set to 1500ms. Trace ID: c00ad7d6f702f72d,c00ad7d6f702f72d
2026-08-12 15:00:00,gateway-service,ERROR,ERR-GATEWAY-TIMEOUT,Upstream Timeout on POST /api/v1/orders. Trace ID: c00ad7d6f702f72d,c00ad7d6f702f72d
2026-08-12 15:00:00,gateway-service,INFO,,Gateway routing configurations successfully reloaded. Active routes: /api/v1/*,
2026-08-12 15:00:00,auth-service,INFO,,Session cleaner worker run completed. Cleaned 0 expired tokens.,
2026-08-12 15:00:00,order-service,INFO,,Heartbeat check: Database is reachable. Active connections: 12.,
2026-08-12 15:00:00,inventory-service,INFO,,Stock sync worker ran successfully. 0 items update required.,
2026-08-12 15:00:00,payment-service,INFO,,Gateway healthcheck: stripe connectivity OK.,
2026-08-12 15:10:00,inventory-service,WARN,,VPC network packet retransmission rate is high on eth0: 14.5% packet loss. Potential routing issue in AWS AZ us-east-1a.,
2026-08-12 15:10:00,order-service,ERROR,ERR-NETWORK-TIMEOUT,gRPC call to inventory-service timed out: DeadlineExceeded. Timeout set to 1500ms. Trace ID: faa65b67c7d9ed25,faa65b67c7d9ed25
2026-08-12 15:10:00,gateway-service,ERROR,ERR-GATEWAY-TIMEOUT,Upstream Timeout on POST /api/v1/orders. Trace ID: faa65b67c7d9ed25,faa65b67c7d9ed25
2026-08-12 15:20:00,inventory-service,WARN,,VPC network packet retransmission rate is high on eth0: 14.5% packet loss. Potential routing issue in AWS AZ us-east-1a.,
2026-08-12 15:20:00,order-service,ERROR,ERR-NETWORK-TIMEOUT,gRPC call to inventory-service timed out: DeadlineExceeded. Timeout set to 1500ms. Trace ID: 71f207d78f7a932c,71f207d78f7a932c
2026-08-12 15:20:00,gateway-service,ERROR,ERR-GATEWAY-TIMEOUT,Upstream Timeout on POST /api/v1/orders. Trace ID: 71f207d78f7a932c,71f207d78f7a932c
2026-08-12 15:30:00,inventory-service,WARN,,VPC network packet retransmission rate is high on eth0: 14.5% packet loss. Potential routing issue in AWS AZ us-east-1a.,
2026-08-12 15:30:00,order-service,ERROR,ERR-NETWORK-TIMEOUT,gRPC call to inventory-service timed out: DeadlineExceeded. Timeout set to 1500ms. Trace ID: 870f47b9d0680222,870f47b9d0680222
2026-08-12 15:30:00,gateway-service,ERROR,ERR-GATEWAY-TIMEOUT,Upstream Timeout on POST /api/v1/orders. Trace ID: 870f47b9d0680222,870f47b9d0680222
2026-08-12 15:40:00,inventory-service,WARN,,VPC network packet retransmission rate is high on eth0: 14.5% packet loss. Potential routing issue in AWS AZ us-east-1a.,
2026-08-12 15:40:00,order-service,ERROR,ERR-NETWORK-TIMEOUT,gRPC call to inventory-service timed out: DeadlineExceeded. Timeout set to 1500ms. Trace ID: d17936f75a0517e2,d17936f75a0517e2
2026-08-12 15:40:00,gateway-service,ERROR,ERR-GATEWAY-TIMEOUT,Upstream Timeout on POST /api/v1/orders. Trace ID: d17936f75a0517e2,d17936f75a0517e2
2026-08-12 15:50:00,inventory-service,WARN,,VPC network packet retransmission rate is high on eth0: 14.5% packet loss. Potential routing issue in AWS AZ us-east-1a.,
2026-08-12 15:50:00,order-service,ERROR,ERR-NETWORK-TIMEOUT,gRPC call to inventory-service timed out: DeadlineExceeded. Timeout set to 1500ms. Trace ID: 8c5f2ad1e0b5452b,8c5f2ad1e0b5452b
2026-08-12 15:50:00,gateway-service,ERROR,ERR-GATEWAY-TIMEOUT,Upstream Timeout on POST /api/v1/orders. Trace ID: 8c5f2ad1e0b5452b,8c5f2ad1e0b5452b
2026-08-12 16:00:00,gateway-service,INFO,,Gateway routing configurations successfully reloaded. Active routes: /api/v1/*,
2026-08-12 16:00:00,auth-service,INFO,,Session cleaner worker run completed. Cleaned 0 expired tokens.,
2026-08-12 16:00:00,order-service,INFO,,Heartbeat check: Database is reachable. Active connections: 11.,
2026-08-12 16:00:00,inventory-service,INFO,,Stock sync worker ran successfully. 0 items update required.,
2026-08-12 16:00:00,payment-service,INFO,,Gateway healthcheck: stripe connectivity OK.,
2026-08-12 17:00:00,gateway-service,INFO,,Gateway routing configurations successfully reloaded. Active routes: /api/v1/*,
2026-08-12 17:00:00,auth-service,INFO,,Session cleaner worker run completed. Cleaned 0 expired tokens.,
2026-08-12 17:00:00,order-service,INFO,,Heartbeat check: Database is reachable. Active connections: 11.,
2026-08-12 17:00:00,inventory-service,INFO,,Stock sync worker ran successfully. 0 items update required.,
2026-08-12 17:00:00,payment-service,INFO,,Gateway healthcheck: stripe connectivity OK.,
2026-08-12 18:00:00,gateway-service,INFO,,Gateway routing configurations successfully reloaded. Active routes: /api/v1/*,
2026-08-12 18:00:00,auth-service,INFO,,Session cleaner worker run completed. Cleaned 0 expired tokens.,
2026-08-12 18:00:00,order-service,INFO,,Heartbeat check: Database is reachable. Active connections: 11.,
2026-08-12 18:00:00,inventory-service,INFO,,Stock sync worker ran successfully. 0 items update required.,
2026-08-12 18:00:00,payment-service,INFO,,Gateway healthcheck: stripe connectivity OK.,
2026-08-12 19:00:00,gateway-service,INFO,,Gateway routing configurations successfully reloaded. Active routes: /api/v1/*,
2026-08-12 19:00:00,auth-service,INFO,,Session cleaner worker run completed. Cleaned 0 expired tokens.,
2026-08-12 19:00:00,order-service,INFO,,Heartbeat check: Database is reachable. Active connections: 10.,
2026-08-12 19:00:00,inventory-service,INFO,,Stock sync worker ran successfully. 0 items update required.,
2026-08-12 19:00:00,payment-service,INFO,,Gateway healthcheck: stripe connectivity OK.,
2026-08-12 20:00:00,gateway-service,INFO,,Gateway routing configurations successfully reloaded. Active routes: /api/v1/*,
2026-08-12 20:00:00,auth-service,INFO,,Session cleaner worker run completed. Cleaned 0 expired tokens.,
2026-08-12 20:00:00,order-service,INFO,,Heartbeat check: Database is reachable. Active connections: 10.,
2026-08-12 20:00:00,inventory-service,INFO,,Stock sync worker ran successfully. 0 items update required.,
2026-08-12 20:00:00,payment-service,INFO,,Gateway healthcheck: stripe connectivity OK.,
2026-08-12 21:00:00,gateway-service,INFO,,Gateway routing configurations successfully reloaded. Active routes: /api/v1/*,
2026-08-12 21:00:00,auth-service,INFO,,Session cleaner worker run completed. Cleaned 0 expired tokens.,
2026-08-12 21:00:00,order-service,INFO,,Heartbeat check: Database is reachable. Active connections: 9.,
2026-08-12 21:00:00,inventory-service,INFO,,Stock sync worker ran successfully. 0 items update required.,
2026-08-12 21:00:00,payment-service,INFO,,Gateway healthcheck: stripe connectivity OK.,
2026-08-12 22:00:00,gateway-service,INFO,,Gateway routing configurations successfully reloaded. Active routes: /api/v1/*,
2026-08-12 22:00:00,auth-service,INFO,,Session cleaner worker run completed. Cleaned 0 expired tokens.,
2026-08-12 22:00:00,order-service,INFO,,Heartbeat check: Database is reachable. Active connections: 8.,
2026-08-12 22:00:00,inventory-service,INFO,,Stock sync worker ran successfully. 0 items update required.,
2026-08-12 22:00:00,payment-service,INFO,,Gateway healthcheck: stripe connectivity OK.,
2026-08-12 23:00:00,gateway-service,INFO,,Gateway routing configurations successfully reloaded. Active routes: /api/v1/*,
2026-08-12 23:00:00,auth-service,INFO,,Session cleaner worker run completed. Cleaned 0 expired tokens.,
2026-08-12 23:00:00,order-service,INFO,,Heartbeat check: Database is reachable. Active connections: 6.,
2026-08-12 23:00:00,inventory-service,INFO,,Stock sync worker ran successfully. 0 items update required.,
2026-08-12 23:00:00,payment-service,INFO,,Gateway healthcheck: stripe connectivity OK.,
2026-08-13 00:00:00,gateway-service,INFO,,Gateway routing configurations successfully reloaded. Active routes: /api/v1/*,
2026-08-13 00:00:00,auth-service,INFO,,Session cleaner worker run completed. Cleaned 0 expired tokens.,
2026-08-13 00:00:00,order-service,INFO,,Heartbeat check: Database is reachable. Active connections: 3.,
2026-08-13 00:00:00,inventory-service,INFO,,Stock sync worker ran successfully. 0 items update required.,
2026-08-13 00:00:00,payment-service,INFO,,Gateway healthcheck: stripe connectivity OK.,
2026-08-13 01:00:00,gateway-service,INFO,,Gateway routing configurations successfully reloaded. Active routes: /api/v1/*,
2026-08-13 01:00:00,auth-service,INFO,,Session cleaner worker run completed. Cleaned 0 expired tokens.,
2026-08-13 01:00:00,order-service,INFO,,Heartbeat check: Database is reachable. Active connections: 3.,
2026-08-13 01:00:00,inventory-service,INFO,,Stock sync worker ran successfully. 0 items update required.,
2026-08-13 01:00:00,payment-service,INFO,,Gateway healthcheck: stripe connectivity OK.,
2026-08-13 02:00:00,gateway-service,INFO,,Gateway routing configurations successfully reloaded. Active routes: /api/v1/*,
2026-08-13 02:00:00,auth-service,INFO,,Session cleaner worker run completed. Cleaned 0 expired tokens.,
2026-08-13 02:00:00,order-service,INFO,,Heartbeat check: Database is reachable. Active connections: 3.,
2026-08-13 02:00:00,inventory-service,INFO,,Stock sync worker ran successfully. 0 items update required.,
2026-08-13 02:00:00,payment-service,INFO,,Gateway healthcheck: stripe connectivity OK.,
2026-08-13 03:00:00,gateway-service,INFO,,Gateway routing configurations successfully reloaded. Active routes: /api/v1/*,
2026-08-13 03:00:00,auth-service,INFO,,Session cleaner worker run completed. Cleaned 0 expired tokens.,
2026-08-13 03:00:00,order-service,INFO,,Heartbeat check: Database is reachable. Active connections: 3.,
2026-08-13 03:00:00,inventory-service,INFO,,Stock sync worker ran successfully. 0 items update required.,
2026-08-13 03:00:00,payment-service,INFO,,Gateway healthcheck: stripe connectivity OK.,
2026-08-13 04:00:00,gateway-service,INFO,,Gateway routing configurations successfully reloaded. Active routes: /api/v1/*,
2026-08-13 04:00:00,auth-service,INFO,,Session cleaner worker run completed. Cleaned 0 expired tokens.,
2026-08-13 04:00:00,order-service,INFO,,Heartbeat check: Database is reachable. Active connections: 3.,
2026-08-13 04:00:00,inventory-service,INFO,,Stock sync worker ran successfully. 0 items update required.,
2026-08-13 04:00:00,payment-service,INFO,,Gateway healthcheck: stripe connectivity OK.,
2026-08-13 05:00:00,gateway-service,INFO,,Gateway routing configurations successfully reloaded. Active routes: /api/v1/*,
2026-08-13 05:00:00,auth-service,INFO,,Session cleaner worker run completed. Cleaned 0 expired tokens.,
2026-08-13 05:00:00,order-service,INFO,,Heartbeat check: Database is reachable. Active connections: 4.,
2026-08-13 05:00:00,inventory-service,INFO,,Stock sync worker ran successfully. 0 items update required.,
2026-08-13 05:00:00,payment-service,INFO,,Gateway healthcheck: stripe connectivity OK.,
2026-08-13 06:00:00,gateway-service,INFO,,Gateway routing configurations successfully reloaded. Active routes: /api/v1/*,
2026-08-13 06:00:00,auth-service,INFO,,Session cleaner worker run completed. Cleaned 0 expired tokens.,
2026-08-13 06:00:00,order-service,INFO,,Heartbeat check: Database is reachable. Active connections: 6.,
2026-08-13 06:00:00,inventory-service,INFO,,Stock sync worker ran successfully. 0 items update required.,
2026-08-13 06:00:00,payment-service,INFO,,Gateway healthcheck: stripe connectivity OK.,
2026-08-13 07:00:00,gateway-service,INFO,,Gateway routing configurations successfully reloaded. Active routes: /api/v1/*,
2026-08-13 07:00:00,auth-service,INFO,,Session cleaner worker run completed. Cleaned 0 expired tokens.,
2026-08-13 07:00:00,order-service,INFO,,Heartbeat check: Database is reachable. Active connections: 8.,
2026-08-13 07:00:00,inventory-service,INFO,,Stock sync worker ran successfully. 0 items update required.,
2026-08-13 07:00:00,payment-service,INFO,,Gateway healthcheck: stripe connectivity OK.,
2026-08-13 08:00:00,gateway-service,INFO,,Gateway routing configurations successfully reloaded. Active routes: /api/v1/*,
2026-08-13 08:00:00,auth-service,INFO,,Session cleaner worker run completed. Cleaned 0 expired tokens.,
2026-08-13 08:00:00,order-service,INFO,,Heartbeat check: Database is reachable. Active connections: 9.,
2026-08-13 08:00:00,inventory-service,INFO,,Stock sync worker ran successfully. 0 items update required.,
2026-08-13 08:00:00,payment-service,INFO,,Gateway healthcheck: stripe connectivity OK.,
2026-08-13 09:00:00,gateway-service,INFO,,Gateway routing configurations successfully reloaded. Active routes: /api/v1/*,
2026-08-13 09:00:00,auth-service,INFO,,Session cleaner worker run completed. Cleaned 0 expired tokens.,
2026-08-13 09:00:00,order-service,INFO,,Heartbeat check: Database is reachable. Active connections: 12.,
2026-08-13 09:00:00,inventory-service,INFO,,Stock sync worker ran successfully. 0 items update required.,
2026-08-13 09:00:00,payment-service,INFO,,Gateway healthcheck: stripe connectivity OK.,
2026-08-13 10:00:00,gateway-service,INFO,,Gateway routing configurations successfully reloaded. Active routes: /api/v1/*,
2026-08-13 10:00:00,auth-service,INFO,,Session cleaner worker run completed. Cleaned 0 expired tokens.,
2026-08-13 10:00:00,order-service,INFO,,Heartbeat check: Database is reachable. Active connections: 12.,
2026-08-13 10:00:00,inventory-service,INFO,,Stock sync worker ran successfully. 0 items update required.,
2026-08-13 10:00:00,payment-service,INFO,,Gateway healthcheck: stripe connectivity OK.,
2026-08-13 11:00:00,gateway-service,INFO,,Gateway routing configurations successfully reloaded. Active routes: /api/v1/*,
2026-08-13 11:00:00,auth-service,INFO,,Session cleaner worker run completed. Cleaned 0 expired tokens.,
2026-08-13 11:00:00,order-service,INFO,,Heartbeat check: Database is reachable. Active connections: 13.,
2026-08-13 11:00:00,inventory-service,INFO,,Stock sync worker ran successfully. 0 items update required.,
2026-08-13 11:00:00,payment-service,INFO,,Gateway healthcheck: stripe connectivity OK.,
2026-08-13 12:00:00,gateway-service,INFO,,Gateway routing configurations successfully reloaded. Active routes: /api/v1/*,
2026-08-13 12:00:00,auth-service,INFO,,Session cleaner worker run completed. Cleaned 0 expired tokens.,
2026-08-13 12:00:00,order-service,INFO,,Heartbeat check: Database is reachable. Active connections: 12.,
2026-08-13 12:00:00,inventory-service,INFO,,Stock sync worker ran successfully. 0 items update required.,
2026-08-13 12:00:00,payment-service,INFO,,Gateway healthcheck: stripe connectivity OK.,
2026-08-13 13:00:00,gateway-service,INFO,,Gateway routing configurations successfully reloaded. Active routes: /api/v1/*,
2026-08-13 13:00:00,auth-service,INFO,,Session cleaner worker run completed. Cleaned 0 expired tokens.,
2026-08-13 13:00:00,order-service,INFO,,Heartbeat check: Database is reachable. Active connections: 12.,
2026-08-13 13:00:00,inventory-service,INFO,,Stock sync worker ran successfully. 0 items update required.,
2026-08-13 13:00:00,payment-service,INFO,,Gateway healthcheck: stripe connectivity OK.,
2026-08-13 13:20:00,gateway-service,INFO,,"Inbound Request: POST /api/v1/orders/checkout, User: 51259",7fc8c13520e17170
2026-08-13 13:20:00,auth-service,INFO,,Token validation successful for user 51259,7fc8c13520e17170
2026-08-13 13:20:00,order-service,INFO,,Creating order 57593 for user 51259. Checking inventory...,7fc8c13520e17170
2026-08-13 13:20:00,inventory-service,INFO,,Stock check: Item available in warehouse. Reserving stock.,7fc8c13520e17170
2026-08-13 13:20:00,order-service,INFO,,Inventory reservation confirmed. Initiating payment for order 57593...,7fc8c13520e17170
2026-08-13 13:20:00,payment-service,INFO,,Authorizing payment via credit card for amount: $45.99. Order 57593,7fc8c13520e17170
2026-08-13 13:20:00,payment-service,INFO,,Payment transaction successful. AuthCode: stripe_ch_728b220c,7fc8c13520e17170
2026-08-13 13:20:00,order-service,INFO,,Payment successful. Confirming order status to PLACED. Order 57593,7fc8c13520e17170
2026-08-13 13:20:00,gateway-service,INFO,,Inbound Request POST /api/v1/orders/checkout completed with 201 Created. Trace ID: 7fc8c13520e17170,7fc8c13520e17170
2026-08-13 14:00:00,gateway-service,INFO,,Gateway routing configurations successfully reloaded. Active routes: /api/v1/*,
2026-08-13 14:00:00,auth-service,INFO,,Session cleaner worker run completed. Cleaned 0 expired tokens.,
2026-08-13 14:00:00,order-service,INFO,,Heartbeat check: Database is reachable. Active connections: 12.,
2026-08-13 14:00:00,inventory-service,INFO,,Stock sync worker ran successfully. 0 items update required.,
2026-08-13 14:00:00,payment-service,INFO,,Gateway healthcheck: stripe connectivity OK.,
2026-08-13 15:00:00,gateway-service,INFO,,Gateway routing configurations successfully reloaded. Active routes: /api/v1/*,
2026-08-13 15:00:00,auth-service,INFO,,Session cleaner worker run completed. Cleaned 0 expired tokens.,
2026-08-13 15:00:00,order-service,INFO,,Heartbeat check: Database is reachable. Active connections: 12.,
2026-08-13 15:00:00,inventory-service,INFO,,Stock sync worker ran successfully. 0 items update required.,
2026-08-13 15:00:00,payment-service,INFO,,Gateway healthcheck: stripe connectivity OK.,
2026-08-13 16:00:00,gateway-service,INFO,,Gateway routing configurations successfully reloaded. Active routes: /api/v1/*,
2026-08-13 16:00:00,auth-service,INFO,,Session cleaner worker run completed. Cleaned 0 expired tokens.,
2026-08-13 16:00:00,order-service,INFO,,Heartbeat check: Database is reachable. Active connections: 11.,
2026-08-13 16:00:00,inventory-service,INFO,,Stock sync worker ran successfully. 0 items update required.,
2026-08-13 16:00:00,payment-service,INFO,,Gateway healthcheck: stripe connectivity OK.,
2026-08-13 17:00:00,gateway-service,INFO,,Gateway routing configurations successfully reloaded. Active routes: /api/v1/*,
2026-08-13 17:00:00,auth-service,INFO,,Session cleaner worker run completed. Cleaned 0 expired tokens.,
2026-08-13 17:00:00,order-service,INFO,,Heartbeat check: Database is reachable. Active connections: 11.,
2026-08-13 17:00:00,inventory-service,INFO,,Stock sync worker ran successfully. 0 items update required.,
2026-08-13 17:00:00,payment-service,INFO,,Gateway healthcheck: stripe connectivity OK.,
2026-08-13 18:00:00,gateway-service,INFO,,Gateway routing configurations successfully reloaded. Active routes: /api/v1/*,
2026-08-13 18:00:00,auth-service,INFO,,Session cleaner worker run completed. Cleaned 0 expired tokens.,
2026-08-13 18:00:00,order-service,INFO,,Heartbeat check: Database is reachable. Active connections: 11.,
2026-08-13 18:00:00,inventory-service,INFO,,Stock sync worker ran successfully. 0 items update required.,
2026-08-13 18:00:00,payment-service,INFO,,Gateway healthcheck: stripe connectivity OK.,
2026-08-13 18:25:00,gateway-service,INFO,,"Inbound Request: POST /api/v1/orders/checkout, User: 80999",2aafb2ce5b32b83d
2026-08-13 18:25:00,auth-service,INFO,,Token validation successful for user 80999,2aafb2ce5b32b83d
2026-08-13 18:25:00,order-service,INFO,,Creating order 57474 for user 80999. Checking inventory...,2aafb2ce5b32b83d
2026-08-13 18:25:00,inventory-service,INFO,,Stock check: Item available in warehouse. Reserving stock.,2aafb2ce5b32b83d
2026-08-13 18:25:00,order-service,INFO,,Inventory reservation confirmed. Initiating payment for order 57474...,2aafb2ce5b32b83d
2026-08-13 18:25:00,payment-service,INFO,,Authorizing payment via credit card for amount: $45.99. Order 57474,2aafb2ce5b32b83d
2026-08-13 18:25:00,payment-service,INFO,,Payment transaction successful. AuthCode: stripe_ch_61fb50e5,2aafb2ce5b32b83d
2026-08-13 18:25:00,order-service,INFO,,Payment successful. Confirming order status to PLACED. Order 57474,2aafb2ce5b32b83d
2026-08-13 18:25:00,gateway-service,INFO,,Inbound Request POST /api/v1/orders/checkout completed with 201 Created. Trace ID: 2aafb2ce5b32b83d,2aafb2ce5b32b83d
2026-08-13 19:00:00,gateway-service,INFO,,Gateway routing configurations successfully reloaded. Active routes: /api/v1/*,
2026-08-13 19:00:00,auth-service,INFO,,Session cleaner worker run completed. Cleaned 0 expired tokens.,
2026-08-13 19:00:00,order-service,INFO,,Heartbeat check: Database is reachable. Active connections: 11.,
2026-08-13 19:00:00,inventory-service,INFO,,Stock sync worker ran successfully. 0 items update required.,
2026-08-13 19:00:00,payment-service,INFO,,Gateway healthcheck: stripe connectivity OK.,
2026-08-13 19:35:00,gateway-service,INFO,,"Inbound Request: POST /api/v1/orders/checkout, User: 96640",65c8639d91f31db7
2026-08-13 19:35:00,auth-service,INFO,,Token validation successful for user 96640,65c8639d91f31db7
2026-08-13 19:35:00,order-service,INFO,,Creating order 56967 for user 96640. Checking inventory...,65c8639d91f31db7
2026-08-13 19:35:00,inventory-service,INFO,,Stock check: Item available in warehouse. Reserving stock.,65c8639d91f31db7
2026-08-13 19:35:00,order-service,INFO,,Inventory reservation confirmed. Initiating payment for order 56967...,65c8639d91f31db7
2026-08-13 19:35:00,payment-service,INFO,,Authorizing payment via credit card for amount: $45.99. Order 56967,65c8639d91f31db7
2026-08-13 19:35:00,payment-service,INFO,,Payment transaction successful. AuthCode: stripe_ch_5f6c55df,65c8639d91f31db7
2026-08-13 19:35:00,order-service,INFO,,Payment successful. Confirming order status to PLACED. Order 56967,65c8639d91f31db7
2026-08-13 19:35:00,gateway-service,INFO,,Inbound Request POST /api/v1/orders/checkout completed with 201 Created. Trace ID: 65c8639d91f31db7,65c8639d91f31db7
2026-08-13 20:00:00,gateway-service,INFO,,Gateway routing configurations successfully reloaded. Active routes: /api/v1/*,
2026-08-13 20:00:00,auth-service,INFO,,Session cleaner worker run completed. Cleaned 0 expired tokens.,
2026-08-13 20:00:00,order-service,INFO,,Heartbeat check: Database is reachable. Active connections: 10.,
2026-08-13 20:00:00,inventory-service,INFO,,Stock sync worker ran successfully. 0 items update required.,
2026-08-13 20:00:00,payment-service,INFO,,Gateway healthcheck: stripe connectivity OK.,
2026-08-13 21:00:00,gateway-service,INFO,,Gateway routing configurations successfully reloaded. Active routes: /api/v1/*,
2026-08-13 21:00:00,auth-service,INFO,,Session cleaner worker run completed. Cleaned 0 expired tokens.,
2026-08-13 21:00:00,order-service,INFO,,Heartbeat check: Database is reachable. Active connections: 9.,
2026-08-13 21:00:00,inventory-service,INFO,,Stock sync worker ran successfully. 0 items update required.,
2026-08-13 21:00:00,payment-service,INFO,,Gateway healthcheck: stripe connectivity OK.,
2026-08-13 22:00:00,gateway-service,INFO,,Gateway routing configurations successfully reloaded. Active routes: /api/v1/*,
2026-08-13 22:00:00,auth-service,INFO,,Session cleaner worker run completed. Cleaned 0 expired tokens.,
2026-08-13 22:00:00,order-service,INFO,,Heartbeat check: Database is reachable. Active connections: 7.,
2026-08-13 22:00:00,inventory-service,INFO,,Stock sync worker ran successfully. 0 items update required.,
2026-08-13 22:00:00,payment-service,INFO,,Gateway healthcheck: stripe connectivity OK.,
2026-08-13 23:00:00,gateway-service,INFO,,Gateway routing configurations successfully reloaded. Active routes: /api/v1/*,
2026-08-13 23:00:00,auth-service,INFO,,Session cleaner worker run completed. Cleaned 0 expired tokens.,
2026-08-13 23:00:00,order-service,INFO,,Heartbeat check: Database is reachable. Active connections: 5.,
2026-08-13 23:00:00,inventory-service,INFO,,Stock sync worker ran successfully. 0 items update required.,
2026-08-13 23:00:00,payment-service,INFO,,Gateway healthcheck: stripe connectivity OK.,
2026-08-14 00:00:00,gateway-service,INFO,,Gateway routing configurations successfully reloaded. Active routes: /api/v1/*,
2026-08-14 00:00:00,auth-service,INFO,,Session cleaner worker run completed. Cleaned 0 expired tokens.,
2026-08-14 00:00:00,order-service,INFO,,Heartbeat check: Database is reachable. Active connections: 4.,
2026-08-14 00:00:00,inventory-service,INFO,,Stock sync worker ran successfully. 0 items update required.,
2026-08-14 00:00:00,payment-service,INFO,,Gateway healthcheck: stripe connectivity OK.,
2026-08-14 01:00:00,gateway-service,INFO,,Gateway routing configurations successfully reloaded. Active routes: /api/v1/*,
2026-08-14 01:00:00,auth-service,INFO,,Session cleaner worker run completed. Cleaned 0 expired tokens.,
2026-08-14 01:00:00,order-service,INFO,,Heartbeat check: Database is reachable. Active connections: 3.,
2026-08-14 01:00:00,inventory-service,INFO,,Stock sync worker ran successfully. 0 items update required.,
2026-08-14 01:00:00,payment-service,INFO,,Gateway healthcheck: stripe connectivity OK.,
2026-08-14 02:00:00,gateway-service,INFO,,Gateway routing configurations successfully reloaded. Active routes: /api/v1/*,
2026-08-14 02:00:00,auth-service,INFO,,Session cleaner worker run completed. Cleaned 0 expired tokens.,
2026-08-14 02:00:00,order-service,INFO,,Heartbeat check: Database is reachable. Active connections: 3.,
2026-08-14 02:00:00,inventory-service,INFO,,Stock sync worker ran successfully. 0 items update required.,
2026-08-14 02:00:00,payment-service,INFO,,Gateway healthcheck: stripe connectivity OK.,
2026-08-14 03:00:00,gateway-service,INFO,,Gateway routing configurations successfully reloaded. Active routes: /api/v1/*,
2026-08-14 03:00:00,auth-service,INFO,,Session cleaner worker run completed. Cleaned 0 expired tokens.,
2026-08-14 03:00:00,order-service,INFO,,Heartbeat check: Database is reachable. Active connections: 3.,
2026-08-14 03:00:00,inventory-service,INFO,,Stock sync worker ran successfully. 0 items update required.,
2026-08-14 03:00:00,payment-service,INFO,,Gateway healthcheck: stripe connectivity OK.,
2026-08-14 04:00:00,gateway-service,INFO,,Gateway routing configurations successfully reloaded. Active routes: /api/v1/*,
2026-08-14 04:00:00,auth-service,INFO,,Session cleaner worker run completed. Cleaned 0 expired tokens.,
2026-08-14 04:00:00,order-service,INFO,,Heartbeat check: Database is reachable. Active connections: 3.,
2026-08-14 04:00:00,inventory-service,INFO,,Stock sync worker ran successfully. 0 items update required.,
2026-08-14 04:00:00,payment-service,INFO,,Gateway healthcheck: stripe connectivity OK.,
2026-08-14 05:00:00,gateway-service,INFO,,Gateway routing configurations successfully reloaded. Active routes: /api/v1/*,
2026-08-14 05:00:00,auth-service,INFO,,Session cleaner worker run completed. Cleaned 0 expired tokens.,
2026-08-14 05:00:00,order-service,INFO,,Heartbeat check: Database is reachable. Active connections: 3.,
2026-08-14 05:00:00,inventory-service,INFO,,Stock sync worker ran successfully. 0 items update required.,
2026-08-14 05:00:00,payment-service,INFO,,Gateway healthcheck: stripe connectivity OK.,
2026-08-14 06:00:00,gateway-service,INFO,,Gateway routing configurations successfully reloaded. Active routes: /api/v1/*,
2026-08-14 06:00:00,auth-service,INFO,,Session cleaner worker run completed. Cleaned 0 expired tokens.,
2026-08-14 06:00:00,order-service,INFO,,Heartbeat check: Database is reachable. Active connections: 5.,
2026-08-14 06:00:00,inventory-service,INFO,,Stock sync worker ran successfully. 0 items update required.,
2026-08-14 06:00:00,payment-service,INFO,,Gateway healthcheck: stripe connectivity OK.,
2026-08-14 07:00:00,gateway-service,INFO,,Gateway routing configurations successfully reloaded. Active routes: /api/v1/*,
2026-08-14 07:00:00,auth-service,INFO,,Session cleaner worker run completed. Cleaned 0 expired tokens.,
2026-08-14 07:00:00,order-service,INFO,,Heartbeat check: Database is reachable. Active connections: 8.,
2026-08-14 07:00:00,inventory-service,INFO,,Stock sync worker ran successfully. 0 items update required.,
2026-08-14 07:00:00,payment-service,INFO,,Gateway healthcheck: stripe connectivity OK.,
2026-08-14 08:00:00,gateway-service,INFO,,Gateway routing configurations successfully reloaded. Active routes: /api/v1/*,
2026-08-14 08:00:00,auth-service,INFO,,Session cleaner worker run completed. Cleaned 0 expired tokens.,
2026-08-14 08:00:00,order-service,INFO,,Heartbeat check: Database is reachable. Active connections: 10.,
2026-08-14 08:00:00,inventory-service,INFO,,Stock sync worker ran successfully. 0 items update required.,
2026-08-14 08:00:00,payment-service,INFO,,Gateway healthcheck: stripe connectivity OK.,
2026-08-14 09:00:00,gateway-service,INFO,,Gateway routing configurations successfully reloaded. Active routes: /api/v1/*,
2026-08-14 09:00:00,auth-service,INFO,,Session cleaner worker run completed. Cleaned 0 expired tokens.,
2026-08-14 09:00:00,order-service,INFO,,Heartbeat check: Database is reachable. Active connections: 12.,
2026-08-14 09:00:00,inventory-service,INFO,,Stock sync worker ran successfully. 0 items update required.,
2026-08-14 09:00:00,payment-service,INFO,,Gateway healthcheck: stripe connectivity OK.,
2026-08-14 10:00:00,gateway-service,INFO,,Gateway routing configurations successfully reloaded. Active routes: /api/v1/*,
2026-08-14 10:00:00,auth-service,INFO,,Session cleaner worker run completed. Cleaned 0 expired tokens.,
2026-08-14 10:00:00,order-service,INFO,,Heartbeat check: Database is reachable. Active connections: 13.,
2026-08-14 10:00:00,inventory-service,INFO,,Stock sync worker ran successfully. 0 items update required.,
2026-08-14 10:00:00,payment-service,INFO,,Gateway healthcheck: stripe connectivity OK.,
2026-08-14 11:00:00,gateway-service,INFO,,Gateway routing configurations successfully reloaded. Active routes: /api/v1/*,
2026-08-14 11:00:00,auth-service,INFO,,Session cleaner worker run completed. Cleaned 0 expired tokens.,
2026-08-14 11:00:00,order-service,INFO,,Heartbeat check: Database is reachable. Active connections: 13.,
2026-08-14 11:00:00,inventory-service,INFO,,Stock sync worker ran successfully. 0 items update required.,
2026-08-14 11:00:00,payment-service,INFO,,Gateway healthcheck: stripe connectivity OK.,
2026-08-14 12:00:00,gateway-service,INFO,,Gateway routing configurations successfully reloaded. Active routes: /api/v1/*,
2026-08-14 12:00:00,auth-service,INFO,,Session cleaner worker run completed. Cleaned 0 expired tokens.,
2026-08-14 12:00:00,order-service,INFO,,Heartbeat check: Database is reachable. Active connections: 13.,
2026-08-14 12:00:00,inventory-service,INFO,,Stock sync worker ran successfully. 0 items update required.,
2026-08-14 12:00:00,payment-service,INFO,,Gateway healthcheck: stripe connectivity OK.,
2026-08-14 13:00:00,gateway-service,INFO,,Gateway routing configurations successfully reloaded. Active routes: /api/v1/*,
2026-08-14 13:00:00,auth-service,INFO,,Session cleaner worker run completed. Cleaned 0 expired tokens.,
2026-08-14 13:00:00,order-service,INFO,,Heartbeat check: Database is reachable. Active connections: 12.,
2026-08-14 13:00:00,inventory-service,INFO,,Stock sync worker ran successfully. 0 items update required.,
2026-08-14 13:00:00,payment-service,INFO,,Gateway healthcheck: stripe connectivity OK.,
2026-08-14 14:00:00,gateway-service,INFO,,Gateway routing configurations successfully reloaded. Active routes: /api/v1/*,
2026-08-14 14:00:00,auth-service,INFO,,Session cleaner worker run completed. Cleaned 0 expired tokens.,
2026-08-14 14:00:00,order-service,INFO,,Heartbeat check: Database is reachable. Active connections: 11.,
2026-08-14 14:00:00,inventory-service,INFO,,Stock sync worker ran successfully. 0 items update required.,
2026-08-14 14:00:00,payment-service,INFO,,Gateway healthcheck: stripe connectivity OK.,
2026-08-14 15:00:00,gateway-service,INFO,,Gateway routing configurations successfully reloaded. Active routes: /api/v1/*,
2026-08-14 15:00:00,auth-service,INFO,,Session cleaner worker run completed. Cleaned 0 expired tokens.,
2026-08-14 15:00:00,order-service,INFO,,Heartbeat check: Database is reachable. Active connections: 12.,
2026-08-14 15:00:00,inventory-service,INFO,,Stock sync worker ran successfully. 0 items update required.,
2026-08-14 15:00:00,payment-service,INFO,,Gateway healthcheck: stripe connectivity OK.,
2026-08-14 16:00:00,gateway-service,INFO,,Gateway routing configurations successfully reloaded. Active routes: /api/v1/*,
2026-08-14 16:00:00,auth-service,INFO,,Session cleaner worker run completed. Cleaned 0 expired tokens.,
2026-08-14 16:00:00,order-service,INFO,,Heartbeat check: Database is reachable. Active connections: 11.,
2026-08-14 16:00:00,inventory-service,INFO,,Stock sync worker ran successfully. 0 items update required.,
2026-08-14 16:00:00,payment-service,INFO,,Gateway healthcheck: stripe connectivity OK.,
2026-08-14 16:30:00,gateway-service,INFO,,"Inbound Request: POST /api/v1/orders/checkout, User: 11903",a9248c9478d17159
2026-08-14 16:30:00,auth-service,INFO,,Token validation successful for user 11903,a9248c9478d17159
2026-08-14 16:30:00,order-service,INFO,,Creating order 55395 for user 11903. Checking inventory...,a9248c9478d17159
2026-08-14 16:30:00,inventory-service,INFO,,Stock check: Item available in warehouse. Reserving stock.,a9248c9478d17159
2026-08-14 16:30:00,order-service,INFO,,Inventory reservation confirmed. Initiating payment for order 55395...,a9248c9478d17159
2026-08-14 16:30:00,payment-service,INFO,,Authorizing payment via credit card for amount: $45.99. Order 55395,a9248c9478d17159
2026-08-14 16:30:00,payment-service,INFO,,Payment transaction successful. AuthCode: stripe_ch_34961650,a9248c9478d17159
2026-08-14 16:30:00,order-service,INFO,,Payment successful. Confirming order status to PLACED. Order 55395,a9248c9478d17159
2026-08-14 16:30:00,gateway-service,INFO,,Inbound Request POST /api/v1/orders/checkout completed with 201 Created. Trace ID: a9248c9478d17159,a9248c9478d17159
2026-08-14 17:00:00,gateway-service,INFO,,Gateway routing configurations successfully reloaded. Active routes: /api/v1/*,
2026-08-14 17:00:00,auth-service,INFO,,Session cleaner worker run completed. Cleaned 0 expired tokens.,
2026-08-14 17:00:00,order-service,INFO,,Heartbeat check: Database is reachable. Active connections: 11.,
2026-08-14 17:00:00,inventory-service,INFO,,Stock sync worker ran successfully. 0 items update required.,
2026-08-14 17:00:00,payment-service,INFO,,Gateway healthcheck: stripe connectivity OK.,
2026-08-14 18:00:00,gateway-service,INFO,,Gateway routing configurations successfully reloaded. Active routes: /api/v1/*,
2026-08-14 18:00:00,auth-service,INFO,,Session cleaner worker run completed. Cleaned 0 expired tokens.,
2026-08-14 18:00:00,order-service,INFO,,Heartbeat check: Database is reachable. Active connections: 11.,
2026-08-14 18:00:00,inventory-service,INFO,,Stock sync worker ran successfully. 0 items update required.,
2026-08-14 18:00:00,payment-service,INFO,,Gateway healthcheck: stripe connectivity OK.,
2026-08-14 19:00:00,gateway-service,INFO,,Gateway routing configurations successfully reloaded. Active routes: /api/v1/*,
2026-08-14 19:00:00,auth-service,INFO,,Session cleaner worker run completed. Cleaned 0 expired tokens.,
2026-08-14 19:00:00,order-service,INFO,,Heartbeat check: Database is reachable. Active connections: 11.,
2026-08-14 19:00:00,inventory-service,INFO,,Stock sync worker ran successfully. 0 items update required.,
2026-08-14 19:00:00,payment-service,INFO,,Gateway healthcheck: stripe connectivity OK.,
2026-08-14 20:00:00,gateway-service,INFO,,Gateway routing configurations successfully reloaded. Active routes: /api/v1/*,
2026-08-14 20:00:00,auth-service,INFO,,Session cleaner worker run completed. Cleaned 0 expired tokens.,
2026-08-14 20:00:00,order-service,INFO,,Heartbeat check: Database is reachable. Active connections: 9.,
2026-08-14 20:00:00,inventory-service,INFO,,Stock sync worker ran successfully. 0 items update required.,
2026-08-14 20:00:00,payment-service,INFO,,Gateway healthcheck: stripe connectivity OK.,
2026-08-14 21:00:00,gateway-service,INFO,,Gateway routing configurations successfully reloaded. Active routes: /api/v1/*,
2026-08-14 21:00:00,auth-service,INFO,,Session cleaner worker run completed. Cleaned 0 expired tokens.,
2026-08-14 21:00:00,order-service,INFO,,Heartbeat check: Database is reachable. Active connections: 9.,
2026-08-14 21:00:00,inventory-service,INFO,,Stock sync worker ran successfully. 0 items update required.,
2026-08-14 21:00:00,payment-service,INFO,,Gateway healthcheck: stripe connectivity OK.,
2026-08-14 21:05:00,gateway-service,INFO,,"Inbound Request: POST /api/v1/orders/checkout, User: 46064",597fd16602f960a7
2026-08-14 21:05:00,auth-service,INFO,,Token validation successful for user 46064,597fd16602f960a7
2026-08-14 21:05:00,order-service,INFO,,Creating order 52217 for user 46064. Checking inventory...,597fd16602f960a7
2026-08-14 21:05:00,inventory-service,INFO,,Stock check: Item available in warehouse. Reserving stock.,597fd16602f960a7
2026-08-14 21:05:00,order-service,INFO,,Inventory reservation confirmed. Initiating payment for order 52217...,597fd16602f960a7
2026-08-14 21:05:00,payment-service,INFO,,Authorizing payment via credit card for amount: $45.99. Order 52217,597fd16602f960a7
2026-08-14 21:05:00,payment-service,INFO,,Payment transaction successful. AuthCode: stripe_ch_3da38a5c,597fd16602f960a7
2026-08-14 21:05:00,order-service,INFO,,Payment successful. Confirming order status to PLACED. Order 52217,597fd16602f960a7
2026-08-14 21:05:00,gateway-service,INFO,,Inbound Request POST /api/v1/orders/checkout completed with 201 Created. Trace ID: 597fd16602f960a7,597fd16602f960a7
2026-08-14 22:00:00,gateway-service,INFO,,Gateway routing configurations successfully reloaded. Active routes: /api/v1/*,
2026-08-14 22:00:00,auth-service,INFO,,Session cleaner worker run completed. Cleaned 0 expired tokens.,
2026-08-14 22:00:00,order-service,INFO,,Heartbeat check: Database is reachable. Active connections: 7.,
2026-08-14 22:00:00,inventory-service,INFO,,Stock sync worker ran successfully. 0 items update required.,
2026-08-14 22:00:00,payment-service,INFO,,Gateway healthcheck: stripe connectivity OK.,
2026-08-14 23:00:00,gateway-service,INFO,,Gateway routing configurations successfully reloaded. Active routes: /api/v1/*,
2026-08-14 23:00:00,auth-service,INFO,,Session cleaner worker run completed. Cleaned 0 expired tokens.,
2026-08-14 23:00:00,order-service,INFO,,Heartbeat check: Database is reachable. Active connections: 5.,
2026-08-14 23:00:00,inventory-service,INFO,,Stock sync worker ran successfully. 0 items update required.,
2026-08-14 23:00:00,payment-service,INFO,,Gateway healthcheck: stripe connectivity OK.,
2026-08-15 00:00:00,gateway-service,INFO,,Gateway routing configurations successfully reloaded. Active routes: /api/v1/*,
2026-08-15 00:00:00,auth-service,INFO,,Session cleaner worker run completed. Cleaned 0 expired tokens.,
2026-08-15 00:00:00,order-service,INFO,,Heartbeat check: Database is reachable. Active connections: 3.,
2026-08-15 00:00:00,inventory-service,INFO,,Stock sync worker ran successfully. 0 items update required.,
2026-08-15 00:00:00,payment-service,INFO,,Gateway healthcheck: stripe connectivity OK.,
2026-08-15 01:00:00,gateway-service,INFO,,Gateway routing configurations successfully reloaded. Active routes: /api/v1/*,
2026-08-15 01:00:00,auth-service,INFO,,Session cleaner worker run completed. Cleaned 0 expired tokens.,
2026-08-15 01:00:00,order-service,INFO,,Heartbeat check: Database is reachable. Active connections: 3.,
2026-08-15 01:00:00,inventory-service,INFO,,Stock sync worker ran successfully. 0 items update required.,
2026-08-15 01:00:00,payment-service,INFO,,Gateway healthcheck: stripe connectivity OK.,
2026-08-15 02:00:00,gateway-service,INFO,,Gateway routing configurations successfully reloaded. Active routes: /api/v1/*,
2026-08-15 02:00:00,auth-service,INFO,,Session cleaner worker run completed. Cleaned 0 expired tokens.,
2026-08-15 02:00:00,order-service,INFO,,Heartbeat check: Database is reachable. Active connections: 3.,
2026-08-15 02:00:00,inventory-service,INFO,,Stock sync worker ran successfully. 0 items update required.,
2026-08-15 02:00:00,payment-service,INFO,,Gateway healthcheck: stripe connectivity OK.,
2026-08-15 02:30:00,gateway-service,INFO,,"Inbound Request: POST /api/v1/orders/checkout, User: 63913",2f196e383fa3f8de
2026-08-15 02:30:00,auth-service,INFO,,Token validation successful for user 63913,2f196e383fa3f8de
2026-08-15 02:30:00,order-service,INFO,,Creating order 51557 for user 63913. Checking inventory...,2f196e383fa3f8de
2026-08-15 02:30:00,inventory-service,INFO,,Stock check: Item available in warehouse. Reserving stock.,2f196e383fa3f8de
2026-08-15 02:30:00,order-service,INFO,,Inventory reservation confirmed. Initiating payment for order 51557...,2f196e383fa3f8de
2026-08-15 02:30:00,payment-service,INFO,,Authorizing payment via credit card for amount: $45.99. Order 51557,2f196e383fa3f8de
2026-08-15 02:30:00,payment-service,INFO,,Payment transaction successful. AuthCode: stripe_ch_7b906d82,2f196e383fa3f8de
2026-08-15 02:30:00,order-service,INFO,,Payment successful. Confirming order status to PLACED. Order 51557,2f196e383fa3f8de
2026-08-15 02:30:00,gateway-service,INFO,,Inbound Request POST /api/v1/orders/checkout completed with 201 Created. Trace ID: 2f196e383fa3f8de,2f196e383fa3f8de
2026-08-15 03:00:00,gateway-service,INFO,,Gateway routing configurations successfully reloaded. Active routes: /api/v1/*,
2026-08-15 03:00:00,auth-service,INFO,,Session cleaner worker run completed. Cleaned 0 expired tokens.,
2026-08-15 03:00:00,order-service,INFO,,Heartbeat check: Database is reachable. Active connections: 3.,
2026-08-15 03:00:00,inventory-service,INFO,,Stock sync worker ran successfully. 0 items update required.,
2026-08-15 03:00:00,payment-service,INFO,,Gateway healthcheck: stripe connectivity OK.,
2026-08-15 03:15:00,gateway-service,INFO,,"Inbound Request: POST /api/v1/orders/checkout, User: 90068",28eb0be16be03c3d
2026-08-15 03:15:00,auth-service,INFO,,Token validation successful for user 90068,28eb0be16be03c3d
2026-08-15 03:15:00,order-service,INFO,,Creating order 57281 for user 90068. Checking inventory...,28eb0be16be03c3d
2026-08-15 03:15:00,inventory-service,INFO,,Stock check: Item available in warehouse. Reserving stock.,28eb0be16be03c3d
2026-08-15 03:15:00,order-service,INFO,,Inventory reservation confirmed. Initiating payment for order 57281...,28eb0be16be03c3d
2026-08-15 03:15:00,payment-service,INFO,,Authorizing payment via credit card for amount: $45.99. Order 57281,28eb0be16be03c3d
2026-08-15 03:15:00,payment-service,INFO,,Payment transaction successful. AuthCode: stripe_ch_64ec8e97,28eb0be16be03c3d
2026-08-15 03:15:00,order-service,INFO,,Payment successful. Confirming order status to PLACED. Order 57281,28eb0be16be03c3d
2026-08-15 03:15:00,gateway-service,INFO,,Inbound Request POST /api/v1/orders/checkout completed with 201 Created. Trace ID: 28eb0be16be03c3d,28eb0be16be03c3d
2026-08-15 04:00:00,gateway-service,INFO,,Gateway routing configurations successfully reloaded. Active routes: /api/v1/*,
2026-08-15 04:00:00,auth-service,INFO,,Session cleaner worker run completed. Cleaned 0 expired tokens.,
2026-08-15 04:00:00,order-service,INFO,,Heartbeat check: Database is reachable. Active connections: 3.,
2026-08-15 04:00:00,inventory-service,INFO,,Stock sync worker ran successfully. 0 items update required.,
2026-08-15 04:00:00,payment-service,INFO,,Gateway healthcheck: stripe connectivity OK.,
2026-08-15 05:00:00,gateway-service,INFO,,Gateway routing configurations successfully reloaded. Active routes: /api/v1/*,
2026-08-15 05:00:00,auth-service,INFO,,Session cleaner worker run completed. Cleaned 0 expired tokens.,
2026-08-15 05:00:00,order-service,INFO,,Heartbeat check: Database is reachable. Active connections: 3.,
2026-08-15 05:00:00,inventory-service,INFO,,Stock sync worker ran successfully. 0 items update required.,
2026-08-15 05:00:00,payment-service,INFO,,Gateway healthcheck: stripe connectivity OK.,
2026-08-15 06:00:00,gateway-service,INFO,,Gateway routing configurations successfully reloaded. Active routes: /api/v1/*,
2026-08-15 06:00:00,auth-service,INFO,,Session cleaner worker run completed. Cleaned 0 expired tokens.,
2026-08-15 06:00:00,order-service,INFO,,Heartbeat check: Database is reachable. Active connections: 4.,
2026-08-15 06:00:00,inventory-service,INFO,,Stock sync worker ran successfully. 0 items update required.,
2026-08-15 06:00:00,payment-service,INFO,,Gateway healthcheck: stripe connectivity OK.,
2026-08-15 07:00:00,gateway-service,INFO,,Gateway routing configurations successfully reloaded. Active routes: /api/v1/*,
2026-08-15 07:00:00,auth-service,INFO,,Session cleaner worker run completed. Cleaned 0 expired tokens.,
2026-08-15 07:00:00,order-service,INFO,,Heartbeat check: Database is reachable. Active connections: 7.,
2026-08-15 07:00:00,inventory-service,INFO,,Stock sync worker ran successfully. 0 items update required.,
2026-08-15 07:00:00,payment-service,INFO,,Gateway healthcheck: stripe connectivity OK.,
2026-08-15 08:00:00,gateway-service,INFO,,Gateway routing configurations successfully reloaded. Active routes: /api/v1/*,
2026-08-15 08:00:00,auth-service,INFO,,Session cleaner worker run completed. Cleaned 0 expired tokens.,
2026-08-15 08:00:00,order-service,INFO,,Heartbeat check: Database is reachable. Active connections: 8.,
2026-08-15 08:00:00,inventory-service,INFO,,Stock sync worker ran successfully. 0 items update required.,
2026-08-15 08:00:00,payment-service,INFO,,Gateway healthcheck: stripe connectivity OK.,
2026-08-15 09:00:00,gateway-service,INFO,,Gateway routing configurations successfully reloaded. Active routes: /api/v1/*,
2026-08-15 09:00:00,auth-service,INFO,,Session cleaner worker run completed. Cleaned 0 expired tokens.,
2026-08-15 09:00:00,order-service,INFO,,Heartbeat check: Database is reachable. Active connections: 10.,
2026-08-15 09:00:00,inventory-service,INFO,,Stock sync worker ran successfully. 0 items update required.,
2026-08-15 09:00:00,payment-service,INFO,,Gateway healthcheck: stripe connectivity OK.,
2026-08-15 10:00:00,gateway-service,INFO,,Gateway routing configurations successfully reloaded. Active routes: /api/v1/*,
2026-08-15 10:00:00,auth-service,INFO,,Session cleaner worker run completed. Cleaned 0 expired tokens.,
2026-08-15 10:00:00,order-service,INFO,,Heartbeat check: Database is reachable. Active connections: 10.,
2026-08-15 10:00:00,inventory-service,INFO,,Stock sync worker ran successfully. 0 items update required.,
2026-08-15 10:00:00,payment-service,INFO,,Gateway healthcheck: stripe connectivity OK.,
2026-08-15 10:00:00,gateway-service,INFO,,"Inbound Request: POST /api/v1/orders/checkout, User: 94886",60521317dc03861c
2026-08-15 10:00:00,auth-service,INFO,,Token validation successful for user 94886,60521317dc03861c
2026-08-15 10:00:00,order-service,INFO,,Creating order 59202 for user 94886. Checking inventory...,60521317dc03861c
2026-08-15 10:00:00,inventory-service,INFO,,Stock check: Item available in warehouse. Reserving stock.,60521317dc03861c
2026-08-15 10:00:00,order-service,INFO,,Inventory reservation confirmed. Initiating payment for order 59202...,60521317dc03861c
2026-08-15 10:00:00,payment-service,INFO,,Authorizing payment via credit card for amount: $45.99. Order 59202,60521317dc03861c
2026-08-15 10:00:00,payment-service,INFO,,Payment transaction successful. AuthCode: stripe_ch_ca7bf26b,60521317dc03861c
2026-08-15 10:00:00,order-service,INFO,,Payment successful. Confirming order status to PLACED. Order 59202,60521317dc03861c
2026-08-15 10:00:00,gateway-service,INFO,,Inbound Request POST /api/v1/orders/checkout completed with 201 Created. Trace ID: 60521317dc03861c,60521317dc03861c
2026-08-15 10:45:00,gateway-service,INFO,,"Inbound Request: POST /api/v1/orders/checkout, User: 16567",01f93289eddee7e0
2026-08-15 10:45:00,auth-service,INFO,,Token validation successful for user 16567,01f93289eddee7e0
2026-08-15 10:45:00,order-service,INFO,,Creating order 53062 for user 16567. Checking inventory...,01f93289eddee7e0
2026-08-15 10:45:00,inventory-service,INFO,,Stock check: Item available in warehouse. Reserving stock.,01f93289eddee7e0
2026-08-15 10:45:00,order-service,INFO,,Inventory reservation confirmed. Initiating payment for order 53062...,01f93289eddee7e0
2026-08-15 10:45:00,payment-service,INFO,,Authorizing payment via credit card for amount: $45.99. Order 53062,01f93289eddee7e0
2026-08-15 10:45:00,payment-service,INFO,,Payment transaction successful. AuthCode: stripe_ch_fa46d9d8,01f93289eddee7e0
2026-08-15 10:45:00,order-service,INFO,,Payment successful. Confirming order status to PLACED. Order 53062,01f93289eddee7e0
2026-08-15 10:45:00,gateway-service,INFO,,Inbound Request POST /api/v1/orders/checkout completed with 201 Created. Trace ID: 01f93289eddee7e0,01f93289eddee7e0
2026-08-15 11:00:00,gateway-service,INFO,,Gateway routing configurations successfully reloaded. Active routes: /api/v1/*,
2026-08-15 11:00:00,auth-service,INFO,,Session cleaner worker run completed. Cleaned 0 expired tokens.,
2026-08-15 11:00:00,order-service,INFO,,Heartbeat check: Database is reachable. Active connections: 10.,
2026-08-15 11:00:00,inventory-service,INFO,,Stock sync worker ran successfully. 0 items update required.,
2026-08-15 11:00:00,payment-service,INFO,,Gateway healthcheck: stripe connectivity OK.,
2026-08-15 11:30:00,gateway-service,INFO,,"Inbound Request: POST /api/v1/orders/checkout, User: 77797",c6b573051829d090
2026-08-15 11:30:00,auth-service,INFO,,Token validation successful for user 77797,c6b573051829d090
2026-08-15 11:30:00,order-service,INFO,,Creating order 57666 for user 77797. Checking inventory...,c6b573051829d090
2026-08-15 11:30:00,inventory-service,INFO,,Stock check: Item available in warehouse. Reserving stock.,c6b573051829d090
2026-08-15 11:30:00,order-service,INFO,,Inventory reservation confirmed. Initiating payment for order 57666...,c6b573051829d090
2026-08-15 11:30:00,payment-service,INFO,,Authorizing payment via credit card for amount: $45.99. Order 57666,c6b573051829d090
2026-08-15 11:30:00,payment-service,INFO,,Payment transaction successful. AuthCode: stripe_ch_de25a7df,c6b573051829d090
2026-08-15 11:30:00,order-service,INFO,,Payment successful. Confirming order status to PLACED. Order 57666,c6b573051829d090
2026-08-15 11:30:00,gateway-service,INFO,,Inbound Request POST /api/v1/orders/checkout completed with 201 Created. Trace ID: c6b573051829d090,c6b573051829d090
2026-08-15 12:00:00,gateway-service,INFO,,Gateway routing configurations successfully reloaded. Active routes: /api/v1/*,
2026-08-15 12:00:00,auth-service,INFO,,Session cleaner worker run completed. Cleaned 0 expired tokens.,
2026-08-15 12:00:00,order-service,INFO,,Heartbeat check: Database is reachable. Active connections: 10.,
2026-08-15 12:00:00,inventory-service,INFO,,Stock sync worker ran successfully. 0 items update required.,
2026-08-15 12:00:00,payment-service,INFO,,Gateway healthcheck: stripe connectivity OK.,
2026-08-15 13:00:00,gateway-service,INFO,,Gateway routing configurations successfully reloaded. Active routes: /api/v1/*,
2026-08-15 13:00:00,auth-service,INFO,,Session cleaner worker run completed. Cleaned 0 expired tokens.,
2026-08-15 13:00:00,order-service,INFO,,Heartbeat check: Database is reachable. Active connections: 11.,
2026-08-15 13:00:00,inventory-service,INFO,,Stock sync worker ran successfully. 0 items update required.,
2026-08-15 13:00:00,payment-service,INFO,,Gateway healthcheck: stripe connectivity OK.,
2026-08-15 13:55:00,gateway-service,INFO,,"Inbound Request: POST /api/v1/orders/checkout, User: 59102",096feb91380ccfa2
2026-08-15 13:55:00,auth-service,INFO,,Token validation successful for user 59102,096feb91380ccfa2
2026-08-15 13:55:00,order-service,INFO,,Creating order 56989 for user 59102. Checking inventory...,096feb91380ccfa2
2026-08-15 13:55:00,inventory-service,INFO,,Stock check: Item available in warehouse. Reserving stock.,096feb91380ccfa2
2026-08-15 13:55:00,order-service,INFO,,Inventory reservation confirmed. Initiating payment for order 56989...,096feb91380ccfa2
2026-08-15 13:55:00,payment-service,INFO,,Authorizing payment via credit card for amount: $45.99. Order 56989,096feb91380ccfa2
2026-08-15 13:55:00,payment-service,INFO,,Payment transaction successful. AuthCode: stripe_ch_a70378eb,096feb91380ccfa2
2026-08-15 13:55:00,order-service,INFO,,Payment successful. Confirming order status to PLACED. Order 56989,096feb91380ccfa2
2026-08-15 13:55:00,gateway-service,INFO,,Inbound Request POST /api/v1/orders/checkout completed with 201 Created. Trace ID: 096feb91380ccfa2,096feb91380ccfa2
2026-08-15 14:00:00,gateway-service,INFO,,Gateway routing configurations successfully reloaded. Active routes: /api/v1/*,
2026-08-15 14:00:00,auth-service,INFO,,Session cleaner worker run completed. Cleaned 0 expired tokens.,
2026-08-15 14:00:00,order-service,INFO,,Heartbeat check: Database is reachable. Active connections: 10.,
2026-08-15 14:00:00,inventory-service,INFO,,Stock sync worker ran successfully. 0 items update required.,
2026-08-15 14:00:00,payment-service,INFO,,Gateway healthcheck: stripe connectivity OK.,
2026-08-15 14:30:00,gateway-service,INFO,,"Inbound Request: POST /api/v1/orders/checkout, User: 45143",c82b3f4ce2862155
2026-08-15 14:30:00,auth-service,INFO,,Token validation successful for user 45143,c82b3f4ce2862155
2026-08-15 14:30:00,order-service,INFO,,Creating order 55940 for user 45143. Checking inventory...,c82b3f4ce2862155
2026-08-15 14:30:00,inventory-service,INFO,,Stock check: Item available in warehouse. Reserving stock.,c82b3f4ce2862155
2026-08-15 14:30:00,order-service,INFO,,Inventory reservation confirmed. Initiating payment for order 55940...,c82b3f4ce2862155
2026-08-15 14:30:00,payment-service,INFO,,Authorizing payment via credit card for amount: $45.99. Order 55940,c82b3f4ce2862155
2026-08-15 14:30:00,payment-service,INFO,,Payment transaction successful. AuthCode: stripe_ch_c0a3b1fc,c82b3f4ce2862155
2026-08-15 14:30:00,order-service,INFO,,Payment successful. Confirming order status to PLACED. Order 55940,c82b3f4ce2862155
2026-08-15 14:30:00,gateway-service,INFO,,Inbound Request POST /api/v1/orders/checkout completed with 201 Created. Trace ID: c82b3f4ce2862155,c82b3f4ce2862155
2026-08-15 15:00:00,gateway-service,INFO,,Gateway routing configurations successfully reloaded. Active routes: /api/v1/*,
2026-08-15 15:00:00,auth-service,INFO,,Session cleaner worker run completed. Cleaned 0 expired tokens.,
2026-08-15 15:00:00,order-service,INFO,,Heartbeat check: Database is reachable. Active connections: 10.,
2026-08-15 15:00:00,inventory-service,INFO,,Stock sync worker ran successfully. 0 items update required.,
2026-08-15 15:00:00,payment-service,INFO,,Gateway healthcheck: stripe connectivity OK.,
2026-08-15 16:00:00,gateway-service,INFO,,Gateway routing configurations successfully reloaded. Active routes: /api/v1/*,
2026-08-15 16:00:00,auth-service,INFO,,Session cleaner worker run completed. Cleaned 0 expired tokens.,
2026-08-15 16:00:00,order-service,INFO,,Heartbeat check: Database is reachable. Active connections: 10.,
2026-08-15 16:00:00,inventory-service,INFO,,Stock sync worker ran successfully. 0 items update required.,
2026-08-15 16:00:00,payment-service,INFO,,Gateway healthcheck: stripe connectivity OK.,
2026-08-15 17:00:00,gateway-service,INFO,,Gateway routing configurations successfully reloaded. Active routes: /api/v1/*,
2026-08-15 17:00:00,auth-service,INFO,,Session cleaner worker run completed. Cleaned 0 expired tokens.,
2026-08-15 17:00:00,order-service,INFO,,Heartbeat check: Database is reachable. Active connections: 10.,
2026-08-15 17:00:00,inventory-service,INFO,,Stock sync worker ran successfully. 0 items update required.,
2026-08-15 17:00:00,payment-service,INFO,,Gateway healthcheck: stripe connectivity OK.,
2026-08-15 18:00:00,gateway-service,INFO,,Gateway routing configurations successfully reloaded. Active routes: /api/v1/*,
2026-08-15 18:00:00,auth-service,INFO,,Session cleaner worker run completed. Cleaned 0 expired tokens.,
2026-08-15 18:00:00,order-service,INFO,,Heartbeat check: Database is reachable. Active connections: 9.,
2026-08-15 18:00:00,inventory-service,INFO,,Stock sync worker ran successfully. 0 items update required.,
2026-08-15 18:00:00,payment-service,INFO,,Gateway healthcheck: stripe connectivity OK.,
2026-08-15 19:00:00,gateway-service,INFO,,Gateway routing configurations successfully reloaded. Active routes: /api/v1/*,
2026-08-15 19:00:00,auth-service,INFO,,Session cleaner worker run completed. Cleaned 0 expired tokens.,
2026-08-15 19:00:00,order-service,INFO,,Heartbeat check: Database is reachable. Active connections: 9.,
2026-08-15 19:00:00,inventory-service,INFO,,Stock sync worker ran successfully. 0 items update required.,
2026-08-15 19:00:00,payment-service,INFO,,Gateway healthcheck: stripe connectivity OK.,
2026-08-15 20:00:00,gateway-service,INFO,,Gateway routing configurations successfully reloaded. Active routes: /api/v1/*,
2026-08-15 20:00:00,auth-service,INFO,,Session cleaner worker run completed. Cleaned 0 expired tokens.,
2026-08-15 20:00:00,order-service,INFO,,Heartbeat check: Database is reachable. Active connections: 8.,
2026-08-15 20:00:00,inventory-service,INFO,,Stock sync worker ran successfully. 0 items update required.,
2026-08-15 20:00:00,payment-service,INFO,,Gateway healthcheck: stripe connectivity OK.,
2026-08-15 21:00:00,gateway-service,INFO,,Gateway routing configurations successfully reloaded. Active routes: /api/v1/*,
2026-08-15 21:00:00,auth-service,INFO,,Session cleaner worker run completed. Cleaned 0 expired tokens.,
2026-08-15 21:00:00,order-service,INFO,,Heartbeat check: Database is reachable. Active connections: 7.,
2026-08-15 21:00:00,inventory-service,INFO,,Stock sync worker ran successfully. 0 items update required.,
2026-08-15 21:00:00,payment-service,INFO,,Gateway healthcheck: stripe connectivity OK.,
2026-08-15 22:00:00,gateway-service,INFO,,Gateway routing configurations successfully reloaded. Active routes: /api/v1/*,
2026-08-15 22:00:00,auth-service,INFO,,Session cleaner worker run completed. Cleaned 0 expired tokens.,
2026-08-15 22:00:00,order-service,INFO,,Heartbeat check: Database is reachable. Active connections: 6.,
2026-08-15 22:00:00,inventory-service,INFO,,Stock sync worker ran successfully. 0 items update required.,
2026-08-15 22:00:00,payment-service,INFO,,Gateway healthcheck: stripe connectivity OK.,
2026-08-15 22:45:00,gateway-service,INFO,,"Inbound Request: POST /api/v1/orders/checkout, User: 41692",7550f444a765f4ec
2026-08-15 22:45:00,auth-service,INFO,,Token validation successful for user 41692,7550f444a765f4ec
2026-08-15 22:45:00,order-service,INFO,,Creating order 59680 for user 41692. Checking inventory...,7550f444a765f4ec
2026-08-15 22:45:00,inventory-service,INFO,,Stock check: Item available in warehouse. Reserving stock.,7550f444a765f4ec
2026-08-15 22:45:00,order-service,INFO,,Inventory reservation confirmed. Initiating payment for order 59680...,7550f444a765f4ec
2026-08-15 22:45:00,payment-service,INFO,,Authorizing payment via credit card for amount: $45.99. Order 59680,7550f444a765f4ec
2026-08-15 22:45:00,payment-service,INFO,,Payment transaction successful. AuthCode: stripe_ch_90967d94,7550f444a765f4ec
2026-08-15 22:45:00,order-service,INFO,,Payment successful. Confirming order status to PLACED. Order 59680,7550f444a765f4ec
2026-08-15 22:45:00,gateway-service,INFO,,Inbound Request POST /api/v1/orders/checkout completed with 201 Created. Trace ID: 7550f444a765f4ec,7550f444a765f4ec
2026-08-15 23:00:00,gateway-service,INFO,,Gateway routing configurations successfully reloaded. Active routes: /api/v1/*,
2026-08-15 23:00:00,auth-service,INFO,,Session cleaner worker run completed. Cleaned 0 expired tokens.,
2026-08-15 23:00:00,order-service,INFO,,Heartbeat check: Database is reachable. Active connections: 5.,
2026-08-15 23:00:00,inventory-service,INFO,,Stock sync worker ran successfully. 0 items update required.,
2026-08-15 23:00:00,payment-service,INFO,,Gateway healthcheck: stripe connectivity OK.,
2026-08-15 23:15:00,gateway-service,INFO,,"Inbound Request: POST /api/v1/orders/checkout, User: 59457",48ca9808c8ec6761
2026-08-15 23:15:00,auth-service,INFO,,Token validation successful for user 59457,48ca9808c8ec6761
2026-08-15 23:15:00,order-service,INFO,,Creating order 59803 for user 59457. Checking inventory...,48ca9808c8ec6761
2026-08-15 23:15:00,inventory-service,INFO,,Stock check: Item available in warehouse. Reserving stock.,48ca9808c8ec6761
2026-08-15 23:15:00,order-service,INFO,,Inventory reservation confirmed. Initiating payment for order 59803...,48ca9808c8ec6761
2026-08-15 23:15:00,payment-service,INFO,,Authorizing payment via credit card for amount: $45.99. Order 59803,48ca9808c8ec6761
2026-08-15 23:15:00,payment-service,INFO,,Payment transaction successful. AuthCode: stripe_ch_f655b3a6,48ca9808c8ec6761
2026-08-15 23:15:00,order-service,INFO,,Payment successful. Confirming order status to PLACED. Order 59803,48ca9808c8ec6761
2026-08-15 23:15:00,gateway-service,INFO,,Inbound Request POST /api/v1/orders/checkout completed with 201 Created. Trace ID: 48ca9808c8ec6761,48ca9808c8ec6761
2026-08-16 00:00:00,gateway-service,INFO,,Gateway routing configurations successfully reloaded. Active routes: /api/v1/*,
2026-08-16 00:00:00,auth-service,INFO,,Session cleaner worker run completed. Cleaned 0 expired tokens.,
2026-08-16 00:00:00,order-service,INFO,,Heartbeat check: Database is reachable. Active connections: 3.,
2026-08-16 00:00:00,inventory-service,INFO,,Stock sync worker ran successfully. 0 items update required.,
2026-08-16 00:00:00,payment-service,INFO,,Gateway healthcheck: stripe connectivity OK.,
2026-08-16 01:00:00,gateway-service,INFO,,Gateway routing configurations successfully reloaded. Active routes: /api/v1/*,
2026-08-16 01:00:00,auth-service,INFO,,Session cleaner worker run completed. Cleaned 0 expired tokens.,
2026-08-16 01:00:00,order-service,INFO,,Heartbeat check: Database is reachable. Active connections: 3.,
2026-08-16 01:00:00,inventory-service,INFO,,Stock sync worker ran successfully. 0 items update required.,
2026-08-16 01:00:00,payment-service,INFO,,Gateway healthcheck: stripe connectivity OK.,
2026-08-16 02:00:00,gateway-service,INFO,,Gateway routing configurations successfully reloaded. Active routes: /api/v1/*,
2026-08-16 02:00:00,auth-service,INFO,,Session cleaner worker run completed. Cleaned 0 expired tokens.,
2026-08-16 02:00:00,order-service,INFO,,Heartbeat check: Database is reachable. Active connections: 3.,
2026-08-16 02:00:00,inventory-service,INFO,,Stock sync worker ran successfully. 0 items update required.,
2026-08-16 02:00:00,payment-service,INFO,,Gateway healthcheck: stripe connectivity OK.,
2026-08-16 03:00:00,gateway-service,INFO,,Gateway routing configurations successfully reloaded. Active routes: /api/v1/*,
2026-08-16 03:00:00,auth-service,INFO,,Session cleaner worker run completed. Cleaned 0 expired tokens.,
2026-08-16 03:00:00,order-service,INFO,,Heartbeat check: Database is reachable. Active connections: 3.,
2026-08-16 03:00:00,inventory-service,INFO,,Stock sync worker ran successfully. 0 items update required.,
2026-08-16 03:00:00,payment-service,INFO,,Gateway healthcheck: stripe connectivity OK.,
2026-08-16 04:00:00,gateway-service,INFO,,Gateway routing configurations successfully reloaded. Active routes: /api/v1/*,
2026-08-16 04:00:00,auth-service,INFO,,Session cleaner worker run completed. Cleaned 0 expired tokens.,
2026-08-16 04:00:00,order-service,INFO,,Heartbeat check: Database is reachable. Active connections: 3.,
2026-08-16 04:00:00,inventory-service,INFO,,Stock sync worker ran successfully. 0 items update required.,
2026-08-16 04:00:00,payment-service,INFO,,Gateway healthcheck: stripe connectivity OK.,
2026-08-16 05:00:00,gateway-service,INFO,,Gateway routing configurations successfully reloaded. Active routes: /api/v1/*,
2026-08-16 05:00:00,auth-service,INFO,,Session cleaner worker run completed. Cleaned 0 expired tokens.,
2026-08-16 05:00:00,order-service,INFO,,Heartbeat check: Database is reachable. Active connections: 3.,
2026-08-16 05:00:00,inventory-service,INFO,,Stock sync worker ran successfully. 0 items update required.,
2026-08-16 05:00:00,payment-service,INFO,,Gateway healthcheck: stripe connectivity OK.,
2026-08-16 06:00:00,gateway-service,INFO,,Gateway routing configurations successfully reloaded. Active routes: /api/v1/*,
2026-08-16 06:00:00,auth-service,INFO,,Session cleaner worker run completed. Cleaned 0 expired tokens.,
2026-08-16 06:00:00,order-service,INFO,,Heartbeat check: Database is reachable. Active connections: 5.,
2026-08-16 06:00:00,inventory-service,INFO,,Stock sync worker ran successfully. 0 items update required.,
2026-08-16 06:00:00,payment-service,INFO,,Gateway healthcheck: stripe connectivity OK.,
2026-08-16 07:00:00,gateway-service,INFO,,Gateway routing configurations successfully reloaded. Active routes: /api/v1/*,
2026-08-16 07:00:00,auth-service,INFO,,Session cleaner worker run completed. Cleaned 0 expired tokens.,
2026-08-16 07:00:00,order-service,INFO,,Heartbeat check: Database is reachable. Active connections: 6.,
2026-08-16 07:00:00,inventory-service,INFO,,Stock sync worker ran successfully. 0 items update required.,
2026-08-16 07:00:00,payment-service,INFO,,Gateway healthcheck: stripe connectivity OK.,
2026-08-16 08:00:00,gateway-service,INFO,,Gateway routing configurations successfully reloaded. Active routes: /api/v1/*,
2026-08-16 08:00:00,auth-service,INFO,,Session cleaner worker run completed. Cleaned 0 expired tokens.,
2026-08-16 08:00:00,order-service,INFO,,Heartbeat check: Database is reachable. Active connections: 9.,
2026-08-16 08:00:00,inventory-service,INFO,,Stock sync worker ran successfully. 0 items update required.,
2026-08-16 08:00:00,payment-service,INFO,,Gateway healthcheck: stripe connectivity OK.,
2026-08-16 08:05:00,gateway-service,INFO,,"Inbound Request: POST /api/v1/orders/checkout, User: 98681",bb1a0d962ee7c6e3
2026-08-16 08:05:00,auth-service,INFO,,Token validation successful for user 98681,bb1a0d962ee7c6e3
2026-08-16 08:05:00,order-service,INFO,,Creating order 53755 for user 98681. Checking inventory...,bb1a0d962ee7c6e3
2026-08-16 08:05:00,inventory-service,INFO,,Stock check: Item available in warehouse. Reserving stock.,bb1a0d962ee7c6e3
2026-08-16 08:05:00,order-service,INFO,,Inventory reservation confirmed. Initiating payment for order 53755...,bb1a0d962ee7c6e3
2026-08-16 08:05:00,payment-service,INFO,,Authorizing payment via credit card for amount: $45.99. Order 53755,bb1a0d962ee7c6e3
2026-08-16 08:05:00,payment-service,INFO,,Payment transaction successful. AuthCode: stripe_ch_29b3b8f1,bb1a0d962ee7c6e3
2026-08-16 08:05:00,order-service,INFO,,Payment successful. Confirming order status to PLACED. Order 53755,bb1a0d962ee7c6e3
2026-08-16 08:05:00,gateway-service,INFO,,Inbound Request POST /api/v1/orders/checkout completed with 201 Created. Trace ID: bb1a0d962ee7c6e3,bb1a0d962ee7c6e3
2026-08-16 09:00:00,gateway-service,INFO,,Gateway routing configurations successfully reloaded. Active routes: /api/v1/*,
2026-08-16 09:00:00,auth-service,INFO,,Session cleaner worker run completed. Cleaned 0 expired tokens.,
2026-08-16 09:00:00,order-service,INFO,,Heartbeat check: Database is reachable. Active connections: 10.,
2026-08-16 09:00:00,inventory-service,INFO,,Stock sync worker ran successfully. 0 items update required.,
2026-08-16 09:00:00,payment-service,INFO,,Gateway healthcheck: stripe connectivity OK.,
2026-08-16 10:00:00,gateway-service,INFO,,Gateway routing configurations successfully reloaded. Active routes: /api/v1/*,
2026-08-16 10:00:00,auth-service,INFO,,Session cleaner worker run completed. Cleaned 0 expired tokens.,
2026-08-16 10:00:00,order-service,INFO,,Heartbeat check: Database is reachable. Active connections: 11.,
2026-08-16 10:00:00,inventory-service,INFO,,Stock sync worker ran successfully. 0 items update required.,
2026-08-16 10:00:00,payment-service,INFO,,Gateway healthcheck: stripe connectivity OK.,
2026-08-16 11:00:00,gateway-service,INFO,,Gateway routing configurations successfully reloaded. Active routes: /api/v1/*,
2026-08-16 11:00:00,auth-service,INFO,,Session cleaner worker run completed. Cleaned 0 expired tokens.,
2026-08-16 11:00:00,order-service,INFO,,Heartbeat check: Database is reachable. Active connections: 10.,
2026-08-16 11:00:00,inventory-service,INFO,,Stock sync worker ran successfully. 0 items update required.,
2026-08-16 11:00:00,payment-service,INFO,,Gateway healthcheck: stripe connectivity OK.,
2026-08-16 12:00:00,gateway-service,INFO,,Gateway routing configurations successfully reloaded. Active routes: /api/v1/*,
2026-08-16 12:00:00,auth-service,INFO,,Session cleaner worker run completed. Cleaned 0 expired tokens.,
2026-08-16 12:00:00,order-service,INFO,,Heartbeat check: Database is reachable. Active connections: 10.,
2026-08-16 12:00:00,inventory-service,INFO,,Stock sync worker ran successfully. 0 items update required.,
2026-08-16 12:00:00,payment-service,INFO,,Gateway healthcheck: stripe connectivity OK.,
2026-08-16 13:00:00,gateway-service,INFO,,Gateway routing configurations successfully reloaded. Active routes: /api/v1/*,
2026-08-16 13:00:00,auth-service,INFO,,Session cleaner worker run completed. Cleaned 0 expired tokens.,
2026-08-16 13:00:00,order-service,INFO,,Heartbeat check: Database is reachable. Active connections: 10.,
2026-08-16 13:00:00,inventory-service,INFO,,Stock sync worker ran successfully. 0 items update required.,
2026-08-16 13:00:00,payment-service,INFO,,Gateway healthcheck: stripe connectivity OK.,
2026-08-16 13:05:00,gateway-service,INFO,,"Inbound Request: POST /api/v1/orders/checkout, User: 63676",c3b8496eca9ce87e
2026-08-16 13:05:00,auth-service,INFO,,Token validation successful for user 63676,c3b8496eca9ce87e
2026-08-16 13:05:00,order-service,INFO,,Creating order 56936 for user 63676. Checking inventory...,c3b8496eca9ce87e
2026-08-16 13:05:00,inventory-service,INFO,,Stock check: Item available in warehouse. Reserving stock.,c3b8496eca9ce87e
2026-08-16 13:05:00,order-service,INFO,,Inventory reservation confirmed. Initiating payment for order 56936...,c3b8496eca9ce87e
2026-08-16 13:05:00,payment-service,INFO,,Authorizing payment via credit card for amount: $45.99. Order 56936,c3b8496eca9ce87e
2026-08-16 13:05:00,payment-service,INFO,,Payment transaction successful. AuthCode: stripe_ch_65dbae0f,c3b8496eca9ce87e
2026-08-16 13:05:00,order-service,INFO,,Payment successful. Confirming order status to PLACED. Order 56936,c3b8496eca9ce87e
2026-08-16 13:05:00,gateway-service,INFO,,Inbound Request POST /api/v1/orders/checkout completed with 201 Created. Trace ID: c3b8496eca9ce87e,c3b8496eca9ce87e
2026-08-16 13:35:00,gateway-service,INFO,,"Inbound Request: POST /api/v1/orders/checkout, User: 46554",65ea7fc9978c6646
2026-08-16 13:35:00,auth-service,INFO,,Token validation successful for user 46554,65ea7fc9978c6646
2026-08-16 13:35:00,order-service,INFO,,Creating order 54308 for user 46554. Checking inventory...,65ea7fc9978c6646
2026-08-16 13:35:00,inventory-service,INFO,,Stock check: Item available in warehouse. Reserving stock.,65ea7fc9978c6646
2026-08-16 13:35:00,order-service,INFO,,Inventory reservation confirmed. Initiating payment for order 54308...,65ea7fc9978c6646
2026-08-16 13:35:00,payment-service,INFO,,Authorizing payment via credit card for amount: $45.99. Order 54308,65ea7fc9978c6646
2026-08-16 13:35:00,payment-service,INFO,,Payment transaction successful. AuthCode: stripe_ch_60ea8d77,65ea7fc9978c6646
2026-08-16 13:35:00,order-service,INFO,,Payment successful. Confirming order status to PLACED. Order 54308,65ea7fc9978c6646
2026-08-16 13:35:00,gateway-service,INFO,,Inbound Request POST /api/v1/orders/checkout completed with 201 Created. Trace ID: 65ea7fc9978c6646,65ea7fc9978c6646
2026-08-16 14:00:00,gateway-service,INFO,,Gateway routing configurations successfully reloaded. Active routes: /api/v1/*,
2026-08-16 14:00:00,auth-service,INFO,,Session cleaner worker run completed. Cleaned 0 expired tokens.,
2026-08-16 14:00:00,order-service,INFO,,Heartbeat check: Database is reachable. Active connections: 10.,
2026-08-16 14:00:00,inventory-service,INFO,,Stock sync worker ran successfully. 0 items update required.,
2026-08-16 14:00:00,payment-service,INFO,,Gateway healthcheck: stripe connectivity OK.,
2026-08-16 14:25:00,gateway-service,INFO,,"Inbound Request: POST /api/v1/orders/checkout, User: 38178",ae3780850174a19a
2026-08-16 14:25:00,auth-service,INFO,,Token validation successful for user 38178,ae3780850174a19a
2026-08-16 14:25:00,order-service,INFO,,Creating order 52735 for user 38178. Checking inventory...,ae3780850174a19a
2026-08-16 14:25:00,inventory-service,INFO,,Stock check: Item available in warehouse. Reserving stock.,ae3780850174a19a
2026-08-16 14:25:00,order-service,INFO,,Inventory reservation confirmed. Initiating payment for order 52735...,ae3780850174a19a
2026-08-16 14:25:00,payment-service,INFO,,Authorizing payment via credit card for amount: $45.99. Order 52735,ae3780850174a19a
2026-08-16 14:25:00,payment-service,INFO,,Payment transaction successful. AuthCode: stripe_ch_d70ba596,ae3780850174a19a
2026-08-16 14:25:00,order-service,INFO,,Payment successful. Confirming order status to PLACED. Order 52735,ae3780850174a19a
2026-08-16 14:25:00,gateway-service,INFO,,Inbound Request POST /api/v1/orders/checkout completed with 201 Created. Trace ID: ae3780850174a19a,ae3780850174a19a
2026-08-16 14:35:00,gateway-service,INFO,,"Inbound Request: POST /api/v1/orders/checkout, User: 63853",4acf6a1f215bdcc3
2026-08-16 14:35:00,auth-service,INFO,,Token validation successful for user 63853,4acf6a1f215bdcc3
2026-08-16 14:35:00,order-service,INFO,,Creating order 53715 for user 63853. Checking inventory...,4acf6a1f215bdcc3
2026-08-16 14:35:00,inventory-service,INFO,,Stock check: Item available in warehouse. Reserving stock.,4acf6a1f215bdcc3
2026-08-16 14:35:00,order-service,INFO,,Inventory reservation confirmed. Initiating payment for order 53715...,4acf6a1f215bdcc3
2026-08-16 14:35:00,payment-service,INFO,,Authorizing payment via credit card for amount: $45.99. Order 53715,4acf6a1f215bdcc3
2026-08-16 14:35:00,payment-service,INFO,,Payment transaction successful. AuthCode: stripe_ch_9eff5321,4acf6a1f215bdcc3
2026-08-16 14:35:00,order-service,INFO,,Payment successful. Confirming order status to PLACED. Order 53715,4acf6a1f215bdcc3
2026-08-16 14:35:00,gateway-service,INFO,,Inbound Request POST /api/v1/orders/checkout completed with 201 Created. Trace ID: 4acf6a1f215bdcc3,4acf6a1f215bdcc3
2026-08-16 15:00:00,gateway-service,INFO,,Gateway routing configurations successfully reloaded. Active routes: /api/v1/*,
2026-08-16 15:00:00,auth-service,INFO,,Session cleaner worker run completed. Cleaned 0 expired tokens.,
2026-08-16 15:00:00,order-service,INFO,,Heartbeat check: Database is reachable. Active connections: 9.,
2026-08-16 15:00:00,inventory-service,INFO,,Stock sync worker ran successfully. 0 items update required.,
2026-08-16 15:00:00,payment-service,INFO,,Gateway healthcheck: stripe connectivity OK.,
2026-08-16 16:00:00,gateway-service,INFO,,Gateway routing configurations successfully reloaded. Active routes: /api/v1/*,
2026-08-16 16:00:00,auth-service,INFO,,Session cleaner worker run completed. Cleaned 0 expired tokens.,
2026-08-16 16:00:00,order-service,INFO,,Heartbeat check: Database is reachable. Active connections: 9.,
2026-08-16 16:00:00,inventory-service,INFO,,Stock sync worker ran successfully. 0 items update required.,
2026-08-16 16:00:00,payment-service,INFO,,Gateway healthcheck: stripe connectivity OK.,
2026-08-16 17:00:00,gateway-service,INFO,,Gateway routing configurations successfully reloaded. Active routes: /api/v1/*,
2026-08-16 17:00:00,auth-service,INFO,,Session cleaner worker run completed. Cleaned 0 expired tokens.,
2026-08-16 17:00:00,order-service,INFO,,Heartbeat check: Database is reachable. Active connections: 10.,
2026-08-16 17:00:00,inventory-service,INFO,,Stock sync worker ran successfully. 0 items update required.,
2026-08-16 17:00:00,payment-service,INFO,,Gateway healthcheck: stripe connectivity OK.,
2026-08-16 18:00:00,gateway-service,INFO,,Gateway routing configurations successfully reloaded. Active routes: /api/v1/*,
2026-08-16 18:00:00,auth-service,INFO,,Session cleaner worker run completed. Cleaned 0 expired tokens.,
2026-08-16 18:00:00,order-service,INFO,,Heartbeat check: Database is reachable. Active connections: 9.,
2026-08-16 18:00:00,inventory-service,INFO,,Stock sync worker ran successfully. 0 items update required.,
2026-08-16 18:00:00,payment-service,INFO,,Gateway healthcheck: stripe connectivity OK.,
2026-08-16 19:00:00,gateway-service,INFO,,Gateway routing configurations successfully reloaded. Active routes: /api/v1/*,
2026-08-16 19:00:00,auth-service,INFO,,Session cleaner worker run completed. Cleaned 0 expired tokens.,
2026-08-16 19:00:00,order-service,INFO,,Heartbeat check: Database is reachable. Active connections: 8.,
2026-08-16 19:00:00,inventory-service,INFO,,Stock sync worker ran successfully. 0 items update required.,
2026-08-16 19:00:00,payment-service,INFO,,Gateway healthcheck: stripe connectivity OK.,
2026-08-16 19:00:00,gateway-service,INFO,,"Inbound Request: POST /api/v1/orders/checkout, User: 12769",4a722772642d7efe
2026-08-16 19:00:00,auth-service,INFO,,Token validation successful for user 12769,4a722772642d7efe
2026-08-16 19:00:00,order-service,INFO,,Creating order 54454 for user 12769. Checking inventory...,4a722772642d7efe
2026-08-16 19:00:00,inventory-service,INFO,,Stock check: Item available in warehouse. Reserving stock.,4a722772642d7efe
2026-08-16 19:00:00,order-service,INFO,,Inventory reservation confirmed. Initiating payment for order 54454...,4a722772642d7efe
2026-08-16 19:00:00,payment-service,INFO,,Authorizing payment via credit card for amount: $45.99. Order 54454,4a722772642d7efe
2026-08-16 19:00:00,payment-service,INFO,,Payment transaction successful. AuthCode: stripe_ch_a69b5974,4a722772642d7efe
2026-08-16 19:00:00,order-service,INFO,,Payment successful. Confirming order status to PLACED. Order 54454,4a722772642d7efe
2026-08-16 19:00:00,gateway-service,INFO,,Inbound Request POST /api/v1/orders/checkout completed with 201 Created. Trace ID: 4a722772642d7efe,4a722772642d7efe
2026-08-16 20:00:00,gateway-service,INFO,,Gateway routing configurations successfully reloaded. Active routes: /api/v1/*,
2026-08-16 20:00:00,auth-service,INFO,,Session cleaner worker run completed. Cleaned 0 expired tokens.,
2026-08-16 20:00:00,order-service,INFO,,Heartbeat check: Database is reachable. Active connections: 8.,
2026-08-16 20:00:00,inventory-service,INFO,,Stock sync worker ran successfully. 0 items update required.,
2026-08-16 20:00:00,payment-service,INFO,,Gateway healthcheck: stripe connectivity OK.,
2026-08-16 21:00:00,gateway-service,INFO,,Gateway routing configurations successfully reloaded. Active routes: /api/v1/*,
2026-08-16 21:00:00,auth-service,INFO,,Session cleaner worker run completed. Cleaned 0 expired tokens.,
2026-08-16 21:00:00,order-service,INFO,,Heartbeat check: Database is reachable. Active connections: 8.,
2026-08-16 21:00:00,inventory-service,INFO,,Stock sync worker ran successfully. 0 items update required.,
2026-08-16 21:00:00,payment-service,INFO,,Gateway healthcheck: stripe connectivity OK.,
2026-08-16 21:05:00,gateway-service,INFO,,"Inbound Request: POST /api/v1/orders/checkout, User: 94568",bfc23bb88b3e3301
2026-08-16 21:05:00,auth-service,INFO,,Token validation successful for user 94568,bfc23bb88b3e3301
2026-08-16 21:05:00,order-service,INFO,,Creating order 55407 for user 94568. Checking inventory...,bfc23bb88b3e3301
2026-08-16 21:05:00,inventory-service,INFO,,Stock check: Item available in warehouse. Reserving stock.,bfc23bb88b3e3301
2026-08-16 21:05:00,order-service,INFO,,Inventory reservation confirmed. Initiating payment for order 55407...,bfc23bb88b3e3301
2026-08-16 21:05:00,payment-service,INFO,,Authorizing payment via credit card for amount: $45.99. Order 55407,bfc23bb88b3e3301
2026-08-16 21:05:00,payment-service,INFO,,Payment transaction successful. AuthCode: stripe_ch_9bd4371a,bfc23bb88b3e3301
2026-08-16 21:05:00,order-service,INFO,,Payment successful. Confirming order status to PLACED. Order 55407,bfc23bb88b3e3301
2026-08-16 21:05:00,gateway-service,INFO,,Inbound Request POST /api/v1/orders/checkout completed with 201 Created. Trace ID: bfc23bb88b3e3301,bfc23bb88b3e3301
2026-08-16 22:00:00,gateway-service,INFO,,Gateway routing configurations successfully reloaded. Active routes: /api/v1/*,
2026-08-16 22:00:00,auth-service,INFO,,Session cleaner worker run completed. Cleaned 0 expired tokens.,
2026-08-16 22:00:00,order-service,INFO,,Heartbeat check: Database is reachable. Active connections: 6.,
2026-08-16 22:00:00,inventory-service,INFO,,Stock sync worker ran successfully. 0 items update required.,
2026-08-16 22:00:00,payment-service,INFO,,Gateway healthcheck: stripe connectivity OK.,
2026-08-16 22:15:00,gateway-service,INFO,,"Inbound Request: POST /api/v1/orders/checkout, User: 21453",62736e43141a2496
2026-08-16 22:15:00,auth-service,INFO,,Token validation successful for user 21453,62736e43141a2496
2026-08-16 22:15:00,order-service,INFO,,Creating order 53844 for user 21453. Checking inventory...,62736e43141a2496
2026-08-16 22:15:00,inventory-service,INFO,,Stock check: Item available in warehouse. Reserving stock.,62736e43141a2496
2026-08-16 22:15:00,order-service,INFO,,Inventory reservation confirmed. Initiating payment for order 53844...,62736e43141a2496
2026-08-16 22:15:00,payment-service,INFO,,Authorizing payment via credit card for amount: $45.99. Order 53844,62736e43141a2496
2026-08-16 22:15:00,payment-service,INFO,,Payment transaction successful. AuthCode: stripe_ch_78604b02,62736e43141a2496
2026-08-16 22:15:00,order-service,INFO,,Payment successful. Confirming order status to PLACED. Order 53844,62736e43141a2496
2026-08-16 22:15:00,gateway-service,INFO,,Inbound Request POST /api/v1/orders/checkout completed with 201 Created. Trace ID: 62736e43141a2496,62736e43141a2496
2026-08-16 23:00:00,gateway-service,INFO,,Gateway routing configurations successfully reloaded. Active routes: /api/v1/*,
2026-08-16 23:00:00,auth-service,INFO,,Session cleaner worker run completed. Cleaned 0 expired tokens.,
2026-08-16 23:00:00,order-service,INFO,,Heartbeat check: Database is reachable. Active connections: 5.,
2026-08-16 23:00:00,inventory-service,INFO,,Stock sync worker ran successfully. 0 items update required.,
2026-08-16 23:00:00,payment-service,INFO,,Gateway healthcheck: stripe connectivity OK.,
2026-08-17 00:00:00,gateway-service,INFO,,Gateway routing configurations successfully reloaded. Active routes: /api/v1/*,
2026-08-17 00:00:00,auth-service,INFO,,Session cleaner worker run completed. Cleaned 0 expired tokens.,
2026-08-17 00:00:00,order-service,INFO,,Heartbeat check: Database is reachable. Active connections: 4.,
2026-08-17 00:00:00,inventory-service,INFO,,Stock sync worker ran successfully. 0 items update required.,
2026-08-17 00:00:00,payment-service,INFO,,Gateway healthcheck: stripe connectivity OK.,
2026-08-17 00:30:00,gateway-service,INFO,,"Inbound Request: POST /api/v1/orders/checkout, User: 80178",53e83d0c7f6b15d7
2026-08-17 00:30:00,auth-service,INFO,,Token validation successful for user 80178,53e83d0c7f6b15d7
2026-08-17 00:30:00,order-service,INFO,,Creating order 50133 for user 80178. Checking inventory...,53e83d0c7f6b15d7
2026-08-17 00:30:00,inventory-service,INFO,,Stock check: Item available in warehouse. Reserving stock.,53e83d0c7f6b15d7
2026-08-17 00:30:00,order-service,INFO,,Inventory reservation confirmed. Initiating payment for order 50133...,53e83d0c7f6b15d7
2026-08-17 00:30:00,payment-service,INFO,,Authorizing payment via credit card for amount: $45.99. Order 50133,53e83d0c7f6b15d7
2026-08-17 00:30:00,payment-service,INFO,,Payment transaction successful. AuthCode: stripe_ch_d66451d0,53e83d0c7f6b15d7
2026-08-17 00:30:00,order-service,INFO,,Payment successful. Confirming order status to PLACED. Order 50133,53e83d0c7f6b15d7
2026-08-17 00:30:00,gateway-service,INFO,,Inbound Request POST /api/v1/orders/checkout completed with 201 Created. Trace ID: 53e83d0c7f6b15d7,53e83d0c7f6b15d7
2026-08-17 01:00:00,gateway-service,INFO,,Gateway routing configurations successfully reloaded. Active routes: /api/v1/*,
2026-08-17 01:00:00,auth-service,INFO,,Session cleaner worker run completed. Cleaned 0 expired tokens.,
2026-08-17 01:00:00,order-service,INFO,,Heartbeat check: Database is reachable. Active connections: 3.,
2026-08-17 01:00:00,inventory-service,INFO,,Stock sync worker ran successfully. 0 items update required.,
2026-08-17 01:00:00,payment-service,INFO,,Gateway healthcheck: stripe connectivity OK.,
2026-08-17 02:00:00,gateway-service,INFO,,Gateway routing configurations successfully reloaded. Active routes: /api/v1/*,
2026-08-17 02:00:00,auth-service,INFO,,Session cleaner worker run completed. Cleaned 0 expired tokens.,
2026-08-17 02:00:00,order-service,INFO,,Heartbeat check: Database is reachable. Active connections: 3.,
2026-08-17 02:00:00,inventory-service,INFO,,Stock sync worker ran successfully. 0 items update required.,
2026-08-17 02:00:00,payment-service,INFO,,Gateway healthcheck: stripe connectivity OK.,
2026-08-17 03:00:00,gateway-service,INFO,,Gateway routing configurations successfully reloaded. Active routes: /api/v1/*,
2026-08-17 03:00:00,auth-service,INFO,,Session cleaner worker run completed. Cleaned 0 expired tokens.,
2026-08-17 03:00:00,order-service,INFO,,Heartbeat check: Database is reachable. Active connections: 3.,
2026-08-17 03:00:00,inventory-service,INFO,,Stock sync worker ran successfully. 0 items update required.,
2026-08-17 03:00:00,payment-service,INFO,,Gateway healthcheck: stripe connectivity OK.,
2026-08-17 04:00:00,gateway-service,INFO,,Gateway routing configurations successfully reloaded. Active routes: /api/v1/*,
2026-08-17 04:00:00,auth-service,INFO,,Session cleaner worker run completed. Cleaned 0 expired tokens.,
2026-08-17 04:00:00,order-service,INFO,,Heartbeat check: Database is reachable. Active connections: 3.,
2026-08-17 04:00:00,inventory-service,INFO,,Stock sync worker ran successfully. 0 items update required.,
2026-08-17 04:00:00,payment-service,INFO,,Gateway healthcheck: stripe connectivity OK.,
2026-08-17 05:00:00,gateway-service,INFO,,Gateway routing configurations successfully reloaded. Active routes: /api/v1/*,
2026-08-17 05:00:00,auth-service,INFO,,Session cleaner worker run completed. Cleaned 0 expired tokens.,
2026-08-17 05:00:00,order-service,INFO,,Heartbeat check: Database is reachable. Active connections: 3.,
2026-08-17 05:00:00,inventory-service,INFO,,Stock sync worker ran successfully. 0 items update required.,
2026-08-17 05:00:00,payment-service,INFO,,Gateway healthcheck: stripe connectivity OK.,
2026-08-17 06:00:00,gateway-service,INFO,,Gateway routing configurations successfully reloaded. Active routes: /api/v1/*,
2026-08-17 06:00:00,auth-service,INFO,,Session cleaner worker run completed. Cleaned 0 expired tokens.,
2026-08-17 06:00:00,order-service,INFO,,Heartbeat check: Database is reachable. Active connections: 5.,
2026-08-17 06:00:00,inventory-service,INFO,,Stock sync worker ran successfully. 0 items update required.,
2026-08-17 06:00:00,payment-service,INFO,,Gateway healthcheck: stripe connectivity OK.,
2026-08-17 07:00:00,gateway-service,INFO,,Gateway routing configurations successfully reloaded. Active routes: /api/v1/*,
2026-08-17 07:00:00,auth-service,INFO,,Session cleaner worker run completed. Cleaned 0 expired tokens.,
2026-08-17 07:00:00,order-service,INFO,,Heartbeat check: Database is reachable. Active connections: 8.,
2026-08-17 07:00:00,inventory-service,INFO,,Stock sync worker ran successfully. 0 items update required.,
2026-08-17 07:00:00,payment-service,INFO,,Gateway healthcheck: stripe connectivity OK.,
2026-08-17 08:00:00,order-service,WARN,,"HikariPool-1 - Connection pool status: Active=5, Idle=0, Pending=18, MaxAllowed=5. Thread starvation warning.",
2026-08-17 08:00:00,order-service,ERROR,ERR-DB-POOL-TIMEOUT,"SQLTransientConnectionException: HikariPool-1 - Connection is not available, request timed out after 5000ms. Trace ID: 2f892a991a2b7a40",2f892a991a2b7a40
2026-08-17 08:00:00,gateway-service,ERROR,ERR-GATEWAY-TIMEOUT,Bad Gateway (504): order-service failed to respond in time. Trace ID: 2f892a991a2b7a40,2f892a991a2b7a40
2026-08-17 08:00:00,gateway-service,INFO,,Gateway routing configurations successfully reloaded. Active routes: /api/v1/*,
2026-08-17 08:00:00,auth-service,INFO,,Session cleaner worker run completed. Cleaned 0 expired tokens.,
2026-08-17 08:00:00,order-service,INFO,,Heartbeat check: Database is reachable. Active connections: 5.,
2026-08-17 08:00:00,inventory-service,INFO,,Stock sync worker ran successfully. 0 items update required.,
2026-08-17 08:00:00,payment-service,INFO,,Gateway healthcheck: stripe connectivity OK.,
2026-08-17 08:05:00,order-service,WARN,,"HikariPool-1 - Connection pool status: Active=5, Idle=0, Pending=18, MaxAllowed=5. Thread starvation warning.",
2026-08-17 08:05:00,order-service,ERROR,ERR-DB-POOL-TIMEOUT,"SQLTransientConnectionException: HikariPool-1 - Connection is not available, request timed out after 5000ms. Trace ID: 7ea860f1df6814f9",7ea860f1df6814f9
2026-08-17 08:05:00,gateway-service,ERROR,ERR-GATEWAY-TIMEOUT,Bad Gateway (504): order-service failed to respond in time. Trace ID: 7ea860f1df6814f9,7ea860f1df6814f9
2026-08-17 08:10:00,order-service,WARN,,"HikariPool-1 - Connection pool status: Active=5, Idle=0, Pending=18, MaxAllowed=5. Thread starvation warning.",
2026-08-17 08:10:00,order-service,ERROR,ERR-DB-POOL-TIMEOUT,"SQLTransientConnectionException: HikariPool-1 - Connection is not available, request timed out after 5000ms. Trace ID: e41409960e2815fd",e41409960e2815fd
2026-08-17 08:10:00,gateway-service,ERROR,ERR-GATEWAY-TIMEOUT,Bad Gateway (504): order-service failed to respond in time. Trace ID: e41409960e2815fd,e41409960e2815fd
2026-08-17 08:15:00,order-service,WARN,,"HikariPool-1 - Connection pool status: Active=5, Idle=0, Pending=18, MaxAllowed=5. Thread starvation warning.",
2026-08-17 08:15:00,order-service,ERROR,ERR-DB-POOL-TIMEOUT,"SQLTransientConnectionException: HikariPool-1 - Connection is not available, request timed out after 5000ms. Trace ID: 8522311cf07c83dc",8522311cf07c83dc
2026-08-17 08:15:00,gateway-service,ERROR,ERR-GATEWAY-TIMEOUT,Bad Gateway (504): order-service failed to respond in time. Trace ID: 8522311cf07c83dc,8522311cf07c83dc
2026-08-17 08:20:00,order-service,WARN,,"HikariPool-1 - Connection pool status: Active=5, Idle=0, Pending=18, MaxAllowed=5. Thread starvation warning.",
2026-08-17 08:20:00,order-service,ERROR,ERR-DB-POOL-TIMEOUT,"SQLTransientConnectionException: HikariPool-1 - Connection is not available, request timed out after 5000ms. Trace ID: a6a75de073ec78c9",a6a75de073ec78c9
2026-08-17 08:20:00,gateway-service,ERROR,ERR-GATEWAY-TIMEOUT,Bad Gateway (504): order-service failed to respond in time. Trace ID: a6a75de073ec78c9,a6a75de073ec78c9
2026-08-17 08:25:00,order-service,WARN,,"HikariPool-1 - Connection pool status: Active=5, Idle=0, Pending=18, MaxAllowed=5. Thread starvation warning.",
2026-08-17 08:25:00,order-service,ERROR,ERR-DB-POOL-TIMEOUT,"SQLTransientConnectionException: HikariPool-1 - Connection is not available, request timed out after 5000ms. Trace ID: 918f0d3699903fb4",918f0d3699903fb4
2026-08-17 08:25:00,gateway-service,ERROR,ERR-GATEWAY-TIMEOUT,Bad Gateway (504): order-service failed to respond in time. Trace ID: 918f0d3699903fb4,918f0d3699903fb4
2026-08-17 08:30:00,order-service,WARN,,"HikariPool-1 - Connection pool status: Active=5, Idle=0, Pending=18, MaxAllowed=5. Thread starvation warning.",
2026-08-17 08:30:00,order-service,ERROR,ERR-DB-POOL-TIMEOUT,"SQLTransientConnectionException: HikariPool-1 - Connection is not available, request timed out after 5000ms. Trace ID: 2e660a2d98804de2",2e660a2d98804de2
2026-08-17 08:30:00,gateway-service,ERROR,ERR-GATEWAY-TIMEOUT,Bad Gateway (504): order-service failed to respond in time. Trace ID: 2e660a2d98804de2,2e660a2d98804de2
2026-08-17 08:35:00,order-service,WARN,,"HikariPool-1 - Connection pool status: Active=5, Idle=0, Pending=18, MaxAllowed=5. Thread starvation warning.",
2026-08-17 08:35:00,order-service,ERROR,ERR-DB-POOL-TIMEOUT,"SQLTransientConnectionException: HikariPool-1 - Connection is not available, request timed out after 5000ms. Trace ID: 40db98fa39c5ab64",40db98fa39c5ab64
2026-08-17 08:35:00,gateway-service,ERROR,ERR-GATEWAY-TIMEOUT,Bad Gateway (504): order-service failed to respond in time. Trace ID: 40db98fa39c5ab64,40db98fa39c5ab64
2026-08-17 08:40:00,order-service,WARN,,"HikariPool-1 - Connection pool status: Active=5, Idle=0, Pending=18, MaxAllowed=5. Thread starvation warning.",
2026-08-17 08:40:00,order-service,ERROR,ERR-DB-POOL-TIMEOUT,"SQLTransientConnectionException: HikariPool-1 - Connection is not available, request timed out after 5000ms. Trace ID: f4df2191da51e4b6",f4df2191da51e4b6
2026-08-17 08:40:00,gateway-service,ERROR,ERR-GATEWAY-TIMEOUT,Bad Gateway (504): order-service failed to respond in time. Trace ID: f4df2191da51e4b6,f4df2191da51e4b6
2026-08-17 08:45:00,order-service,WARN,,"HikariPool-1 - Connection pool status: Active=5, Idle=0, Pending=18, MaxAllowed=5. Thread starvation warning.",
2026-08-17 08:45:00,order-service,ERROR,ERR-DB-POOL-TIMEOUT,"SQLTransientConnectionException: HikariPool-1 - Connection is not available, request timed out after 5000ms. Trace ID: 8d728aa322da0698",8d728aa322da0698
2026-08-17 08:45:00,gateway-service,ERROR,ERR-GATEWAY-TIMEOUT,Bad Gateway (504): order-service failed to respond in time. Trace ID: 8d728aa322da0698,8d728aa322da0698
2026-08-17 08:50:00,order-service,WARN,,"HikariPool-1 - Connection pool status: Active=5, Idle=0, Pending=18, MaxAllowed=5. Thread starvation warning.",
2026-08-17 08:50:00,order-service,ERROR,ERR-DB-POOL-TIMEOUT,"SQLTransientConnectionException: HikariPool-1 - Connection is not available, request timed out after 5000ms. Trace ID: 8ec65d3bbbfa8334",8ec65d3bbbfa8334
2026-08-17 08:50:00,gateway-service,ERROR,ERR-GATEWAY-TIMEOUT,Bad Gateway (504): order-service failed to respond in time. Trace ID: 8ec65d3bbbfa8334,8ec65d3bbbfa8334
2026-08-17 08:55:00,order-service,WARN,,"HikariPool-1 - Connection pool status: Active=5, Idle=0, Pending=18, MaxAllowed=5. Thread starvation warning.",
2026-08-17 08:55:00,order-service,ERROR,ERR-DB-POOL-TIMEOUT,"SQLTransientConnectionException: HikariPool-1 - Connection is not available, request timed out after 5000ms. Trace ID: 403374c39e9213a7",403374c39e9213a7
2026-08-17 08:55:00,gateway-service,ERROR,ERR-GATEWAY-TIMEOUT,Bad Gateway (504): order-service failed to respond in time. Trace ID: 403374c39e9213a7,403374c39e9213a7
2026-08-17 09:00:00,order-service,WARN,,"HikariPool-1 - Connection pool status: Active=5, Idle=0, Pending=18, MaxAllowed=5. Thread starvation warning.",
2026-08-17 09:00:00,order-service,ERROR,ERR-DB-POOL-TIMEOUT,"SQLTransientConnectionException: HikariPool-1 - Connection is not available, request timed out after 5000ms. Trace ID: 9406b44544cf13cc",9406b44544cf13cc
2026-08-17 09:00:00,gateway-service,ERROR,ERR-GATEWAY-TIMEOUT,Bad Gateway (504): order-service failed to respond in time. Trace ID: 9406b44544cf13cc,9406b44544cf13cc
2026-08-17 09:00:00,gateway-service,INFO,,Gateway routing configurations successfully reloaded. Active routes: /api/v1/*,
2026-08-17 09:00:00,auth-service,INFO,,Session cleaner worker run completed. Cleaned 0 expired tokens.,
2026-08-17 09:00:00,order-service,INFO,,Heartbeat check: Database is reachable. Active connections: 5.,
2026-08-17 09:00:00,inventory-service,INFO,,Stock sync worker ran successfully. 0 items update required.,
2026-08-17 09:00:00,payment-service,INFO,,Gateway healthcheck: stripe connectivity OK.,
2026-08-17 09:05:00,order-service,WARN,,"HikariPool-1 - Connection pool status: Active=5, Idle=0, Pending=18, MaxAllowed=5. Thread starvation warning.",
2026-08-17 09:05:00,order-service,ERROR,ERR-DB-POOL-TIMEOUT,"SQLTransientConnectionException: HikariPool-1 - Connection is not available, request timed out after 5000ms. Trace ID: e40c8eeeaf42b58f",e40c8eeeaf42b58f
2026-08-17 09:05:00,gateway-service,ERROR,ERR-GATEWAY-TIMEOUT,Bad Gateway (504): order-service failed to respond in time. Trace ID: e40c8eeeaf42b58f,e40c8eeeaf42b58f
2026-08-17 09:10:00,order-service,WARN,,"HikariPool-1 - Connection pool status: Active=5, Idle=0, Pending=18, MaxAllowed=5. Thread starvation warning.",
2026-08-17 09:10:00,order-service,ERROR,ERR-DB-POOL-TIMEOUT,"SQLTransientConnectionException: HikariPool-1 - Connection is not available, request timed out after 5000ms. Trace ID: d310d79b1ec15014",d310d79b1ec15014
2026-08-17 09:10:00,gateway-service,ERROR,ERR-GATEWAY-TIMEOUT,Bad Gateway (504): order-service failed to respond in time. Trace ID: d310d79b1ec15014,d310d79b1ec15014
2026-08-17 09:15:00,order-service,WARN,,"HikariPool-1 - Connection pool status: Active=5, Idle=0, Pending=18, MaxAllowed=5. Thread starvation warning.",
2026-08-17 09:15:00,order-service,ERROR,ERR-DB-POOL-TIMEOUT,"SQLTransientConnectionException: HikariPool-1 - Connection is not available, request timed out after 5000ms. Trace ID: 00ff58228f1d6d2c",00ff58228f1d6d2c
2026-08-17 09:15:00,gateway-service,ERROR,ERR-GATEWAY-TIMEOUT,Bad Gateway (504): order-service failed to respond in time. Trace ID: 00ff58228f1d6d2c,00ff58228f1d6d2c
2026-08-17 09:20:00,order-service,WARN,,"HikariPool-1 - Connection pool status: Active=5, Idle=0, Pending=18, MaxAllowed=5. Thread starvation warning.",
2026-08-17 09:20:00,order-service,ERROR,ERR-DB-POOL-TIMEOUT,"SQLTransientConnectionException: HikariPool-1 - Connection is not available, request timed out after 5000ms. Trace ID: 938591260f290940",938591260f290940
2026-08-17 09:20:00,gateway-service,ERROR,ERR-GATEWAY-TIMEOUT,Bad Gateway (504): order-service failed to respond in time. Trace ID: 938591260f290940,938591260f290940
2026-08-17 09:25:00,order-service,WARN,,"HikariPool-1 - Connection pool status: Active=5, Idle=0, Pending=18, MaxAllowed=5. Thread starvation warning.",
2026-08-17 09:25:00,order-service,ERROR,ERR-DB-POOL-TIMEOUT,"SQLTransientConnectionException: HikariPool-1 - Connection is not available, request timed out after 5000ms. Trace ID: 3d6006cb9f5b0266",3d6006cb9f5b0266
2026-08-17 09:25:00,gateway-service,ERROR,ERR-GATEWAY-TIMEOUT,Bad Gateway (504): order-service failed to respond in time. Trace ID: 3d6006cb9f5b0266,3d6006cb9f5b0266
2026-08-17 09:30:00,order-service,WARN,,"HikariPool-1 - Connection pool status: Active=5, Idle=0, Pending=18, MaxAllowed=5. Thread starvation warning.",
2026-08-17 09:30:00,order-service,ERROR,ERR-DB-POOL-TIMEOUT,"SQLTransientConnectionException: HikariPool-1 - Connection is not available, request timed out after 5000ms. Trace ID: f37b626e4a34d646",f37b626e4a34d646
2026-08-17 09:30:00,gateway-service,ERROR,ERR-GATEWAY-TIMEOUT,Bad Gateway (504): order-service failed to respond in time. Trace ID: f37b626e4a34d646,f37b626e4a34d646
2026-08-17 09:35:00,order-service,WARN,,"HikariPool-1 - Connection pool status: Active=5, Idle=0, Pending=18, MaxAllowed=5. Thread starvation warning.",
2026-08-17 09:35:00,order-service,ERROR,ERR-DB-POOL-TIMEOUT,"SQLTransientConnectionException: HikariPool-1 - Connection is not available, request timed out after 5000ms. Trace ID: 802cc3c88ac0632f",802cc3c88ac0632f
2026-08-17 09:35:00,gateway-service,ERROR,ERR-GATEWAY-TIMEOUT,Bad Gateway (504): order-service failed to respond in time. Trace ID: 802cc3c88ac0632f,802cc3c88ac0632f
2026-08-17 09:40:00,order-service,WARN,,"HikariPool-1 - Connection pool status: Active=5, Idle=0, Pending=18, MaxAllowed=5. Thread starvation warning.",
2026-08-17 09:40:00,order-service,ERROR,ERR-DB-POOL-TIMEOUT,"SQLTransientConnectionException: HikariPool-1 - Connection is not available, request timed out after 5000ms. Trace ID: 93fc9dcf211e855c",93fc9dcf211e855c
2026-08-17 09:40:00,gateway-service,ERROR,ERR-GATEWAY-TIMEOUT,Bad Gateway (504): order-service failed to respond in time. Trace ID: 93fc9dcf211e855c,93fc9dcf211e855c
2026-08-17 09:45:00,order-service,WARN,,"HikariPool-1 - Connection pool status: Active=5, Idle=0, Pending=18, MaxAllowed=5. Thread starvation warning.",
2026-08-17 09:45:00,order-service,ERROR,ERR-DB-POOL-TIMEOUT,"SQLTransientConnectionException: HikariPool-1 - Connection is not available, request timed out after 5000ms. Trace ID: 6616132d6cb0893e",6616132d6cb0893e
2026-08-17 09:45:00,gateway-service,ERROR,ERR-GATEWAY-TIMEOUT,Bad Gateway (504): order-service failed to respond in time. Trace ID: 6616132d6cb0893e,6616132d6cb0893e
2026-08-17 09:50:00,order-service,WARN,,"HikariPool-1 - Connection pool status: Active=5, Idle=0, Pending=18, MaxAllowed=5. Thread starvation warning.",
2026-08-17 09:50:00,order-service,ERROR,ERR-DB-POOL-TIMEOUT,"SQLTransientConnectionException: HikariPool-1 - Connection is not available, request timed out after 5000ms. Trace ID: fa65f3b0c81a7bd3",fa65f3b0c81a7bd3
2026-08-17 09:50:00,gateway-service,ERROR,ERR-GATEWAY-TIMEOUT,Bad Gateway (504): order-service failed to respond in time. Trace ID: fa65f3b0c81a7bd3,fa65f3b0c81a7bd3
2026-08-17 09:55:00,order-service,WARN,,"HikariPool-1 - Connection pool status: Active=5, Idle=0, Pending=18, MaxAllowed=5. Thread starvation warning.",
2026-08-17 09:55:00,order-service,ERROR,ERR-DB-POOL-TIMEOUT,"SQLTransientConnectionException: HikariPool-1 - Connection is not available, request timed out after 5000ms. Trace ID: 4cf884870b619631",4cf884870b619631
2026-08-17 09:55:00,gateway-service,ERROR,ERR-GATEWAY-TIMEOUT,Bad Gateway (504): order-service failed to respond in time. Trace ID: 4cf884870b619631,4cf884870b619631
2026-08-17 10:00:00,order-service,WARN,,"HikariPool-1 - Connection pool status: Active=5, Idle=0, Pending=18, MaxAllowed=5. Thread starvation warning.",
2026-08-17 10:00:00,order-service,ERROR,ERR-DB-POOL-TIMEOUT,"SQLTransientConnectionException: HikariPool-1 - Connection is not available, request timed out after 5000ms. Trace ID: 01f13328022505e0",01f13328022505e0
2026-08-17 10:00:00,gateway-service,ERROR,ERR-GATEWAY-TIMEOUT,Bad Gateway (504): order-service failed to respond in time. Trace ID: 01f13328022505e0,01f13328022505e0
2026-08-17 10:00:00,gateway-service,INFO,,Gateway routing configurations successfully reloaded. Active routes: /api/v1/*,
2026-08-17 10:00:00,auth-service,INFO,,Session cleaner worker run completed. Cleaned 0 expired tokens.,
2026-08-17 10:00:00,order-service,INFO,,Heartbeat check: Database is reachable. Active connections: 5.,
2026-08-17 10:00:00,inventory-service,INFO,,Stock sync worker ran successfully. 0 items update required.,
2026-08-17 10:00:00,payment-service,INFO,,Gateway healthcheck: stripe connectivity OK.,
2026-08-17 10:05:00,order-service,WARN,,"HikariPool-1 - Connection pool status: Active=5, Idle=0, Pending=18, MaxAllowed=5. Thread starvation warning.",
2026-08-17 10:05:00,order-service,ERROR,ERR-DB-POOL-TIMEOUT,"SQLTransientConnectionException: HikariPool-1 - Connection is not available, request timed out after 5000ms. Trace ID: 25fced2d63b29eba",25fced2d63b29eba
2026-08-17 10:05:00,gateway-service,ERROR,ERR-GATEWAY-TIMEOUT,Bad Gateway (504): order-service failed to respond in time. Trace ID: 25fced2d63b29eba,25fced2d63b29eba
2026-08-17 10:10:00,order-service,WARN,,"HikariPool-1 - Connection pool status: Active=5, Idle=0, Pending=18, MaxAllowed=5. Thread starvation warning.",
2026-08-17 10:10:00,order-service,ERROR,ERR-DB-POOL-TIMEOUT,"SQLTransientConnectionException: HikariPool-1 - Connection is not available, request timed out after 5000ms. Trace ID: 39f3c770e1c01a3b",39f3c770e1c01a3b
2026-08-17 10:10:00,gateway-service,ERROR,ERR-GATEWAY-TIMEOUT,Bad Gateway (504): order-service failed to respond in time. Trace ID: 39f3c770e1c01a3b,39f3c770e1c01a3b
2026-08-17 10:15:00,order-service,WARN,,"HikariPool-1 - Connection pool status: Active=5, Idle=0, Pending=18, MaxAllowed=5. Thread starvation warning.",
2026-08-17 10:15:00,order-service,ERROR,ERR-DB-POOL-TIMEOUT,"SQLTransientConnectionException: HikariPool-1 - Connection is not available, request timed out after 5000ms. Trace ID: 553bbe5761af914f",553bbe5761af914f
2026-08-17 10:15:00,gateway-service,ERROR,ERR-GATEWAY-TIMEOUT,Bad Gateway (504): order-service failed to respond in time. Trace ID: 553bbe5761af914f,553bbe5761af914f
2026-08-17 10:20:00,order-service,WARN,,"HikariPool-1 - Connection pool status: Active=5, Idle=0, Pending=18, MaxAllowed=5. Thread starvation warning.",
2026-08-17 10:20:00,order-service,ERROR,ERR-DB-POOL-TIMEOUT,"SQLTransientConnectionException: HikariPool-1 - Connection is not available, request timed out after 5000ms. Trace ID: c740ef96aa475c0f",c740ef96aa475c0f
2026-08-17 10:20:00,gateway-service,ERROR,ERR-GATEWAY-TIMEOUT,Bad Gateway (504): order-service failed to respond in time. Trace ID: c740ef96aa475c0f,c740ef96aa475c0f
2026-08-17 10:25:00,order-service,WARN,,"HikariPool-1 - Connection pool status: Active=5, Idle=0, Pending=18, MaxAllowed=5. Thread starvation warning.",
2026-08-17 10:25:00,order-service,ERROR,ERR-DB-POOL-TIMEOUT,"SQLTransientConnectionException: HikariPool-1 - Connection is not available, request timed out after 5000ms. Trace ID: 5d6e561e7bca6615",5d6e561e7bca6615
2026-08-17 10:25:00,gateway-service,ERROR,ERR-GATEWAY-TIMEOUT,Bad Gateway (504): order-service failed to respond in time. Trace ID: 5d6e561e7bca6615,5d6e561e7bca6615
2026-08-17 10:30:00,order-service,WARN,,"HikariPool-1 - Connection pool status: Active=5, Idle=0, Pending=18, MaxAllowed=5. Thread starvation warning.",
2026-08-17 10:30:00,order-service,ERROR,ERR-DB-POOL-TIMEOUT,"SQLTransientConnectionException: HikariPool-1 - Connection is not available, request timed out after 5000ms. Trace ID: a65a14271446bfda",a65a14271446bfda
2026-08-17 10:30:00,gateway-service,ERROR,ERR-GATEWAY-TIMEOUT,Bad Gateway (504): order-service failed to respond in time. Trace ID: a65a14271446bfda,a65a14271446bfda
2026-08-17 10:35:00,order-service,WARN,,"HikariPool-1 - Connection pool status: Active=5, Idle=0, Pending=18, MaxAllowed=5. Thread starvation warning.",
2026-08-17 10:35:00,order-service,ERROR,ERR-DB-POOL-TIMEOUT,"SQLTransientConnectionException: HikariPool-1 - Connection is not available, request timed out after 5000ms. Trace ID: 53644fd19c8e7b13",53644fd19c8e7b13
2026-08-17 10:35:00,gateway-service,ERROR,ERR-GATEWAY-TIMEOUT,Bad Gateway (504): order-service failed to respond in time. Trace ID: 53644fd19c8e7b13,53644fd19c8e7b13
2026-08-17 10:40:00,order-service,WARN,,"HikariPool-1 - Connection pool status: Active=5, Idle=0, Pending=18, MaxAllowed=5. Thread starvation warning.",
2026-08-17 10:40:00,order-service,ERROR,ERR-DB-POOL-TIMEOUT,"SQLTransientConnectionException: HikariPool-1 - Connection is not available, request timed out after 5000ms. Trace ID: c8bf6fce536bc7d3",c8bf6fce536bc7d3
2026-08-17 10:40:00,gateway-service,ERROR,ERR-GATEWAY-TIMEOUT,Bad Gateway (504): order-service failed to respond in time. Trace ID: c8bf6fce536bc7d3,c8bf6fce536bc7d3
2026-08-17 10:45:00,order-service,WARN,,"HikariPool-1 - Connection pool status: Active=5, Idle=0, Pending=18, MaxAllowed=5. Thread starvation warning.",
2026-08-17 10:45:00,order-service,ERROR,ERR-DB-POOL-TIMEOUT,"SQLTransientConnectionException: HikariPool-1 - Connection is not available, request timed out after 5000ms. Trace ID: cd39d8244fe126ba",cd39d8244fe126ba
2026-08-17 10:45:00,gateway-service,ERROR,ERR-GATEWAY-TIMEOUT,Bad Gateway (504): order-service failed to respond in time. Trace ID: cd39d8244fe126ba,cd39d8244fe126ba
2026-08-17 10:50:00,order-service,WARN,,"HikariPool-1 - Connection pool status: Active=5, Idle=0, Pending=18, MaxAllowed=5. Thread starvation warning.",
2026-08-17 10:50:00,order-service,ERROR,ERR-DB-POOL-TIMEOUT,"SQLTransientConnectionException: HikariPool-1 - Connection is not available, request timed out after 5000ms. Trace ID: 03da9626d9971b9a",03da9626d9971b9a
2026-08-17 10:50:00,gateway-service,ERROR,ERR-GATEWAY-TIMEOUT,Bad Gateway (504): order-service failed to respond in time. Trace ID: 03da9626d9971b9a,03da9626d9971b9a
2026-08-17 10:55:00,order-service,WARN,,"HikariPool-1 - Connection pool status: Active=5, Idle=0, Pending=18, MaxAllowed=5. Thread starvation warning.",
2026-08-17 10:55:00,order-service,ERROR,ERR-DB-POOL-TIMEOUT,"SQLTransientConnectionException: HikariPool-1 - Connection is not available, request timed out after 5000ms. Trace ID: 9de1cac9ee4a6c22",9de1cac9ee4a6c22
2026-08-17 10:55:00,gateway-service,ERROR,ERR-GATEWAY-TIMEOUT,Bad Gateway (504): order-service failed to respond in time. Trace ID: 9de1cac9ee4a6c22,9de1cac9ee4a6c22
2026-08-17 11:00:00,order-service,WARN,,"HikariPool-1 - Connection pool status: Active=5, Idle=0, Pending=18, MaxAllowed=5. Thread starvation warning.",
2026-08-17 11:00:00,order-service,ERROR,ERR-DB-POOL-TIMEOUT,"SQLTransientConnectionException: HikariPool-1 - Connection is not available, request timed out after 5000ms. Trace ID: f6f0aba8f2c83b87",f6f0aba8f2c83b87
2026-08-17 11:00:00,gateway-service,ERROR,ERR-GATEWAY-TIMEOUT,Bad Gateway (504): order-service failed to respond in time. Trace ID: f6f0aba8f2c83b87,f6f0aba8f2c83b87
2026-08-17 11:00:00,gateway-service,INFO,,Gateway routing configurations successfully reloaded. Active routes: /api/v1/*,
2026-08-17 11:00:00,auth-service,INFO,,Session cleaner worker run completed. Cleaned 0 expired tokens.,
2026-08-17 11:00:00,order-service,INFO,,Heartbeat check: Database is reachable. Active connections: 5.,
2026-08-17 11:00:00,inventory-service,INFO,,Stock sync worker ran successfully. 0 items update required.,
2026-08-17 11:00:00,payment-service,INFO,,Gateway healthcheck: stripe connectivity OK.,
2026-08-17 11:05:00,order-service,WARN,,"HikariPool-1 - Connection pool status: Active=5, Idle=0, Pending=18, MaxAllowed=5. Thread starvation warning.",
2026-08-17 11:05:00,order-service,ERROR,ERR-DB-POOL-TIMEOUT,"SQLTransientConnectionException: HikariPool-1 - Connection is not available, request timed out after 5000ms. Trace ID: 922b593e1911af95",922b593e1911af95
2026-08-17 11:05:00,gateway-service,ERROR,ERR-GATEWAY-TIMEOUT,Bad Gateway (504): order-service failed to respond in time. Trace ID: 922b593e1911af95,922b593e1911af95
2026-08-17 11:10:00,order-service,WARN,,"HikariPool-1 - Connection pool status: Active=5, Idle=0, Pending=18, MaxAllowed=5. Thread starvation warning.",
2026-08-17 11:10:00,order-service,ERROR,ERR-DB-POOL-TIMEOUT,"SQLTransientConnectionException: HikariPool-1 - Connection is not available, request timed out after 5000ms. Trace ID: f5044a7bb580bbbb",f5044a7bb580bbbb
2026-08-17 11:10:00,gateway-service,ERROR,ERR-GATEWAY-TIMEOUT,Bad Gateway (504): order-service failed to respond in time. Trace ID: f5044a7bb580bbbb,f5044a7bb580bbbb
2026-08-17 11:15:00,order-service,WARN,,"HikariPool-1 - Connection pool status: Active=5, Idle=0, Pending=18, MaxAllowed=5. Thread starvation warning.",
2026-08-17 11:15:00,order-service,ERROR,ERR-DB-POOL-TIMEOUT,"SQLTransientConnectionException: HikariPool-1 - Connection is not available, request timed out after 5000ms. Trace ID: 0cae9f301ab50924",0cae9f301ab50924
2026-08-17 11:15:00,gateway-service,ERROR,ERR-GATEWAY-TIMEOUT,Bad Gateway (504): order-service failed to respond in time. Trace ID: 0cae9f301ab50924,0cae9f301ab50924
2026-08-17 11:20:00,order-service,WARN,,"HikariPool-1 - Connection pool status: Active=5, Idle=0, Pending=18, MaxAllowed=5. Thread starvation warning.",
2026-08-17 11:20:00,order-service,ERROR,ERR-DB-POOL-TIMEOUT,"SQLTransientConnectionException: HikariPool-1 - Connection is not available, request timed out after 5000ms. Trace ID: 73693086dc9520e9",73693086dc9520e9
2026-08-17 11:20:00,gateway-service,ERROR,ERR-GATEWAY-TIMEOUT,Bad Gateway (504): order-service failed to respond in time. Trace ID: 73693086dc9520e9,73693086dc9520e9
2026-08-17 11:20:00,gateway-service,INFO,,"Inbound Request: POST /api/v1/orders/checkout, User: 69059",1b9eff751a657950
2026-08-17 11:20:00,auth-service,INFO,,Token validation successful for user 69059,1b9eff751a657950
2026-08-17 11:20:00,order-service,INFO,,Creating order 50896 for user 69059. Checking inventory...,1b9eff751a657950
2026-08-17 11:20:00,inventory-service,INFO,,Stock check: Item available in warehouse. Reserving stock.,1b9eff751a657950
2026-08-17 11:20:00,order-service,INFO,,Inventory reservation confirmed. Initiating payment for order 50896...,1b9eff751a657950
2026-08-17 11:20:00,payment-service,INFO,,Authorizing payment via credit card for amount: $45.99. Order 50896,1b9eff751a657950
2026-08-17 11:20:00,payment-service,INFO,,Payment transaction successful. AuthCode: stripe_ch_75a0ca84,1b9eff751a657950
2026-08-17 11:20:00,order-service,INFO,,Payment successful. Confirming order status to PLACED. Order 50896,1b9eff751a657950
2026-08-17 11:20:00,gateway-service,INFO,,Inbound Request POST /api/v1/orders/checkout completed with 201 Created. Trace ID: 1b9eff751a657950,1b9eff751a657950
2026-08-17 11:25:00,order-service,WARN,,"HikariPool-1 - Connection pool status: Active=5, Idle=0, Pending=18, MaxAllowed=5. Thread starvation warning.",
2026-08-17 11:25:00,order-service,ERROR,ERR-DB-POOL-TIMEOUT,"SQLTransientConnectionException: HikariPool-1 - Connection is not available, request timed out after 5000ms. Trace ID: f702390bcd5e414f",f702390bcd5e414f
2026-08-17 11:25:00,gateway-service,ERROR,ERR-GATEWAY-TIMEOUT,Bad Gateway (504): order-service failed to respond in time. Trace ID: f702390bcd5e414f,f702390bcd5e414f
2026-08-17 11:30:00,order-service,WARN,,"HikariPool-1 - Connection pool status: Active=5, Idle=0, Pending=18, MaxAllowed=5. Thread starvation warning.",
2026-08-17 11:30:00,order-service,ERROR,ERR-DB-POOL-TIMEOUT,"SQLTransientConnectionException: HikariPool-1 - Connection is not available, request timed out after 5000ms. Trace ID: 7186f16ae9ac6b42",7186f16ae9ac6b42
2026-08-17 11:30:00,gateway-service,ERROR,ERR-GATEWAY-TIMEOUT,Bad Gateway (504): order-service failed to respond in time. Trace ID: 7186f16ae9ac6b42,7186f16ae9ac6b42
2026-08-17 11:35:00,order-service,WARN,,"HikariPool-1 - Connection pool status: Active=5, Idle=0, Pending=18, MaxAllowed=5. Thread starvation warning.",
2026-08-17 11:35:00,order-service,ERROR,ERR-DB-POOL-TIMEOUT,"SQLTransientConnectionException: HikariPool-1 - Connection is not available, request timed out after 5000ms. Trace ID: 66ab49af0256a5d5",66ab49af0256a5d5
2026-08-17 11:35:00,gateway-service,ERROR,ERR-GATEWAY-TIMEOUT,Bad Gateway (504): order-service failed to respond in time. Trace ID: 66ab49af0256a5d5,66ab49af0256a5d5
2026-08-17 11:40:00,order-service,WARN,,"HikariPool-1 - Connection pool status: Active=5, Idle=0, Pending=18, MaxAllowed=5. Thread starvation warning.",
2026-08-17 11:40:00,order-service,ERROR,ERR-DB-POOL-TIMEOUT,"SQLTransientConnectionException: HikariPool-1 - Connection is not available, request timed out after 5000ms. Trace ID: 6618efb212f1b608",6618efb212f1b608
2026-08-17 11:40:00,gateway-service,ERROR,ERR-GATEWAY-TIMEOUT,Bad Gateway (504): order-service failed to respond in time. Trace ID: 6618efb212f1b608,6618efb212f1b608
2026-08-17 11:45:00,order-service,WARN,,"HikariPool-1 - Connection pool status: Active=5, Idle=0, Pending=18, MaxAllowed=5. Thread starvation warning.",
2026-08-17 11:45:00,order-service,ERROR,ERR-DB-POOL-TIMEOUT,"SQLTransientConnectionException: HikariPool-1 - Connection is not available, request timed out after 5000ms. Trace ID: 91301a8fd95b7067",91301a8fd95b7067
2026-08-17 11:45:00,gateway-service,ERROR,ERR-GATEWAY-TIMEOUT,Bad Gateway (504): order-service failed to respond in time. Trace ID: 91301a8fd95b7067,91301a8fd95b7067
2026-08-17 11:50:00,order-service,WARN,,"HikariPool-1 - Connection pool status: Active=5, Idle=0, Pending=18, MaxAllowed=5. Thread starvation warning.",
2026-08-17 11:50:00,order-service,ERROR,ERR-DB-POOL-TIMEOUT,"SQLTransientConnectionException: HikariPool-1 - Connection is not available, request timed out after 5000ms. Trace ID: 8f10c9cdc8a1a811",8f10c9cdc8a1a811
2026-08-17 11:50:00,gateway-service,ERROR,ERR-GATEWAY-TIMEOUT,Bad Gateway (504): order-service failed to respond in time. Trace ID: 8f10c9cdc8a1a811,8f10c9cdc8a1a811
2026-08-17 11:55:00,order-service,WARN,,"HikariPool-1 - Connection pool status: Active=5, Idle=0, Pending=18, MaxAllowed=5. Thread starvation warning.",
2026-08-17 11:55:00,order-service,ERROR,ERR-DB-POOL-TIMEOUT,"SQLTransientConnectionException: HikariPool-1 - Connection is not available, request timed out after 5000ms. Trace ID: 9b0e7723b51d6fa7",9b0e7723b51d6fa7
2026-08-17 11:55:00,gateway-service,ERROR,ERR-GATEWAY-TIMEOUT,Bad Gateway (504): order-service failed to respond in time. Trace ID: 9b0e7723b51d6fa7,9b0e7723b51d6fa7
2026-08-17 12:00:00,order-service,WARN,,"HikariPool-1 - Connection pool status: Active=5, Idle=0, Pending=18, MaxAllowed=5. Thread starvation warning.",
2026-08-17 12:00:00,order-service,ERROR,ERR-DB-POOL-TIMEOUT,"SQLTransientConnectionException: HikariPool-1 - Connection is not available, request timed out after 5000ms. Trace ID: 654884a8d66ff391",654884a8d66ff391
2026-08-17 12:00:00,gateway-service,ERROR,ERR-GATEWAY-TIMEOUT,Bad Gateway (504): order-service failed to respond in time. Trace ID: 654884a8d66ff391,654884a8d66ff391
2026-08-17 12:00:00,gateway-service,INFO,,Gateway routing configurations successfully reloaded. Active routes: /api/v1/*,
2026-08-17 12:00:00,auth-service,INFO,,Session cleaner worker run completed. Cleaned 0 expired tokens.,
2026-08-17 12:00:00,order-service,INFO,,Heartbeat check: Database is reachable. Active connections: 5.,
2026-08-17 12:00:00,inventory-service,INFO,,Stock sync worker ran successfully. 0 items update required.,
2026-08-17 12:00:00,payment-service,INFO,,Gateway healthcheck: stripe connectivity OK.,
2026-08-17 12:05:00,order-service,WARN,,"HikariPool-1 - Connection pool status: Active=5, Idle=0, Pending=18, MaxAllowed=5. Thread starvation warning.",
2026-08-17 12:05:00,order-service,ERROR,ERR-DB-POOL-TIMEOUT,"SQLTransientConnectionException: HikariPool-1 - Connection is not available, request timed out after 5000ms. Trace ID: ecaf786e67df0adb",ecaf786e67df0adb
2026-08-17 12:05:00,gateway-service,ERROR,ERR-GATEWAY-TIMEOUT,Bad Gateway (504): order-service failed to respond in time. Trace ID: ecaf786e67df0adb,ecaf786e67df0adb
2026-08-17 12:10:00,order-service,WARN,,"HikariPool-1 - Connection pool status: Active=5, Idle=0, Pending=18, MaxAllowed=5. Thread starvation warning.",
2026-08-17 12:10:00,order-service,ERROR,ERR-DB-POOL-TIMEOUT,"SQLTransientConnectionException: HikariPool-1 - Connection is not available, request timed out after 5000ms. Trace ID: 5ae35412abb64a50",5ae35412abb64a50
2026-08-17 12:10:00,gateway-service,ERROR,ERR-GATEWAY-TIMEOUT,Bad Gateway (504): order-service failed to respond in time. Trace ID: 5ae35412abb64a50,5ae35412abb64a50
2026-08-17 12:15:00,order-service,WARN,,"HikariPool-1 - Connection pool status: Active=5, Idle=0, Pending=18, MaxAllowed=5. Thread starvation warning.",
2026-08-17 12:15:00,order-service,ERROR,ERR-DB-POOL-TIMEOUT,"SQLTransientConnectionException: HikariPool-1 - Connection is not available, request timed out after 5000ms. Trace ID: 0aaa44c8bd81e776",0aaa44c8bd81e776
2026-08-17 12:15:00,gateway-service,ERROR,ERR-GATEWAY-TIMEOUT,Bad Gateway (504): order-service failed to respond in time. Trace ID: 0aaa44c8bd81e776,0aaa44c8bd81e776
2026-08-17 12:20:00,order-service,WARN,,"HikariPool-1 - Connection pool status: Active=5, Idle=0, Pending=18, MaxAllowed=5. Thread starvation warning.",
2026-08-17 12:20:00,order-service,ERROR,ERR-DB-POOL-TIMEOUT,"SQLTransientConnectionException: HikariPool-1 - Connection is not available, request timed out after 5000ms. Trace ID: c949df4bf8fd68e4",c949df4bf8fd68e4
2026-08-17 12:20:00,gateway-service,ERROR,ERR-GATEWAY-TIMEOUT,Bad Gateway (504): order-service failed to respond in time. Trace ID: c949df4bf8fd68e4,c949df4bf8fd68e4
2026-08-17 12:25:00,order-service,WARN,,"HikariPool-1 - Connection pool status: Active=5, Idle=0, Pending=18, MaxAllowed=5. Thread starvation warning.",
2026-08-17 12:25:00,order-service,ERROR,ERR-DB-POOL-TIMEOUT,"SQLTransientConnectionException: HikariPool-1 - Connection is not available, request timed out after 5000ms. Trace ID: 38a736ef9dfccd00",38a736ef9dfccd00
2026-08-17 12:25:00,gateway-service,ERROR,ERR-GATEWAY-TIMEOUT,Bad Gateway (504): order-service failed to respond in time. Trace ID: 38a736ef9dfccd00,38a736ef9dfccd00
2026-08-17 12:30:00,order-service,WARN,,"HikariPool-1 - Connection pool status: Active=5, Idle=0, Pending=18, MaxAllowed=5. Thread starvation warning.",
2026-08-17 12:30:00,order-service,ERROR,ERR-DB-POOL-TIMEOUT,"SQLTransientConnectionException: HikariPool-1 - Connection is not available, request timed out after 5000ms. Trace ID: aafde0b86f0ba99a",aafde0b86f0ba99a
2026-08-17 12:30:00,gateway-service,ERROR,ERR-GATEWAY-TIMEOUT,Bad Gateway (504): order-service failed to respond in time. Trace ID: aafde0b86f0ba99a,aafde0b86f0ba99a
2026-08-17 12:35:00,order-service,WARN,,"HikariPool-1 - Connection pool status: Active=5, Idle=0, Pending=18, MaxAllowed=5. Thread starvation warning.",
2026-08-17 12:35:00,order-service,ERROR,ERR-DB-POOL-TIMEOUT,"SQLTransientConnectionException: HikariPool-1 - Connection is not available, request timed out after 5000ms. Trace ID: 71eda73a69bdf5b3",71eda73a69bdf5b3
2026-08-17 12:35:00,gateway-service,ERROR,ERR-GATEWAY-TIMEOUT,Bad Gateway (504): order-service failed to respond in time. Trace ID: 71eda73a69bdf5b3,71eda73a69bdf5b3
2026-08-17 12:40:00,order-service,WARN,,"HikariPool-1 - Connection pool status: Active=5, Idle=0, Pending=18, MaxAllowed=5. Thread starvation warning.",
2026-08-17 12:40:00,order-service,ERROR,ERR-DB-POOL-TIMEOUT,"SQLTransientConnectionException: HikariPool-1 - Connection is not available, request timed out after 5000ms. Trace ID: effa4d3efc34dda6",effa4d3efc34dda6
2026-08-17 12:40:00,gateway-service,ERROR,ERR-GATEWAY-TIMEOUT,Bad Gateway (504): order-service failed to respond in time. Trace ID: effa4d3efc34dda6,effa4d3efc34dda6
2026-08-17 12:45:00,order-service,WARN,,"HikariPool-1 - Connection pool status: Active=5, Idle=0, Pending=18, MaxAllowed=5. Thread starvation warning.",
2026-08-17 12:45:00,order-service,ERROR,ERR-DB-POOL-TIMEOUT,"SQLTransientConnectionException: HikariPool-1 - Connection is not available, request timed out after 5000ms. Trace ID: f2b6a18bbb93abde",f2b6a18bbb93abde
2026-08-17 12:45:00,gateway-service,ERROR,ERR-GATEWAY-TIMEOUT,Bad Gateway (504): order-service failed to respond in time. Trace ID: f2b6a18bbb93abde,f2b6a18bbb93abde
2026-08-17 12:50:00,order-service,WARN,,"HikariPool-1 - Connection pool status: Active=5, Idle=0, Pending=18, MaxAllowed=5. Thread starvation warning.",
2026-08-17 12:50:00,order-service,ERROR,ERR-DB-POOL-TIMEOUT,"SQLTransientConnectionException: HikariPool-1 - Connection is not available, request timed out after 5000ms. Trace ID: 1094c3ac1739bf5b",1094c3ac1739bf5b
2026-08-17 12:50:00,gateway-service,ERROR,ERR-GATEWAY-TIMEOUT,Bad Gateway (504): order-service failed to respond in time. Trace ID: 1094c3ac1739bf5b,1094c3ac1739bf5b
2026-08-17 12:55:00,order-service,WARN,,"HikariPool-1 - Connection pool status: Active=5, Idle=0, Pending=18, MaxAllowed=5. Thread starvation warning.",
2026-08-17 12:55:00,order-service,ERROR,ERR-DB-POOL-TIMEOUT,"SQLTransientConnectionException: HikariPool-1 - Connection is not available, request timed out after 5000ms. Trace ID: 9880ef74c0f3baf7",9880ef74c0f3baf7
2026-08-17 12:55:00,gateway-service,ERROR,ERR-GATEWAY-TIMEOUT,Bad Gateway (504): order-service failed to respond in time. Trace ID: 9880ef74c0f3baf7,9880ef74c0f3baf7
2026-08-17 13:00:00,order-service,WARN,,"HikariPool-1 - Connection pool status: Active=5, Idle=0, Pending=18, MaxAllowed=5. Thread starvation warning.",
2026-08-17 13:00:00,order-service,ERROR,ERR-DB-POOL-TIMEOUT,"SQLTransientConnectionException: HikariPool-1 - Connection is not available, request timed out after 5000ms. Trace ID: 92e983759b06af17",92e983759b06af17
2026-08-17 13:00:00,gateway-service,ERROR,ERR-GATEWAY-TIMEOUT,Bad Gateway (504): order-service failed to respond in time. Trace ID: 92e983759b06af17,92e983759b06af17
2026-08-17 13:00:00,gateway-service,INFO,,Gateway routing configurations successfully reloaded. Active routes: /api/v1/*,
2026-08-17 13:00:00,auth-service,INFO,,Session cleaner worker run completed. Cleaned 0 expired tokens.,
2026-08-17 13:00:00,order-service,INFO,,Heartbeat check: Database is reachable. Active connections: 5.,
2026-08-17 13:00:00,inventory-service,INFO,,Stock sync worker ran successfully. 0 items update required.,
2026-08-17 13:00:00,payment-service,INFO,,Gateway healthcheck: stripe connectivity OK.,
2026-08-17 13:05:00,order-service,WARN,,"HikariPool-1 - Connection pool status: Active=5, Idle=0, Pending=18, MaxAllowed=5. Thread starvation warning.",
2026-08-17 13:05:00,order-service,ERROR,ERR-DB-POOL-TIMEOUT,"SQLTransientConnectionException: HikariPool-1 - Connection is not available, request timed out after 5000ms. Trace ID: dbb9351130cf2e80",dbb9351130cf2e80
2026-08-17 13:05:00,gateway-service,ERROR,ERR-GATEWAY-TIMEOUT,Bad Gateway (504): order-service failed to respond in time. Trace ID: dbb9351130cf2e80,dbb9351130cf2e80
2026-08-17 13:10:00,order-service,WARN,,"HikariPool-1 - Connection pool status: Active=5, Idle=0, Pending=18, MaxAllowed=5. Thread starvation warning.",
2026-08-17 13:10:00,order-service,ERROR,ERR-DB-POOL-TIMEOUT,"SQLTransientConnectionException: HikariPool-1 - Connection is not available, request timed out after 5000ms. Trace ID: 010e5a7162766bc2",010e5a7162766bc2
2026-08-17 13:10:00,gateway-service,ERROR,ERR-GATEWAY-TIMEOUT,Bad Gateway (504): order-service failed to respond in time. Trace ID: 010e5a7162766bc2,010e5a7162766bc2
2026-08-17 13:10:00,gateway-service,INFO,,"Inbound Request: POST /api/v1/orders/checkout, User: 62805",011f167113f074c4
2026-08-17 13:10:00,auth-service,INFO,,Token validation successful for user 62805,011f167113f074c4
2026-08-17 13:10:00,order-service,INFO,,Creating order 56790 for user 62805. Checking inventory...,011f167113f074c4
2026-08-17 13:10:00,inventory-service,INFO,,Stock check: Item available in warehouse. Reserving stock.,011f167113f074c4
2026-08-17 13:10:00,order-service,INFO,,Inventory reservation confirmed. Initiating payment for order 56790...,011f167113f074c4
2026-08-17 13:10:00,payment-service,INFO,,Authorizing payment via credit card for amount: $45.99. Order 56790,011f167113f074c4
2026-08-17 13:10:00,payment-service,INFO,,Payment transaction successful. AuthCode: stripe_ch_9bc7c235,011f167113f074c4
2026-08-17 13:10:00,order-service,INFO,,Payment successful. Confirming order status to PLACED. Order 56790,011f167113f074c4
2026-08-17 13:10:00,gateway-service,INFO,,Inbound Request POST /api/v1/orders/checkout completed with 201 Created. Trace ID: 011f167113f074c4,011f167113f074c4
2026-08-17 13:15:00,order-service,WARN,,"HikariPool-1 - Connection pool status: Active=5, Idle=0, Pending=18, MaxAllowed=5. Thread starvation warning.",
2026-08-17 13:15:00,order-service,ERROR,ERR-DB-POOL-TIMEOUT,"SQLTransientConnectionException: HikariPool-1 - Connection is not available, request timed out after 5000ms. Trace ID: c5a09cac4daa137a",c5a09cac4daa137a
2026-08-17 13:15:00,gateway-service,ERROR,ERR-GATEWAY-TIMEOUT,Bad Gateway (504): order-service failed to respond in time. Trace ID: c5a09cac4daa137a,c5a09cac4daa137a
2026-08-17 13:20:00,order-service,WARN,,"HikariPool-1 - Connection pool status: Active=5, Idle=0, Pending=18, MaxAllowed=5. Thread starvation warning.",
2026-08-17 13:20:00,order-service,ERROR,ERR-DB-POOL-TIMEOUT,"SQLTransientConnectionException: HikariPool-1 - Connection is not available, request timed out after 5000ms. Trace ID: ccbcd6562d4ae970",ccbcd6562d4ae970
2026-08-17 13:20:00,gateway-service,ERROR,ERR-GATEWAY-TIMEOUT,Bad Gateway (504): order-service failed to respond in time. Trace ID: ccbcd6562d4ae970,ccbcd6562d4ae970
2026-08-17 13:25:00,order-service,WARN,,"HikariPool-1 - Connection pool status: Active=5, Idle=0, Pending=18, MaxAllowed=5. Thread starvation warning.",
2026-08-17 13:25:00,order-service,ERROR,ERR-DB-POOL-TIMEOUT,"SQLTransientConnectionException: HikariPool-1 - Connection is not available, request timed out after 5000ms. Trace ID: 9d7f800f722c583e",9d7f800f722c583e
2026-08-17 13:25:00,gateway-service,ERROR,ERR-GATEWAY-TIMEOUT,Bad Gateway (504): order-service failed to respond in time. Trace ID: 9d7f800f722c583e,9d7f800f722c583e
2026-08-17 13:30:00,order-service,WARN,,"HikariPool-1 - Connection pool status: Active=5, Idle=0, Pending=18, MaxAllowed=5. Thread starvation warning.",
2026-08-17 13:30:00,order-service,ERROR,ERR-DB-POOL-TIMEOUT,"SQLTransientConnectionException: HikariPool-1 - Connection is not available, request timed out after 5000ms. Trace ID: 5fec5ca3173892cd",5fec5ca3173892cd
2026-08-17 13:30:00,gateway-service,ERROR,ERR-GATEWAY-TIMEOUT,Bad Gateway (504): order-service failed to respond in time. Trace ID: 5fec5ca3173892cd,5fec5ca3173892cd
2026-08-17 13:35:00,order-service,WARN,,"HikariPool-1 - Connection pool status: Active=5, Idle=0, Pending=18, MaxAllowed=5. Thread starvation warning.",
2026-08-17 13:35:00,order-service,ERROR,ERR-DB-POOL-TIMEOUT,"SQLTransientConnectionException: HikariPool-1 - Connection is not available, request timed out after 5000ms. Trace ID: 2cdbf233db3e0847",2cdbf233db3e0847
2026-08-17 13:35:00,gateway-service,ERROR,ERR-GATEWAY-TIMEOUT,Bad Gateway (504): order-service failed to respond in time. Trace ID: 2cdbf233db3e0847,2cdbf233db3e0847
2026-08-17 13:40:00,order-service,WARN,,"HikariPool-1 - Connection pool status: Active=5, Idle=0, Pending=18, MaxAllowed=5. Thread starvation warning.",
2026-08-17 13:40:00,order-service,ERROR,ERR-DB-POOL-TIMEOUT,"SQLTransientConnectionException: HikariPool-1 - Connection is not available, request timed out after 5000ms. Trace ID: 5d574c8bc68e63b6",5d574c8bc68e63b6
2026-08-17 13:40:00,gateway-service,ERROR,ERR-GATEWAY-TIMEOUT,Bad Gateway (504): order-service failed to respond in time. Trace ID: 5d574c8bc68e63b6,5d574c8bc68e63b6
2026-08-17 13:45:00,order-service,WARN,,"HikariPool-1 - Connection pool status: Active=5, Idle=0, Pending=18, MaxAllowed=5. Thread starvation warning.",
2026-08-17 13:45:00,order-service,ERROR,ERR-DB-POOL-TIMEOUT,"SQLTransientConnectionException: HikariPool-1 - Connection is not available, request timed out after 5000ms. Trace ID: c3c702819b8f598a",c3c702819b8f598a
2026-08-17 13:45:00,gateway-service,ERROR,ERR-GATEWAY-TIMEOUT,Bad Gateway (504): order-service failed to respond in time. Trace ID: c3c702819b8f598a,c3c702819b8f598a
2026-08-17 13:50:00,order-service,WARN,,"HikariPool-1 - Connection pool status: Active=5, Idle=0, Pending=18, MaxAllowed=5. Thread starvation warning.",
2026-08-17 13:50:00,order-service,ERROR,ERR-DB-POOL-TIMEOUT,"SQLTransientConnectionException: HikariPool-1 - Connection is not available, request timed out after 5000ms. Trace ID: b78abdb3e2e414c1",b78abdb3e2e414c1
2026-08-17 13:50:00,gateway-service,ERROR,ERR-GATEWAY-TIMEOUT,Bad Gateway (504): order-service failed to respond in time. Trace ID: b78abdb3e2e414c1,b78abdb3e2e414c1
2026-08-17 13:55:00,order-service,WARN,,"HikariPool-1 - Connection pool status: Active=5, Idle=0, Pending=18, MaxAllowed=5. Thread starvation warning.",
2026-08-17 13:55:00,order-service,ERROR,ERR-DB-POOL-TIMEOUT,"SQLTransientConnectionException: HikariPool-1 - Connection is not available, request timed out after 5000ms. Trace ID: b2f2a5aaab056b0b",b2f2a5aaab056b0b
2026-08-17 13:55:00,gateway-service,ERROR,ERR-GATEWAY-TIMEOUT,Bad Gateway (504): order-service failed to respond in time. Trace ID: b2f2a5aaab056b0b,b2f2a5aaab056b0b
2026-08-17 14:00:00,order-service,WARN,,"HikariPool-1 - Connection pool status: Active=5, Idle=0, Pending=18, MaxAllowed=5. Thread starvation warning.",
2026-08-17 14:00:00,order-service,ERROR,ERR-DB-POOL-TIMEOUT,"SQLTransientConnectionException: HikariPool-1 - Connection is not available, request timed out after 5000ms. Trace ID: fdb938b640a2fd09",fdb938b640a2fd09
2026-08-17 14:00:00,gateway-service,ERROR,ERR-GATEWAY-TIMEOUT,Bad Gateway (504): order-service failed to respond in time. Trace ID: fdb938b640a2fd09,fdb938b640a2fd09
2026-08-17 14:00:00,gateway-service,INFO,,Gateway routing configurations successfully reloaded. Active routes: /api/v1/*,
2026-08-17 14:00:00,auth-service,INFO,,Session cleaner worker run completed. Cleaned 0 expired tokens.,
2026-08-17 14:00:00,order-service,INFO,,Heartbeat check: Database is reachable. Active connections: 5.,
2026-08-17 14:00:00,inventory-service,INFO,,Stock sync worker ran successfully. 0 items update required.,
2026-08-17 14:00:00,payment-service,INFO,,Gateway healthcheck: stripe connectivity OK.,
2026-08-17 14:05:00,order-service,WARN,,"HikariPool-1 - Connection pool status: Active=5, Idle=0, Pending=18, MaxAllowed=5. Thread starvation warning.",
2026-08-17 14:05:00,order-service,ERROR,ERR-DB-POOL-TIMEOUT,"SQLTransientConnectionException: HikariPool-1 - Connection is not available, request timed out after 5000ms. Trace ID: f9f13d4e6cd85bb3",f9f13d4e6cd85bb3
2026-08-17 14:05:00,gateway-service,ERROR,ERR-GATEWAY-TIMEOUT,Bad Gateway (504): order-service failed to respond in time. Trace ID: f9f13d4e6cd85bb3,f9f13d4e6cd85bb3
2026-08-17 14:10:00,order-service,WARN,,"HikariPool-1 - Connection pool status: Active=5, Idle=0, Pending=18, MaxAllowed=5. Thread starvation warning.",
2026-08-17 14:10:00,order-service,ERROR,ERR-DB-POOL-TIMEOUT,"SQLTransientConnectionException: HikariPool-1 - Connection is not available, request timed out after 5000ms. Trace ID: 8a32cf1115483f0a",8a32cf1115483f0a
2026-08-17 14:10:00,gateway-service,ERROR,ERR-GATEWAY-TIMEOUT,Bad Gateway (504): order-service failed to respond in time. Trace ID: 8a32cf1115483f0a,8a32cf1115483f0a
2026-08-17 14:15:00,order-service,WARN,,"HikariPool-1 - Connection pool status: Active=5, Idle=0, Pending=18, MaxAllowed=5. Thread starvation warning.",
2026-08-17 14:15:00,order-service,ERROR,ERR-DB-POOL-TIMEOUT,"SQLTransientConnectionException: HikariPool-1 - Connection is not available, request timed out after 5000ms. Trace ID: 3176321849dce0c9",3176321849dce0c9
2026-08-17 14:15:00,gateway-service,ERROR,ERR-GATEWAY-TIMEOUT,Bad Gateway (504): order-service failed to respond in time. Trace ID: 3176321849dce0c9,3176321849dce0c9
2026-08-17 14:20:00,order-service,WARN,,"HikariPool-1 - Connection pool status: Active=5, Idle=0, Pending=18, MaxAllowed=5. Thread starvation warning.",
2026-08-17 14:20:00,order-service,ERROR,ERR-DB-POOL-TIMEOUT,"SQLTransientConnectionException: HikariPool-1 - Connection is not available, request timed out after 5000ms. Trace ID: 87217093c783314d",87217093c783314d
2026-08-17 14:20:00,gateway-service,ERROR,ERR-GATEWAY-TIMEOUT,Bad Gateway (504): order-service failed to respond in time. Trace ID: 87217093c783314d,87217093c783314d
2026-08-17 14:25:00,order-service,WARN,,"HikariPool-1 - Connection pool status: Active=5, Idle=0, Pending=18, MaxAllowed=5. Thread starvation warning.",
2026-08-17 14:25:00,order-service,ERROR,ERR-DB-POOL-TIMEOUT,"SQLTransientConnectionException: HikariPool-1 - Connection is not available, request timed out after 5000ms. Trace ID: 9c3885567f2f7c39",9c3885567f2f7c39
2026-08-17 14:25:00,gateway-service,ERROR,ERR-GATEWAY-TIMEOUT,Bad Gateway (504): order-service failed to respond in time. Trace ID: 9c3885567f2f7c39,9c3885567f2f7c39
2026-08-17 14:30:00,order-service,WARN,,"HikariPool-1 - Connection pool status: Active=5, Idle=0, Pending=18, MaxAllowed=5. Thread starvation warning.",
2026-08-17 14:30:00,order-service,ERROR,ERR-DB-POOL-TIMEOUT,"SQLTransientConnectionException: HikariPool-1 - Connection is not available, request timed out after 5000ms. Trace ID: 08a393607c8c516c",08a393607c8c516c
2026-08-17 14:30:00,gateway-service,ERROR,ERR-GATEWAY-TIMEOUT,Bad Gateway (504): order-service failed to respond in time. Trace ID: 08a393607c8c516c,08a393607c8c516c
2026-08-17 14:35:00,order-service,WARN,,"HikariPool-1 - Connection pool status: Active=5, Idle=0, Pending=18, MaxAllowed=5. Thread starvation warning.",
2026-08-17 14:35:00,order-service,ERROR,ERR-DB-POOL-TIMEOUT,"SQLTransientConnectionException: HikariPool-1 - Connection is not available, request timed out after 5000ms. Trace ID: 11a0fc1c0896e41d",11a0fc1c0896e41d
2026-08-17 14:35:00,gateway-service,ERROR,ERR-GATEWAY-TIMEOUT,Bad Gateway (504): order-service failed to respond in time. Trace ID: 11a0fc1c0896e41d,11a0fc1c0896e41d
2026-08-17 14:40:00,order-service,WARN,,"HikariPool-1 - Connection pool status: Active=5, Idle=0, Pending=18, MaxAllowed=5. Thread starvation warning.",
2026-08-17 14:40:00,order-service,ERROR,ERR-DB-POOL-TIMEOUT,"SQLTransientConnectionException: HikariPool-1 - Connection is not available, request timed out after 5000ms. Trace ID: 2b4cfdceaab8d1a0",2b4cfdceaab8d1a0
2026-08-17 14:40:00,gateway-service,ERROR,ERR-GATEWAY-TIMEOUT,Bad Gateway (504): order-service failed to respond in time. Trace ID: 2b4cfdceaab8d1a0,2b4cfdceaab8d1a0
2026-08-17 14:45:00,order-service,WARN,,"HikariPool-1 - Connection pool status: Active=5, Idle=0, Pending=18, MaxAllowed=5. Thread starvation warning.",
2026-08-17 14:45:00,order-service,ERROR,ERR-DB-POOL-TIMEOUT,"SQLTransientConnectionException: HikariPool-1 - Connection is not available, request timed out after 5000ms. Trace ID: 2507ec510ece608b",2507ec510ece608b
2026-08-17 14:45:00,gateway-service,ERROR,ERR-GATEWAY-TIMEOUT,Bad Gateway (504): order-service failed to respond in time. Trace ID: 2507ec510ece608b,2507ec510ece608b
2026-08-17 14:50:00,order-service,WARN,,"HikariPool-1 - Connection pool status: Active=5, Idle=0, Pending=18, MaxAllowed=5. Thread starvation warning.",
2026-08-17 14:50:00,order-service,ERROR,ERR-DB-POOL-TIMEOUT,"SQLTransientConnectionException: HikariPool-1 - Connection is not available, request timed out after 5000ms. Trace ID: 5a3e9632b9a60cbf",5a3e9632b9a60cbf
2026-08-17 14:50:00,gateway-service,ERROR,ERR-GATEWAY-TIMEOUT,Bad Gateway (504): order-service failed to respond in time. Trace ID: 5a3e9632b9a60cbf,5a3e9632b9a60cbf
2026-08-17 14:55:00,order-service,WARN,,"HikariPool-1 - Connection pool status: Active=5, Idle=0, Pending=18, MaxAllowed=5. Thread starvation warning.",
2026-08-17 14:55:00,order-service,ERROR,ERR-DB-POOL-TIMEOUT,"SQLTransientConnectionException: HikariPool-1 - Connection is not available, request timed out after 5000ms. Trace ID: 2d45872a90d9f2a7",2d45872a90d9f2a7
2026-08-17 14:55:00,gateway-service,ERROR,ERR-GATEWAY-TIMEOUT,Bad Gateway (504): order-service failed to respond in time. Trace ID: 2d45872a90d9f2a7,2d45872a90d9f2a7
2026-08-17 15:00:00,order-service,WARN,,"HikariPool-1 - Connection pool status: Active=5, Idle=0, Pending=18, MaxAllowed=5. Thread starvation warning.",
2026-08-17 15:00:00,order-service,ERROR,ERR-DB-POOL-TIMEOUT,"SQLTransientConnectionException: HikariPool-1 - Connection is not available, request timed out after 5000ms. Trace ID: c19201829d4820b1",c19201829d4820b1
2026-08-17 15:00:00,gateway-service,ERROR,ERR-GATEWAY-TIMEOUT,Bad Gateway (504): order-service failed to respond in time. Trace ID: c19201829d4820b1,c19201829d4820b1
2026-08-17 15:00:00,gateway-service,INFO,,Gateway routing configurations successfully reloaded. Active routes: /api/v1/*,
2026-08-17 15:00:00,auth-service,INFO,,Session cleaner worker run completed. Cleaned 0 expired tokens.,
2026-08-17 15:00:00,order-service,INFO,,Heartbeat check: Database is reachable. Active connections: 5.,
2026-08-17 15:00:00,inventory-service,INFO,,Stock sync worker ran successfully. 0 items update required.,
2026-08-17 15:00:00,payment-service,INFO,,Gateway healthcheck: stripe connectivity OK.,
2026-08-17 15:05:00,order-service,WARN,,"HikariPool-1 - Connection pool status: Active=5, Idle=0, Pending=18, MaxAllowed=5. Thread starvation warning.",
2026-08-17 15:05:00,order-service,ERROR,ERR-DB-POOL-TIMEOUT,"SQLTransientConnectionException: HikariPool-1 - Connection is not available, request timed out after 5000ms. Trace ID: 738cf31f7c2feb86",738cf31f7c2feb86
2026-08-17 15:05:00,gateway-service,ERROR,ERR-GATEWAY-TIMEOUT,Bad Gateway (504): order-service failed to respond in time. Trace ID: 738cf31f7c2feb86,738cf31f7c2feb86
2026-08-17 15:10:00,order-service,WARN,,"HikariPool-1 - Connection pool status: Active=5, Idle=0, Pending=18, MaxAllowed=5. Thread starvation warning.",
2026-08-17 15:10:00,order-service,ERROR,ERR-DB-POOL-TIMEOUT,"SQLTransientConnectionException: HikariPool-1 - Connection is not available, request timed out after 5000ms. Trace ID: 6b34a88a42175333",6b34a88a42175333
2026-08-17 15:10:00,gateway-service,ERROR,ERR-GATEWAY-TIMEOUT,Bad Gateway (504): order-service failed to respond in time. Trace ID: 6b34a88a42175333,6b34a88a42175333
2026-08-17 15:15:00,order-service,WARN,,"HikariPool-1 - Connection pool status: Active=5, Idle=0, Pending=18, MaxAllowed=5. Thread starvation warning.",
2026-08-17 15:15:00,order-service,ERROR,ERR-DB-POOL-TIMEOUT,"SQLTransientConnectionException: HikariPool-1 - Connection is not available, request timed out after 5000ms. Trace ID: fd552140c06779db",fd552140c06779db
2026-08-17 15:15:00,gateway-service,ERROR,ERR-GATEWAY-TIMEOUT,Bad Gateway (504): order-service failed to respond in time. Trace ID: fd552140c06779db,fd552140c06779db
2026-08-17 15:20:00,order-service,WARN,,"HikariPool-1 - Connection pool status: Active=5, Idle=0, Pending=18, MaxAllowed=5. Thread starvation warning.",
2026-08-17 15:20:00,order-service,ERROR,ERR-DB-POOL-TIMEOUT,"SQLTransientConnectionException: HikariPool-1 - Connection is not available, request timed out after 5000ms. Trace ID: 428ea1ec1ebc4833",428ea1ec1ebc4833
2026-08-17 15:20:00,gateway-service,ERROR,ERR-GATEWAY-TIMEOUT,Bad Gateway (504): order-service failed to respond in time. Trace ID: 428ea1ec1ebc4833,428ea1ec1ebc4833
2026-08-17 15:25:00,order-service,WARN,,"HikariPool-1 - Connection pool status: Active=5, Idle=0, Pending=18, MaxAllowed=5. Thread starvation warning.",
2026-08-17 15:25:00,order-service,ERROR,ERR-DB-POOL-TIMEOUT,"SQLTransientConnectionException: HikariPool-1 - Connection is not available, request timed out after 5000ms. Trace ID: 6163c84404633757",6163c84404633757
2026-08-17 15:25:00,gateway-service,ERROR,ERR-GATEWAY-TIMEOUT,Bad Gateway (504): order-service failed to respond in time. Trace ID: 6163c84404633757,6163c84404633757
2026-08-17 15:30:00,order-service,WARN,,"HikariPool-1 - Connection pool status: Active=5, Idle=0, Pending=18, MaxAllowed=5. Thread starvation warning.",
2026-08-17 15:30:00,order-service,ERROR,ERR-DB-POOL-TIMEOUT,"SQLTransientConnectionException: HikariPool-1 - Connection is not available, request timed out after 5000ms. Trace ID: c2afe7a881e70d2d",c2afe7a881e70d2d
2026-08-17 15:30:00,gateway-service,ERROR,ERR-GATEWAY-TIMEOUT,Bad Gateway (504): order-service failed to respond in time. Trace ID: c2afe7a881e70d2d,c2afe7a881e70d2d
2026-08-17 15:35:00,order-service,WARN,,"HikariPool-1 - Connection pool status: Active=5, Idle=0, Pending=18, MaxAllowed=5. Thread starvation warning.",
2026-08-17 15:35:00,order-service,ERROR,ERR-DB-POOL-TIMEOUT,"SQLTransientConnectionException: HikariPool-1 - Connection is not available, request timed out after 5000ms. Trace ID: d3929e24c18db2ed",d3929e24c18db2ed
2026-08-17 15:35:00,gateway-service,ERROR,ERR-GATEWAY-TIMEOUT,Bad Gateway (504): order-service failed to respond in time. Trace ID: d3929e24c18db2ed,d3929e24c18db2ed
2026-08-17 15:40:00,order-service,WARN,,"HikariPool-1 - Connection pool status: Active=5, Idle=0, Pending=18, MaxAllowed=5. Thread starvation warning.",
2026-08-17 15:40:00,order-service,ERROR,ERR-DB-POOL-TIMEOUT,"SQLTransientConnectionException: HikariPool-1 - Connection is not available, request timed out after 5000ms. Trace ID: e4202d59e9427cd9",e4202d59e9427cd9
2026-08-17 15:40:00,gateway-service,ERROR,ERR-GATEWAY-TIMEOUT,Bad Gateway (504): order-service failed to respond in time. Trace ID: e4202d59e9427cd9,e4202d59e9427cd9
2026-08-17 15:45:00,order-service,WARN,,"HikariPool-1 - Connection pool status: Active=5, Idle=0, Pending=18, MaxAllowed=5. Thread starvation warning.",
2026-08-17 15:45:00,order-service,ERROR,ERR-DB-POOL-TIMEOUT,"SQLTransientConnectionException: HikariPool-1 - Connection is not available, request timed out after 5000ms. Trace ID: 39691f9752152ce6",39691f9752152ce6
2026-08-17 15:45:00,gateway-service,ERROR,ERR-GATEWAY-TIMEOUT,Bad Gateway (504): order-service failed to respond in time. Trace ID: 39691f9752152ce6,39691f9752152ce6
2026-08-17 15:50:00,order-service,WARN,,"HikariPool-1 - Connection pool status: Active=5, Idle=0, Pending=18, MaxAllowed=5. Thread starvation warning.",
2026-08-17 15:50:00,order-service,ERROR,ERR-DB-POOL-TIMEOUT,"SQLTransientConnectionException: HikariPool-1 - Connection is not available, request timed out after 5000ms. Trace ID: 1f0828b395b71198",1f0828b395b71198
2026-08-17 15:50:00,gateway-service,ERROR,ERR-GATEWAY-TIMEOUT,Bad Gateway (504): order-service failed to respond in time. Trace ID: 1f0828b395b71198,1f0828b395b71198
2026-08-17 15:55:00,order-service,WARN,,"HikariPool-1 - Connection pool status: Active=5, Idle=0, Pending=18, MaxAllowed=5. Thread starvation warning.",
2026-08-17 15:55:00,order-service,ERROR,ERR-DB-POOL-TIMEOUT,"SQLTransientConnectionException: HikariPool-1 - Connection is not available, request timed out after 5000ms. Trace ID: 7afa9cd671ccfc9a",7afa9cd671ccfc9a
2026-08-17 15:55:00,gateway-service,ERROR,ERR-GATEWAY-TIMEOUT,Bad Gateway (504): order-service failed to respond in time. Trace ID: 7afa9cd671ccfc9a,7afa9cd671ccfc9a
2026-08-17 15:55:00,gateway-service,INFO,,"Inbound Request: POST /api/v1/orders/checkout, User: 17120",f7ff816cd0f709af
2026-08-17 15:55:00,auth-service,INFO,,Token validation successful for user 17120,f7ff816cd0f709af
2026-08-17 15:55:00,order-service,INFO,,Creating order 54558 for user 17120. Checking inventory...,f7ff816cd0f709af
2026-08-17 15:55:00,inventory-service,INFO,,Stock check: Item available in warehouse. Reserving stock.,f7ff816cd0f709af
2026-08-17 15:55:00,order-service,INFO,,Inventory reservation confirmed. Initiating payment for order 54558...,f7ff816cd0f709af
2026-08-17 15:55:00,payment-service,INFO,,Authorizing payment via credit card for amount: $45.99. Order 54558,f7ff816cd0f709af
2026-08-17 15:55:00,payment-service,INFO,,Payment transaction successful. AuthCode: stripe_ch_9694ac18,f7ff816cd0f709af
2026-08-17 15:55:00,order-service,INFO,,Payment successful. Confirming order status to PLACED. Order 54558,f7ff816cd0f709af
2026-08-17 15:55:00,gateway-service,INFO,,Inbound Request POST /api/v1/orders/checkout completed with 201 Created. Trace ID: f7ff816cd0f709af,f7ff816cd0f709af
2026-08-17 16:00:00,order-service,WARN,,"HikariPool-1 - Connection pool status: Active=5, Idle=0, Pending=18, MaxAllowed=5. Thread starvation warning.",
2026-08-17 16:00:00,order-service,ERROR,ERR-DB-POOL-TIMEOUT,"SQLTransientConnectionException: HikariPool-1 - Connection is not available, request timed out after 5000ms. Trace ID: b0a4cc7c4565b0fa",b0a4cc7c4565b0fa
2026-08-17 16:00:00,gateway-service,ERROR,ERR-GATEWAY-TIMEOUT,Bad Gateway (504): order-service failed to respond in time. Trace ID: b0a4cc7c4565b0fa,b0a4cc7c4565b0fa
2026-08-17 16:00:00,gateway-service,INFO,,Gateway routing configurations successfully reloaded. Active routes: /api/v1/*,
2026-08-17 16:00:00,auth-service,INFO,,Session cleaner worker run completed. Cleaned 0 expired tokens.,
2026-08-17 16:00:00,order-service,INFO,,Heartbeat check: Database is reachable. Active connections: 5.,
2026-08-17 16:00:00,inventory-service,INFO,,Stock sync worker ran successfully. 0 items update required.,
2026-08-17 16:00:00,payment-service,INFO,,Gateway healthcheck: stripe connectivity OK.,
2026-08-17 16:05:00,order-service,WARN,,"HikariPool-1 - Connection pool status: Active=5, Idle=0, Pending=18, MaxAllowed=5. Thread starvation warning.",
2026-08-17 16:05:00,order-service,ERROR,ERR-DB-POOL-TIMEOUT,"SQLTransientConnectionException: HikariPool-1 - Connection is not available, request timed out after 5000ms. Trace ID: 6e6e629e7df8c4be",6e6e629e7df8c4be
2026-08-17 16:05:00,gateway-service,ERROR,ERR-GATEWAY-TIMEOUT,Bad Gateway (504): order-service failed to respond in time. Trace ID: 6e6e629e7df8c4be,6e6e629e7df8c4be
2026-08-17 16:10:00,order-service,WARN,,"HikariPool-1 - Connection pool status: Active=5, Idle=0, Pending=18, MaxAllowed=5. Thread starvation warning.",
2026-08-17 16:10:00,order-service,ERROR,ERR-DB-POOL-TIMEOUT,"SQLTransientConnectionException: HikariPool-1 - Connection is not available, request timed out after 5000ms. Trace ID: ef7c400d78c49969",ef7c400d78c49969
2026-08-17 16:10:00,gateway-service,ERROR,ERR-GATEWAY-TIMEOUT,Bad Gateway (504): order-service failed to respond in time. Trace ID: ef7c400d78c49969,ef7c400d78c49969
2026-08-17 16:15:00,order-service,WARN,,"HikariPool-1 - Connection pool status: Active=5, Idle=0, Pending=18, MaxAllowed=5. Thread starvation warning.",
2026-08-17 16:15:00,order-service,ERROR,ERR-DB-POOL-TIMEOUT,"SQLTransientConnectionException: HikariPool-1 - Connection is not available, request timed out after 5000ms. Trace ID: 459cc0adb344aff2",459cc0adb344aff2
2026-08-17 16:15:00,gateway-service,ERROR,ERR-GATEWAY-TIMEOUT,Bad Gateway (504): order-service failed to respond in time. Trace ID: 459cc0adb344aff2,459cc0adb344aff2
2026-08-17 16:20:00,order-service,WARN,,"HikariPool-1 - Connection pool status: Active=5, Idle=0, Pending=18, MaxAllowed=5. Thread starvation warning.",
2026-08-17 16:20:00,order-service,ERROR,ERR-DB-POOL-TIMEOUT,"SQLTransientConnectionException: HikariPool-1 - Connection is not available, request timed out after 5000ms. Trace ID: ea31ea0032b89df3",ea31ea0032b89df3
2026-08-17 16:20:00,gateway-service,ERROR,ERR-GATEWAY-TIMEOUT,Bad Gateway (504): order-service failed to respond in time. Trace ID: ea31ea0032b89df3,ea31ea0032b89df3
2026-08-17 16:25:00,order-service,WARN,,"HikariPool-1 - Connection pool status: Active=5, Idle=0, Pending=18, MaxAllowed=5. Thread starvation warning.",
2026-08-17 16:25:00,order-service,ERROR,ERR-DB-POOL-TIMEOUT,"SQLTransientConnectionException: HikariPool-1 - Connection is not available, request timed out after 5000ms. Trace ID: 11e04f7f896be6a5",11e04f7f896be6a5
2026-08-17 16:25:00,gateway-service,ERROR,ERR-GATEWAY-TIMEOUT,Bad Gateway (504): order-service failed to respond in time. Trace ID: 11e04f7f896be6a5,11e04f7f896be6a5
2026-08-17 16:30:00,order-service,WARN,,"HikariPool-1 - Connection pool status: Active=5, Idle=0, Pending=18, MaxAllowed=5. Thread starvation warning.",
2026-08-17 16:30:00,order-service,ERROR,ERR-DB-POOL-TIMEOUT,"SQLTransientConnectionException: HikariPool-1 - Connection is not available, request timed out after 5000ms. Trace ID: 36b763d764399998",36b763d764399998
2026-08-17 16:30:00,gateway-service,ERROR,ERR-GATEWAY-TIMEOUT,Bad Gateway (504): order-service failed to respond in time. Trace ID: 36b763d764399998,36b763d764399998
2026-08-17 16:35:00,order-service,WARN,,"HikariPool-1 - Connection pool status: Active=5, Idle=0, Pending=18, MaxAllowed=5. Thread starvation warning.",
2026-08-17 16:35:00,order-service,ERROR,ERR-DB-POOL-TIMEOUT,"SQLTransientConnectionException: HikariPool-1 - Connection is not available, request timed out after 5000ms. Trace ID: 797fe2f282c0d24c",797fe2f282c0d24c
2026-08-17 16:35:00,gateway-service,ERROR,ERR-GATEWAY-TIMEOUT,Bad Gateway (504): order-service failed to respond in time. Trace ID: 797fe2f282c0d24c,797fe2f282c0d24c
2026-08-17 16:40:00,order-service,WARN,,"HikariPool-1 - Connection pool status: Active=5, Idle=0, Pending=18, MaxAllowed=5. Thread starvation warning.",
2026-08-17 16:40:00,order-service,ERROR,ERR-DB-POOL-TIMEOUT,"SQLTransientConnectionException: HikariPool-1 - Connection is not available, request timed out after 5000ms. Trace ID: 7e6f1a349689706c",7e6f1a349689706c
2026-08-17 16:40:00,gateway-service,ERROR,ERR-GATEWAY-TIMEOUT,Bad Gateway (504): order-service failed to respond in time. Trace ID: 7e6f1a349689706c,7e6f1a349689706c
2026-08-17 16:45:00,order-service,WARN,,"HikariPool-1 - Connection pool status: Active=5, Idle=0, Pending=18, MaxAllowed=5. Thread starvation warning.",
2026-08-17 16:45:00,order-service,ERROR,ERR-DB-POOL-TIMEOUT,"SQLTransientConnectionException: HikariPool-1 - Connection is not available, request timed out after 5000ms. Trace ID: bde3209398536af2",bde3209398536af2
2026-08-17 16:45:00,gateway-service,ERROR,ERR-GATEWAY-TIMEOUT,Bad Gateway (504): order-service failed to respond in time. Trace ID: bde3209398536af2,bde3209398536af2
2026-08-17 16:50:00,order-service,WARN,,"HikariPool-1 - Connection pool status: Active=5, Idle=0, Pending=18, MaxAllowed=5. Thread starvation warning.",
2026-08-17 16:50:00,order-service,ERROR,ERR-DB-POOL-TIMEOUT,"SQLTransientConnectionException: HikariPool-1 - Connection is not available, request timed out after 5000ms. Trace ID: 2dca38cf1ae87597",2dca38cf1ae87597
2026-08-17 16:50:00,gateway-service,ERROR,ERR-GATEWAY-TIMEOUT,Bad Gateway (504): order-service failed to respond in time. Trace ID: 2dca38cf1ae87597,2dca38cf1ae87597
2026-08-17 16:55:00,order-service,WARN,,"HikariPool-1 - Connection pool status: Active=5, Idle=0, Pending=18, MaxAllowed=5. Thread starvation warning.",
2026-08-17 16:55:00,order-service,ERROR,ERR-DB-POOL-TIMEOUT,"SQLTransientConnectionException: HikariPool-1 - Connection is not available, request timed out after 5000ms. Trace ID: 66095950aba77212",66095950aba77212
2026-08-17 16:55:00,gateway-service,ERROR,ERR-GATEWAY-TIMEOUT,Bad Gateway (504): order-service failed to respond in time. Trace ID: 66095950aba77212,66095950aba77212
2026-08-17 17:00:00,order-service,WARN,,"HikariPool-1 - Connection pool status: Active=5, Idle=0, Pending=18, MaxAllowed=5. Thread starvation warning.",
2026-08-17 17:00:00,order-service,ERROR,ERR-DB-POOL-TIMEOUT,"SQLTransientConnectionException: HikariPool-1 - Connection is not available, request timed out after 5000ms. Trace ID: 695931757cb3d8c3",695931757cb3d8c3
2026-08-17 17:00:00,gateway-service,ERROR,ERR-GATEWAY-TIMEOUT,Bad Gateway (504): order-service failed to respond in time. Trace ID: 695931757cb3d8c3,695931757cb3d8c3
2026-08-17 17:00:00,gateway-service,INFO,,Gateway routing configurations successfully reloaded. Active routes: /api/v1/*,
2026-08-17 17:00:00,auth-service,INFO,,Session cleaner worker run completed. Cleaned 0 expired tokens.,
2026-08-17 17:00:00,order-service,INFO,,Heartbeat check: Database is reachable. Active connections: 5.,
2026-08-17 17:00:00,inventory-service,INFO,,Stock sync worker ran successfully. 0 items update required.,
2026-08-17 17:00:00,payment-service,INFO,,Gateway healthcheck: stripe connectivity OK.,
2026-08-17 17:05:00,order-service,WARN,,"HikariPool-1 - Connection pool status: Active=5, Idle=0, Pending=18, MaxAllowed=5. Thread starvation warning.",
2026-08-17 17:05:00,order-service,ERROR,ERR-DB-POOL-TIMEOUT,"SQLTransientConnectionException: HikariPool-1 - Connection is not available, request timed out after 5000ms. Trace ID: 5459cd63c0511782",5459cd63c0511782
2026-08-17 17:05:00,gateway-service,ERROR,ERR-GATEWAY-TIMEOUT,Bad Gateway (504): order-service failed to respond in time. Trace ID: 5459cd63c0511782,5459cd63c0511782
2026-08-17 17:10:00,order-service,WARN,,"HikariPool-1 - Connection pool status: Active=5, Idle=0, Pending=18, MaxAllowed=5. Thread starvation warning.",
2026-08-17 17:10:00,order-service,ERROR,ERR-DB-POOL-TIMEOUT,"SQLTransientConnectionException: HikariPool-1 - Connection is not available, request timed out after 5000ms. Trace ID: 97198d577d4ea4e4",97198d577d4ea4e4
2026-08-17 17:10:00,gateway-service,ERROR,ERR-GATEWAY-TIMEOUT,Bad Gateway (504): order-service failed to respond in time. Trace ID: 97198d577d4ea4e4,97198d577d4ea4e4
2026-08-17 17:15:00,order-service,WARN,,"HikariPool-1 - Connection pool status: Active=5, Idle=0, Pending=18, MaxAllowed=5. Thread starvation warning.",
2026-08-17 17:15:00,order-service,ERROR,ERR-DB-POOL-TIMEOUT,"SQLTransientConnectionException: HikariPool-1 - Connection is not available, request timed out after 5000ms. Trace ID: 85fec306ccd38abc",85fec306ccd38abc
2026-08-17 17:15:00,gateway-service,ERROR,ERR-GATEWAY-TIMEOUT,Bad Gateway (504): order-service failed to respond in time. Trace ID: 85fec306ccd38abc,85fec306ccd38abc
2026-08-17 17:20:00,order-service,WARN,,"HikariPool-1 - Connection pool status: Active=5, Idle=0, Pending=18, MaxAllowed=5. Thread starvation warning.",
2026-08-17 17:20:00,order-service,ERROR,ERR-DB-POOL-TIMEOUT,"SQLTransientConnectionException: HikariPool-1 - Connection is not available, request timed out after 5000ms. Trace ID: 08247af41834066a",08247af41834066a
2026-08-17 17:20:00,gateway-service,ERROR,ERR-GATEWAY-TIMEOUT,Bad Gateway (504): order-service failed to respond in time. Trace ID: 08247af41834066a,08247af41834066a
2026-08-17 17:25:00,order-service,WARN,,"HikariPool-1 - Connection pool status: Active=5, Idle=0, Pending=18, MaxAllowed=5. Thread starvation warning.",
2026-08-17 17:25:00,order-service,ERROR,ERR-DB-POOL-TIMEOUT,"SQLTransientConnectionException: HikariPool-1 - Connection is not available, request timed out after 5000ms. Trace ID: bd4713cce0d8e2a4",bd4713cce0d8e2a4
2026-08-17 17:25:00,gateway-service,ERROR,ERR-GATEWAY-TIMEOUT,Bad Gateway (504): order-service failed to respond in time. Trace ID: bd4713cce0d8e2a4,bd4713cce0d8e2a4
2026-08-17 17:30:00,order-service,WARN,,"HikariPool-1 - Connection pool status: Active=5, Idle=0, Pending=18, MaxAllowed=5. Thread starvation warning.",
2026-08-17 17:30:00,order-service,ERROR,ERR-DB-POOL-TIMEOUT,"SQLTransientConnectionException: HikariPool-1 - Connection is not available, request timed out after 5000ms. Trace ID: 3baa213ed0524cbb",3baa213ed0524cbb
2026-08-17 17:30:00,gateway-service,ERROR,ERR-GATEWAY-TIMEOUT,Bad Gateway (504): order-service failed to respond in time. Trace ID: 3baa213ed0524cbb,3baa213ed0524cbb
2026-08-17 17:30:00,gateway-service,INFO,,"Inbound Request: POST /api/v1/orders/checkout, User: 78536",a2996d5cc2b7058b
2026-08-17 17:30:00,auth-service,INFO,,Token validation successful for user 78536,a2996d5cc2b7058b
2026-08-17 17:30:00,order-service,INFO,,Creating order 51103 for user 78536. Checking inventory...,a2996d5cc2b7058b
2026-08-17 17:30:00,inventory-service,INFO,,Stock check: Item available in warehouse. Reserving stock.,a2996d5cc2b7058b
2026-08-17 17:30:00,order-service,INFO,,Inventory reservation confirmed. Initiating payment for order 51103...,a2996d5cc2b7058b
2026-08-17 17:30:00,payment-service,INFO,,Authorizing payment via credit card for amount: $45.99. Order 51103,a2996d5cc2b7058b
2026-08-17 17:30:00,payment-service,INFO,,Payment transaction successful. AuthCode: stripe_ch_627c69ea,a2996d5cc2b7058b
2026-08-17 17:30:00,order-service,INFO,,Payment successful. Confirming order status to PLACED. Order 51103,a2996d5cc2b7058b
2026-08-17 17:30:00,gateway-service,INFO,,Inbound Request POST /api/v1/orders/checkout completed with 201 Created. Trace ID: a2996d5cc2b7058b,a2996d5cc2b7058b
2026-08-17 17:35:00,order-service,WARN,,"HikariPool-1 - Connection pool status: Active=5, Idle=0, Pending=18, MaxAllowed=5. Thread starvation warning.",
2026-08-17 17:35:00,order-service,ERROR,ERR-DB-POOL-TIMEOUT,"SQLTransientConnectionException: HikariPool-1 - Connection is not available, request timed out after 5000ms. Trace ID: 67e77fb3eee5b0d8",67e77fb3eee5b0d8
2026-08-17 17:35:00,gateway-service,ERROR,ERR-GATEWAY-TIMEOUT,Bad Gateway (504): order-service failed to respond in time. Trace ID: 67e77fb3eee5b0d8,67e77fb3eee5b0d8
2026-08-17 17:40:00,order-service,WARN,,"HikariPool-1 - Connection pool status: Active=5, Idle=0, Pending=18, MaxAllowed=5. Thread starvation warning.",
2026-08-17 17:40:00,order-service,ERROR,ERR-DB-POOL-TIMEOUT,"SQLTransientConnectionException: HikariPool-1 - Connection is not available, request timed out after 5000ms. Trace ID: bae24550cc957312",bae24550cc957312
2026-08-17 17:40:00,gateway-service,ERROR,ERR-GATEWAY-TIMEOUT,Bad Gateway (504): order-service failed to respond in time. Trace ID: bae24550cc957312,bae24550cc957312
2026-08-17 17:40:00,gateway-service,INFO,,"Inbound Request: POST /api/v1/orders/checkout, User: 20592",0ba624c9cdfbe721
2026-08-17 17:40:00,auth-service,INFO,,Token validation successful for user 20592,0ba624c9cdfbe721
2026-08-17 17:40:00,order-service,INFO,,Creating order 57067 for user 20592. Checking inventory...,0ba624c9cdfbe721
2026-08-17 17:40:00,inventory-service,INFO,,Stock check: Item available in warehouse. Reserving stock.,0ba624c9cdfbe721
2026-08-17 17:40:00,order-service,INFO,,Inventory reservation confirmed. Initiating payment for order 57067...,0ba624c9cdfbe721
2026-08-17 17:40:00,payment-service,INFO,,Authorizing payment via credit card for amount: $45.99. Order 57067,0ba624c9cdfbe721
2026-08-17 17:40:00,payment-service,INFO,,Payment transaction successful. AuthCode: stripe_ch_c311bdea,0ba624c9cdfbe721
2026-08-17 17:40:00,order-service,INFO,,Payment successful. Confirming order status to PLACED. Order 57067,0ba624c9cdfbe721
2026-08-17 17:40:00,gateway-service,INFO,,Inbound Request POST /api/v1/orders/checkout completed with 201 Created. Trace ID: 0ba624c9cdfbe721,0ba624c9cdfbe721
2026-08-17 17:45:00,order-service,WARN,,"HikariPool-1 - Connection pool status: Active=5, Idle=0, Pending=18, MaxAllowed=5. Thread starvation warning.",
2026-08-17 17:45:00,order-service,ERROR,ERR-DB-POOL-TIMEOUT,"SQLTransientConnectionException: HikariPool-1 - Connection is not available, request timed out after 5000ms. Trace ID: b62958e809bd5d64",b62958e809bd5d64
2026-08-17 17:45:00,gateway-service,ERROR,ERR-GATEWAY-TIMEOUT,Bad Gateway (504): order-service failed to respond in time. Trace ID: b62958e809bd5d64,b62958e809bd5d64
2026-08-17 17:50:00,order-service,WARN,,"HikariPool-1 - Connection pool status: Active=5, Idle=0, Pending=18, MaxAllowed=5. Thread starvation warning.",
2026-08-17 17:50:00,order-service,ERROR,ERR-DB-POOL-TIMEOUT,"SQLTransientConnectionException: HikariPool-1 - Connection is not available, request timed out after 5000ms. Trace ID: 04bb426ba9872ff5",04bb426ba9872ff5
2026-08-17 17:50:00,gateway-service,ERROR,ERR-GATEWAY-TIMEOUT,Bad Gateway (504): order-service failed to respond in time. Trace ID: 04bb426ba9872ff5,04bb426ba9872ff5
2026-08-17 17:55:00,order-service,WARN,,"HikariPool-1 - Connection pool status: Active=5, Idle=0, Pending=18, MaxAllowed=5. Thread starvation warning.",
2026-08-17 17:55:00,order-service,ERROR,ERR-DB-POOL-TIMEOUT,"SQLTransientConnectionException: HikariPool-1 - Connection is not available, request timed out after 5000ms. Trace ID: 5a2027891d00bed6",5a2027891d00bed6
2026-08-17 17:55:00,gateway-service,ERROR,ERR-GATEWAY-TIMEOUT,Bad Gateway (504): order-service failed to respond in time. Trace ID: 5a2027891d00bed6,5a2027891d00bed6
2026-08-17 18:00:00,order-service,WARN,,"HikariPool-1 - Connection pool status: Active=5, Idle=0, Pending=18, MaxAllowed=5. Thread starvation warning.",
2026-08-17 18:00:00,order-service,ERROR,ERR-DB-POOL-TIMEOUT,"SQLTransientConnectionException: HikariPool-1 - Connection is not available, request timed out after 5000ms. Trace ID: a997c01b139e57f8",a997c01b139e57f8
2026-08-17 18:00:00,gateway-service,ERROR,ERR-GATEWAY-TIMEOUT,Bad Gateway (504): order-service failed to respond in time. Trace ID: a997c01b139e57f8,a997c01b139e57f8
2026-08-17 18:00:00,gateway-service,INFO,,Gateway routing configurations successfully reloaded. Active routes: /api/v1/*,
2026-08-17 18:00:00,auth-service,INFO,,Session cleaner worker run completed. Cleaned 0 expired tokens.,
2026-08-17 18:00:00,order-service,INFO,,Heartbeat check: Database is reachable. Active connections: 5.,
2026-08-17 18:00:00,inventory-service,INFO,,Stock sync worker ran successfully. 0 items update required.,
2026-08-17 18:00:00,payment-service,INFO,,Gateway healthcheck: stripe connectivity OK.,
2026-08-17 18:05:00,order-service,WARN,,"HikariPool-1 - Connection pool status: Active=5, Idle=0, Pending=18, MaxAllowed=5. Thread starvation warning.",
2026-08-17 18:05:00,order-service,ERROR,ERR-DB-POOL-TIMEOUT,"SQLTransientConnectionException: HikariPool-1 - Connection is not available, request timed out after 5000ms. Trace ID: b26ae34612cbaab4",b26ae34612cbaab4
2026-08-17 18:05:00,gateway-service,ERROR,ERR-GATEWAY-TIMEOUT,Bad Gateway (504): order-service failed to respond in time. Trace ID: b26ae34612cbaab4,b26ae34612cbaab4
2026-08-17 18:10:00,order-service,WARN,,"HikariPool-1 - Connection pool status: Active=5, Idle=0, Pending=18, MaxAllowed=5. Thread starvation warning.",
2026-08-17 18:10:00,order-service,ERROR,ERR-DB-POOL-TIMEOUT,"SQLTransientConnectionException: HikariPool-1 - Connection is not available, request timed out after 5000ms. Trace ID: d9d80f4f8df4655b",d9d80f4f8df4655b
2026-08-17 18:10:00,gateway-service,ERROR,ERR-GATEWAY-TIMEOUT,Bad Gateway (504): order-service failed to respond in time. Trace ID: d9d80f4f8df4655b,d9d80f4f8df4655b
2026-08-17 18:15:00,order-service,WARN,,"HikariPool-1 - Connection pool status: Active=5, Idle=0, Pending=18, MaxAllowed=5. Thread starvation warning.",
2026-08-17 18:15:00,order-service,ERROR,ERR-DB-POOL-TIMEOUT,"SQLTransientConnectionException: HikariPool-1 - Connection is not available, request timed out after 5000ms. Trace ID: c5e98226c4bb7f7e",c5e98226c4bb7f7e
2026-08-17 18:15:00,gateway-service,ERROR,ERR-GATEWAY-TIMEOUT,Bad Gateway (504): order-service failed to respond in time. Trace ID: c5e98226c4bb7f7e,c5e98226c4bb7f7e
2026-08-17 18:20:00,order-service,WARN,,"HikariPool-1 - Connection pool status: Active=5, Idle=0, Pending=18, MaxAllowed=5. Thread starvation warning.",
2026-08-17 18:20:00,order-service,ERROR,ERR-DB-POOL-TIMEOUT,"SQLTransientConnectionException: HikariPool-1 - Connection is not available, request timed out after 5000ms. Trace ID: 2aadda1064ceff4c",2aadda1064ceff4c
2026-08-17 18:20:00,gateway-service,ERROR,ERR-GATEWAY-TIMEOUT,Bad Gateway (504): order-service failed to respond in time. Trace ID: 2aadda1064ceff4c,2aadda1064ceff4c
2026-08-17 18:25:00,order-service,WARN,,"HikariPool-1 - Connection pool status: Active=5, Idle=0, Pending=18, MaxAllowed=5. Thread starvation warning.",
2026-08-17 18:25:00,order-service,ERROR,ERR-DB-POOL-TIMEOUT,"SQLTransientConnectionException: HikariPool-1 - Connection is not available, request timed out after 5000ms. Trace ID: 096e512e8a363481",096e512e8a363481
2026-08-17 18:25:00,gateway-service,ERROR,ERR-GATEWAY-TIMEOUT,Bad Gateway (504): order-service failed to respond in time. Trace ID: 096e512e8a363481,096e512e8a363481
2026-08-17 18:30:00,order-service,WARN,,"HikariPool-1 - Connection pool status: Active=5, Idle=0, Pending=18, MaxAllowed=5. Thread starvation warning.",
2026-08-17 18:30:00,order-service,ERROR,ERR-DB-POOL-TIMEOUT,"SQLTransientConnectionException: HikariPool-1 - Connection is not available, request timed out after 5000ms. Trace ID: 8622297b51adcf12",8622297b51adcf12
2026-08-17 18:30:00,gateway-service,ERROR,ERR-GATEWAY-TIMEOUT,Bad Gateway (504): order-service failed to respond in time. Trace ID: 8622297b51adcf12,8622297b51adcf12
2026-08-17 18:35:00,order-service,WARN,,"HikariPool-1 - Connection pool status: Active=5, Idle=0, Pending=18, MaxAllowed=5. Thread starvation warning.",
2026-08-17 18:35:00,order-service,ERROR,ERR-DB-POOL-TIMEOUT,"SQLTransientConnectionException: HikariPool-1 - Connection is not available, request timed out after 5000ms. Trace ID: f3dec571ed0f8b94",f3dec571ed0f8b94
2026-08-17 18:35:00,gateway-service,ERROR,ERR-GATEWAY-TIMEOUT,Bad Gateway (504): order-service failed to respond in time. Trace ID: f3dec571ed0f8b94,f3dec571ed0f8b94
2026-08-17 18:40:00,order-service,WARN,,"HikariPool-1 - Connection pool status: Active=5, Idle=0, Pending=18, MaxAllowed=5. Thread starvation warning.",
2026-08-17 18:40:00,order-service,ERROR,ERR-DB-POOL-TIMEOUT,"SQLTransientConnectionException: HikariPool-1 - Connection is not available, request timed out after 5000ms. Trace ID: c6b1a4aeefdb72de",c6b1a4aeefdb72de
2026-08-17 18:40:00,gateway-service,ERROR,ERR-GATEWAY-TIMEOUT,Bad Gateway (504): order-service failed to respond in time. Trace ID: c6b1a4aeefdb72de,c6b1a4aeefdb72de
2026-08-17 18:45:00,order-service,WARN,,"HikariPool-1 - Connection pool status: Active=5, Idle=0, Pending=18, MaxAllowed=5. Thread starvation warning.",
2026-08-17 18:45:00,order-service,ERROR,ERR-DB-POOL-TIMEOUT,"SQLTransientConnectionException: HikariPool-1 - Connection is not available, request timed out after 5000ms. Trace ID: 99d75323fd37400a",99d75323fd37400a
2026-08-17 18:45:00,gateway-service,ERROR,ERR-GATEWAY-TIMEOUT,Bad Gateway (504): order-service failed to respond in time. Trace ID: 99d75323fd37400a,99d75323fd37400a
2026-08-17 18:50:00,order-service,WARN,,"HikariPool-1 - Connection pool status: Active=5, Idle=0, Pending=18, MaxAllowed=5. Thread starvation warning.",
2026-08-17 18:50:00,order-service,ERROR,ERR-DB-POOL-TIMEOUT,"SQLTransientConnectionException: HikariPool-1 - Connection is not available, request timed out after 5000ms. Trace ID: 3052ddcdba94bbe3",3052ddcdba94bbe3
2026-08-17 18:50:00,gateway-service,ERROR,ERR-GATEWAY-TIMEOUT,Bad Gateway (504): order-service failed to respond in time. Trace ID: 3052ddcdba94bbe3,3052ddcdba94bbe3
2026-08-17 18:55:00,order-service,WARN,,"HikariPool-1 - Connection pool status: Active=5, Idle=0, Pending=18, MaxAllowed=5. Thread starvation warning.",
2026-08-17 18:55:00,order-service,ERROR,ERR-DB-POOL-TIMEOUT,"SQLTransientConnectionException: HikariPool-1 - Connection is not available, request timed out after 5000ms. Trace ID: e20fb58a6ac34b03",e20fb58a6ac34b03
2026-08-17 18:55:00,gateway-service,ERROR,ERR-GATEWAY-TIMEOUT,Bad Gateway (504): order-service failed to respond in time. Trace ID: e20fb58a6ac34b03,e20fb58a6ac34b03
2026-08-17 19:00:00,order-service,WARN,,"HikariPool-1 - Connection pool status: Active=5, Idle=0, Pending=18, MaxAllowed=5. Thread starvation warning.",
2026-08-17 19:00:00,order-service,ERROR,ERR-DB-POOL-TIMEOUT,"SQLTransientConnectionException: HikariPool-1 - Connection is not available, request timed out after 5000ms. Trace ID: b74b7f615afa741d",b74b7f615afa741d
2026-08-17 19:00:00,gateway-service,ERROR,ERR-GATEWAY-TIMEOUT,Bad Gateway (504): order-service failed to respond in time. Trace ID: b74b7f615afa741d,b74b7f615afa741d
2026-08-17 19:00:00,gateway-service,INFO,,Gateway routing configurations successfully reloaded. Active routes: /api/v1/*,
2026-08-17 19:00:00,auth-service,INFO,,Session cleaner worker run completed. Cleaned 0 expired tokens.,
2026-08-17 19:00:00,order-service,INFO,,Heartbeat check: Database is reachable. Active connections: 5.,
2026-08-17 19:00:00,inventory-service,INFO,,Stock sync worker ran successfully. 0 items update required.,
2026-08-17 19:00:00,payment-service,INFO,,Gateway healthcheck: stripe connectivity OK.,
2026-08-17 19:05:00,order-service,WARN,,"HikariPool-1 - Connection pool status: Active=5, Idle=0, Pending=18, MaxAllowed=5. Thread starvation warning.",
2026-08-17 19:05:00,order-service,ERROR,ERR-DB-POOL-TIMEOUT,"SQLTransientConnectionException: HikariPool-1 - Connection is not available, request timed out after 5000ms. Trace ID: 1c97d3eef12f50e6",1c97d3eef12f50e6
2026-08-17 19:05:00,gateway-service,ERROR,ERR-GATEWAY-TIMEOUT,Bad Gateway (504): order-service failed to respond in time. Trace ID: 1c97d3eef12f50e6,1c97d3eef12f50e6
2026-08-17 19:10:00,order-service,WARN,,"HikariPool-1 - Connection pool status: Active=5, Idle=0, Pending=18, MaxAllowed=5. Thread starvation warning.",
2026-08-17 19:10:00,order-service,ERROR,ERR-DB-POOL-TIMEOUT,"SQLTransientConnectionException: HikariPool-1 - Connection is not available, request timed out after 5000ms. Trace ID: 4aac0495335cca75",4aac0495335cca75
2026-08-17 19:10:00,gateway-service,ERROR,ERR-GATEWAY-TIMEOUT,Bad Gateway (504): order-service failed to respond in time. Trace ID: 4aac0495335cca75,4aac0495335cca75
2026-08-17 19:15:00,order-service,WARN,,"HikariPool-1 - Connection pool status: Active=5, Idle=0, Pending=18, MaxAllowed=5. Thread starvation warning.",
2026-08-17 19:15:00,order-service,ERROR,ERR-DB-POOL-TIMEOUT,"SQLTransientConnectionException: HikariPool-1 - Connection is not available, request timed out after 5000ms. Trace ID: f671752c7192c334",f671752c7192c334
2026-08-17 19:15:00,gateway-service,ERROR,ERR-GATEWAY-TIMEOUT,Bad Gateway (504): order-service failed to respond in time. Trace ID: f671752c7192c334,f671752c7192c334
2026-08-17 19:20:00,order-service,WARN,,"HikariPool-1 - Connection pool status: Active=5, Idle=0, Pending=18, MaxAllowed=5. Thread starvation warning.",
2026-08-17 19:20:00,order-service,ERROR,ERR-DB-POOL-TIMEOUT,"SQLTransientConnectionException: HikariPool-1 - Connection is not available, request timed out after 5000ms. Trace ID: c817ad6caa37056b",c817ad6caa37056b
2026-08-17 19:20:00,gateway-service,ERROR,ERR-GATEWAY-TIMEOUT,Bad Gateway (504): order-service failed to respond in time. Trace ID: c817ad6caa37056b,c817ad6caa37056b
2026-08-17 19:25:00,order-service,WARN,,"HikariPool-1 - Connection pool status: Active=5, Idle=0, Pending=18, MaxAllowed=5. Thread starvation warning.",
2026-08-17 19:25:00,order-service,ERROR,ERR-DB-POOL-TIMEOUT,"SQLTransientConnectionException: HikariPool-1 - Connection is not available, request timed out after 5000ms. Trace ID: 0df6bfc93215b40e",0df6bfc93215b40e
2026-08-17 19:25:00,gateway-service,ERROR,ERR-GATEWAY-TIMEOUT,Bad Gateway (504): order-service failed to respond in time. Trace ID: 0df6bfc93215b40e,0df6bfc93215b40e
2026-08-17 19:30:00,order-service,WARN,,"HikariPool-1 - Connection pool status: Active=5, Idle=0, Pending=18, MaxAllowed=5. Thread starvation warning.",
2026-08-17 19:30:00,order-service,ERROR,ERR-DB-POOL-TIMEOUT,"SQLTransientConnectionException: HikariPool-1 - Connection is not available, request timed out after 5000ms. Trace ID: 56afcd7793b374f9",56afcd7793b374f9
2026-08-17 19:30:00,gateway-service,ERROR,ERR-GATEWAY-TIMEOUT,Bad Gateway (504): order-service failed to respond in time. Trace ID: 56afcd7793b374f9,56afcd7793b374f9
2026-08-17 19:35:00,order-service,WARN,,"HikariPool-1 - Connection pool status: Active=5, Idle=0, Pending=18, MaxAllowed=5. Thread starvation warning.",
2026-08-17 19:35:00,order-service,ERROR,ERR-DB-POOL-TIMEOUT,"SQLTransientConnectionException: HikariPool-1 - Connection is not available, request timed out after 5000ms. Trace ID: f578d21123a5c9fa",f578d21123a5c9fa
2026-08-17 19:35:00,gateway-service,ERROR,ERR-GATEWAY-TIMEOUT,Bad Gateway (504): order-service failed to respond in time. Trace ID: f578d21123a5c9fa,f578d21123a5c9fa
2026-08-17 19:40:00,order-service,WARN,,"HikariPool-1 - Connection pool status: Active=5, Idle=0, Pending=18, MaxAllowed=5. Thread starvation warning.",
2026-08-17 19:40:00,order-service,ERROR,ERR-DB-POOL-TIMEOUT,"SQLTransientConnectionException: HikariPool-1 - Connection is not available, request timed out after 5000ms. Trace ID: a1a6c8b29dd811e0",a1a6c8b29dd811e0
2026-08-17 19:40:00,gateway-service,ERROR,ERR-GATEWAY-TIMEOUT,Bad Gateway (504): order-service failed to respond in time. Trace ID: a1a6c8b29dd811e0,a1a6c8b29dd811e0
2026-08-17 19:45:00,order-service,WARN,,"HikariPool-1 - Connection pool status: Active=5, Idle=0, Pending=18, MaxAllowed=5. Thread starvation warning.",
2026-08-17 19:45:00,order-service,ERROR,ERR-DB-POOL-TIMEOUT,"SQLTransientConnectionException: HikariPool-1 - Connection is not available, request timed out after 5000ms. Trace ID: 1fc58ddae4582f1f",1fc58ddae4582f1f
2026-08-17 19:45:00,gateway-service,ERROR,ERR-GATEWAY-TIMEOUT,Bad Gateway (504): order-service failed to respond in time. Trace ID: 1fc58ddae4582f1f,1fc58ddae4582f1f
2026-08-17 19:50:00,order-service,WARN,,"HikariPool-1 - Connection pool status: Active=5, Idle=0, Pending=18, MaxAllowed=5. Thread starvation warning.",
2026-08-17 19:50:00,order-service,ERROR,ERR-DB-POOL-TIMEOUT,"SQLTransientConnectionException: HikariPool-1 - Connection is not available, request timed out after 5000ms. Trace ID: 742df8091c87b309",742df8091c87b309
2026-08-17 19:50:00,gateway-service,ERROR,ERR-GATEWAY-TIMEOUT,Bad Gateway (504): order-service failed to respond in time. Trace ID: 742df8091c87b309,742df8091c87b309
2026-08-17 19:55:00,order-service,WARN,,"HikariPool-1 - Connection pool status: Active=5, Idle=0, Pending=18, MaxAllowed=5. Thread starvation warning.",
2026-08-17 19:55:00,order-service,ERROR,ERR-DB-POOL-TIMEOUT,"SQLTransientConnectionException: HikariPool-1 - Connection is not available, request timed out after 5000ms. Trace ID: 705e0ed93b7a802a",705e0ed93b7a802a
2026-08-17 19:55:00,gateway-service,ERROR,ERR-GATEWAY-TIMEOUT,Bad Gateway (504): order-service failed to respond in time. Trace ID: 705e0ed93b7a802a,705e0ed93b7a802a
2026-08-17 20:00:00,gateway-service,INFO,,Gateway routing configurations successfully reloaded. Active routes: /api/v1/*,
2026-08-17 20:00:00,auth-service,INFO,,Session cleaner worker run completed. Cleaned 0 expired tokens.,
2026-08-17 20:00:00,order-service,INFO,,Heartbeat check: Database is reachable. Active connections: 10.,
2026-08-17 20:00:00,inventory-service,INFO,,Stock sync worker ran successfully. 0 items update required.,
2026-08-17 20:00:00,payment-service,INFO,,Gateway healthcheck: stripe connectivity OK.,
2026-08-17 21:00:00,gateway-service,INFO,,Gateway routing configurations successfully reloaded. Active routes: /api/v1/*,
2026-08-17 21:00:00,auth-service,INFO,,Session cleaner worker run completed. Cleaned 0 expired tokens.,
2026-08-17 21:00:00,order-service,INFO,,Heartbeat check: Database is reachable. Active connections: 9.,
2026-08-17 21:00:00,inventory-service,INFO,,Stock sync worker ran successfully. 0 items update required.,
2026-08-17 21:00:00,payment-service,INFO,,Gateway healthcheck: stripe connectivity OK.,
2026-08-17 22:00:00,gateway-service,INFO,,Gateway routing configurations successfully reloaded. Active routes: /api/v1/*,
2026-08-17 22:00:00,auth-service,INFO,,Session cleaner worker run completed. Cleaned 0 expired tokens.,
2026-08-17 22:00:00,order-service,INFO,,Heartbeat check: Database is reachable. Active connections: 7.,
2026-08-17 22:00:00,inventory-service,INFO,,Stock sync worker ran successfully. 0 items update required.,
2026-08-17 22:00:00,payment-service,INFO,,Gateway healthcheck: stripe connectivity OK.,
2026-08-17 22:20:00,gateway-service,INFO,,"Inbound Request: POST /api/v1/orders/checkout, User: 25588",3e3b0838cb10b6ba
2026-08-17 22:20:00,auth-service,INFO,,Token validation successful for user 25588,3e3b0838cb10b6ba
2026-08-17 22:20:00,order-service,INFO,,Creating order 56688 for user 25588. Checking inventory...,3e3b0838cb10b6ba
2026-08-17 22:20:00,inventory-service,INFO,,Stock check: Item available in warehouse. Reserving stock.,3e3b0838cb10b6ba
2026-08-17 22:20:00,order-service,INFO,,Inventory reservation confirmed. Initiating payment for order 56688...,3e3b0838cb10b6ba
2026-08-17 22:20:00,payment-service,INFO,,Authorizing payment via credit card for amount: $45.99. Order 56688,3e3b0838cb10b6ba
2026-08-17 22:20:00,payment-service,INFO,,Payment transaction successful. AuthCode: stripe_ch_d0e2de32,3e3b0838cb10b6ba
2026-08-17 22:20:00,order-service,INFO,,Payment successful. Confirming order status to PLACED. Order 56688,3e3b0838cb10b6ba
2026-08-17 22:20:00,gateway-service,INFO,,Inbound Request POST /api/v1/orders/checkout completed with 201 Created. Trace ID: 3e3b0838cb10b6ba,3e3b0838cb10b6ba
2026-08-17 23:00:00,gateway-service,INFO,,Gateway routing configurations successfully reloaded. Active routes: /api/v1/*,
2026-08-17 23:00:00,auth-service,INFO,,Session cleaner worker run completed. Cleaned 0 expired tokens.,
2026-08-17 23:00:00,order-service,INFO,,Heartbeat check: Database is reachable. Active connections: 5.,
2026-08-17 23:00:00,inventory-service,INFO,,Stock sync worker ran successfully. 0 items update required.,
2026-08-17 23:00:00,payment-service,INFO,,Gateway healthcheck: stripe connectivity OK.,
